Feature ID	Taxon	Confidence
#q2:types	categorical	categorical
fe11eae7da0d9f0834952fba7245e843	d__Bacteria; p__Firmicutes; c__Bacilli; o__Staphylococcales; f__Staphylococcaceae; g__Staphylococcus	0.9999945323862096
c54ca1447d55bea9815892dfc3398d4f	d__Bacteria; p__Actinobacteriota; c__Actinobacteria; o__Propionibacteriales; f__Propionibacteriaceae; g__Cutibacterium	0.9997979677220824
4db520c2ffa69c6a6bc6ee319f3af1e4	d__Bacteria; p__Actinobacteriota; c__Actinobacteria; o__Corynebacteriales; f__Corynebacteriaceae; g__Corynebacterium; s__Corynebacterium_tuberculostearicum	0.7744434992739718
1b40c03f1d9872bc63ea7ab84f0a1610	d__Bacteria; p__Firmicutes; c__Bacilli; o__Lactobacillales; f__Streptococcaceae; g__Streptococcus	0.9998711615327571
3a90affc0355abd5d3b5944599743b84	d__Bacteria; p__Firmicutes; c__Bacilli; o__Bacillales; f__Bacillaceae; g__Bacillus	0.9998873993384709
0192527d5e01d3cf67b6bbf58b16b30b	d__Bacteria; p__Firmicutes; c__Bacilli; o__Lactobacillales; f__Lactobacillaceae; g__Lactobacillus; s__Lactobacillus_fermentum	0.9588444497163123
67989d7b0d285ec8582973945cd607d1	d__Bacteria; p__Actinobacteriota; c__Actinobacteria; o__Propionibacteriales; f__Propionibacteriaceae; g__Cutibacterium	0.9999788766375468
17c6207bf44d4f3d9abc760e202a8c97	d__Bacteria; p__Firmicutes; c__Bacilli; o__Lactobacillales; f__Listeriaceae; g__Listeria	0.9999954392046547
e14948ee398846f89826da85b58837e6	d__Bacteria; p__Proteobacteria; c__Gammaproteobacteria; o__Pseudomonadales; f__Pseudomonadaceae; g__Pseudomonas	0.9425290524749825
ae95e9f6b26679e1c162a72396941966	d__Bacteria; p__Actinobacteriota; c__Actinobacteria; o__Micrococcales; f__Microbacteriaceae; g__Curtobacterium	0.7908814093448273
b058e4b8a4f424116e1d47d6a0b48291	d__Bacteria; p__Firmicutes; c__Bacilli; o__Lactobacillales; f__Streptococcaceae; g__Streptococcus	0.9999999360044018
4a4b6b05cb65ef2fe55dd2f250078870	d__Bacteria; p__Proteobacteria; c__Gammaproteobacteria; o__Enterobacterales; f__Enterobacteriaceae; g__Escherichia-Shigella	0.9909252926700463
ec1632e2d188c2e7ba5d0f48fdcc9111	Unassigned	0.3603370074324722
3d9d385d9fc04ecb62ec0de9b69613ae	d__Bacteria; p__Firmicutes; c__Bacilli; o__Lactobacillales; f__Enterococcaceae; g__Enterococcus	0.9967388993395743
912969a09ee36561ae2df72ed27fc02b	d__Bacteria; p__Proteobacteria; c__Gammaproteobacteria; o__Enterobacterales; f__Enterobacteriaceae	0.9618340347049803
e7e55047da547a1ed8c6ee3aaabb238a	d__Bacteria; p__Actinobacteriota; c__Actinobacteria; o__Micrococcales; f__Micrococcaceae; g__Micrococcus	0.9978637916850854
78aa47af03840ec513975f4731bb62c9	d__Bacteria; p__Actinobacteriota; c__Actinobacteria; o__Corynebacteriales; f__Corynebacteriaceae; g__Corynebacterium	0.9999999040094673
189f50823f506330b85b676da13636b6	d__Bacteria; p__Proteobacteria; c__Gammaproteobacteria; o__Burkholderiales; f__Burkholderiaceae; g__Ralstonia	0.9949502357471075
dc468ec4f0fa173455fa4dd57f89ab30	d__Bacteria; p__Proteobacteria; c__Gammaproteobacteria; o__Pseudomonadales; f__Pseudomonadaceae; g__Pseudomonas	0.9996209922150056
2ae801770cddd9e7011f25f18cf55caf	d__Bacteria; p__Firmicutes; c__Bacilli; o__Lactobacillales; f__Streptococcaceae; g__Lactococcus; s__Lactococcus_lactis	0.7923048077741403
c0de9ab0cc09cc9045deb7b1aace8dbb	d__Bacteria; p__Proteobacteria; c__Alphaproteobacteria; o__Sphingomonadales; f__Sphingomonadaceae; g__Sphingobium	0.9995712902288186
e0ea81ab1aa8805be31522ef31512663	d__Eukaryota; p__Basidiomycota; c__Malasseziomycetes; o__Malasseziales; f__Malasseziaceae; g__Malassezia; s__Malassezia_globosa	0.7247402459498429
da2dfa8d08cbb12aec9fccea8f24c6af	d__Bacteria; p__Proteobacteria; c__Gammaproteobacteria; o__Enterobacterales; f__Enterobacteriaceae	0.9709868261400637
64e9590fbe2c431b88bceb9c574b0a83	d__Eukaryota; p__Basidiomycota; c__Malasseziomycetes; o__Malasseziales; f__Malasseziaceae; g__Malassezia	0.9999999945679127
c6138f665f49d69e0969288e47dfb71c	d__Bacteria; p__Proteobacteria; c__Gammaproteobacteria; o__Pasteurellales; f__Pasteurellaceae; g__Haemophilus	0.9537654839778993
40194683ef5df7949af80a17af370e5f	d__Bacteria; p__Firmicutes; c__Bacilli; o__Lactobacillales; f__Streptococcaceae; g__Streptococcus	0.9999933375404334
f73749b59ec95b799a3bac143521c84e	d__Bacteria; p__Firmicutes; c__Bacilli; o__Lactobacillales; f__Streptococcaceae; g__Streptococcus	0.9999970891657478
d95e4e7b167d461ed13b2462450262d9	d__Bacteria; p__Firmicutes; c__Clostridia; o__Peptostreptococcales-Tissierellales; f__Peptostreptococcales-Tissierellales; g__Finegoldia	0.999999999989696
019925a337995c0223e4dc565e440a7c	d__Bacteria; p__Actinobacteriota; c__Actinobacteria; o__Corynebacteriales; f__Corynebacteriaceae; g__Corynebacterium	0.9978654000374919
ab132ba947e77dc428e0607a7d1f70f8	d__Bacteria; p__Actinobacteriota; c__Actinobacteria; o__Corynebacteriales; f__Corynebacteriaceae; g__Lawsonella; s__uncultured_bacterium	0.7477275207977357
b615c37d46e4a0fcc8b6ee5db8208977	d__Bacteria; p__Proteobacteria; c__Gammaproteobacteria; o__Burkholderiales; f__Neisseriaceae; g__Neisseria	0.9994313059409454
b1dea96d4bfec016d30faf25276c4598	d__Bacteria; p__Actinobacteriota; c__Actinobacteria; o__Corynebacteriales; f__Corynebacteriaceae; g__Corynebacterium; s__Corynebacterium_massiliense	0.9995633323215523
a2948711a6048c1c8f504a544951833d	d__Bacteria; p__Proteobacteria; c__Gammaproteobacteria; o__Pseudomonadales; f__Moraxellaceae; g__Enhydrobacter	0.809869411172928
0e45f74b885296b1b2cddda22c35a5cd	d__Bacteria; p__Cyanobacteria; c__Cyanobacteriia; o__Chloroplast; f__Chloroplast; g__Chloroplast	0.9999999999998739
f1cb44f394dd3cdfa1f4cfc6bff1a79a	d__Bacteria; p__Actinobacteriota; c__Actinobacteria; o__Corynebacteriales; f__Corynebacteriaceae; g__Corynebacterium	0.9999671458702647
6c7b0c8947faee9a7784d0917c4ba757	d__Bacteria; p__Proteobacteria; c__Gammaproteobacteria; o__Enterobacterales; f__Enterobacteriaceae	0.9249237806800872
a93f31533b0bab157bba5fd05655ccbc	d__Bacteria; p__Proteobacteria; c__Gammaproteobacteria; o__Pseudomonadales; f__Moraxellaceae; g__Acinetobacter	0.9999508239092921
8ac9adbc073a84552df17aa8fb9ac666	d__Bacteria; p__Actinobacteriota; c__Actinobacteria; o__Corynebacteriales; f__Corynebacteriaceae; g__Corynebacterium	0.999825842578786
7518f75ec833d8f71b7b99b44b41d8dc	d__Eukaryota; p__Ascomycota; c__Saccharomycetes; o__Saccharomycetales; f__Saccharomycetaceae; g__Saccharomyces; s__Saccharomyces_cerevisiae	0.8428506519564821
986d8f1d2738089f26a94b9b541f9a09	d__Bacteria; p__Proteobacteria; c__Alphaproteobacteria; o__Sphingomonadales; f__Sphingomonadaceae; g__Sphingomonas	0.9798369707135044
1ef9058f42127482bbc1aaa0461e1034	d__Bacteria; p__Bacteroidota; c__Bacteroidia; o__Bacteroidales; f__Porphyromonadaceae; g__Porphyromonas	0.9999999949057925
b790c29efc61a45903ef519b15366bf0	d__Bacteria; p__Actinobacteriota; c__Actinobacteria; o__Corynebacteriales; f__Corynebacteriaceae; g__Corynebacterium	0.9815524658735957
3cffc9bd0bc67b665c338cd39dafe6ce	d__Bacteria; p__Firmicutes; c__Clostridia; o__Peptostreptococcales-Tissierellales; f__Peptostreptococcales-Tissierellales; g__Anaerococcus	0.9999999999998005
591fcc810b831a73af0e82cc4455ff11	d__Bacteria; p__Actinobacteriota; c__Actinobacteria; o__Corynebacteriales; f__Corynebacteriaceae; g__Corynebacterium; s__Corynebacterium_matruchotii	0.9693737965451373
3078d735a8fce1c0d7229a812cf0e511	d__Bacteria; p__Proteobacteria; c__Gammaproteobacteria; o__Burkholderiales; f__Neisseriaceae; g__uncultured; s__uncultured_bacterium	0.9999940394656908
d537fc5dbd59a516d70c6447a5c8b6ca	d__Bacteria; p__Firmicutes; c__Bacilli; o__Staphylococcales; f__Staphylococcaceae; g__Staphylococcus	0.9999465655202407
a2bd9aa95f5b44284f51013e5a9e71ae	d__Bacteria; p__Proteobacteria; c__Alphaproteobacteria; o__Rhizobiales; f__Rhizobiaceae; g__Phyllobacterium	0.9893202876253621
01242a9962ad20dc2699d51920f77024	d__Bacteria; p__Actinobacteriota; c__Actinobacteria; o__Corynebacteriales; f__Corynebacteriaceae; g__Corynebacterium; s__Corynebacterium_genitalium	0.7057214298049489
85c2afd46b9f74d97804d067d23a1bf8	d__Bacteria; p__Cyanobacteria; c__Cyanobacteriia; o__Chloroplast; f__Chloroplast; g__Chloroplast; s__Cinnamomum_camphora	0.9332166332545083
99bdb2bb9794c89e4f9ea23b5724082b	d__Bacteria; p__Proteobacteria; c__Alphaproteobacteria; o__Rhizobiales; f__Rhizobiaceae; g__Allorhizobium-Neorhizobium-Pararhizobium-Rhizobium	0.9993929848879441
87e30d306096121b00e7862a86317395	d__Bacteria; p__Actinobacteriota; c__Actinobacteria; o__Corynebacteriales; f__Corynebacteriaceae; g__Corynebacterium; s__Corynebacterium_imitans	0.8911260452821926
f7a94a958c7c0d0ad34298be75e25290	d__Bacteria; p__Cyanobacteria; c__Cyanobacteriia; o__Chloroplast; f__Chloroplast; g__Chloroplast	0.9999999999997633
da83eed7e3226d268b4ce2f3fe2bc2fc	d__Bacteria; p__Firmicutes; c__Bacilli; o__Lactobacillales; f__Lactobacillaceae; g__Lactobacillus; s__Lactobacillus_iners	0.9994243326898575
52b9007f162f1d8a537b72b35aa30991	d__Bacteria; p__Cyanobacteria; c__Cyanobacteriia; o__Chloroplast; f__Chloroplast; g__Chloroplast	0.999999999999531
29cb95560c4c567afba5a0ecacb6d381	d__Bacteria; p__Bacteroidota; c__Bacteroidia; o__Bacteroidales; f__Prevotellaceae; g__Prevotella; s__Prevotella_shahii	0.9016520153445878
c3a344d85870f2af44e13e3c2ccbad60	d__Bacteria; p__Actinobacteriota; c__Actinobacteria; o__Micrococcales; f__Micrococcaceae; g__Kocuria; s__Kocuria_palustris	0.7865404546854197
db58cf83a220d381c0d61f526df07703	d__Bacteria; p__Proteobacteria; c__Gammaproteobacteria; o__Burkholderiales; f__Neisseriaceae; g__Neisseria	0.9999393869650302
608079ae216cba6015a4ef0f1a7ac5bf	d__Bacteria; p__Firmicutes; c__Bacilli; o__Lactobacillales; f__Streptococcaceae; g__Streptococcus	0.9999985564162156
c96ea58e6f85313afb50eec4018dde4b	d__Bacteria; p__Firmicutes; c__Bacilli; o__Staphylococcales; f__Gemellaceae; g__Gemella	0.9999995073310665
cbb98746d5a88b839e194ae06e1c4084	d__Eukaryota; p__Ascomycota; c__Dothideomycetes; o__Capnodiales; f__Cladosporiaceae; g__Cladosporium	0.9717154581526211
c89df297cea88ed0989b4515ad985ded	d__Bacteria; p__Firmicutes; c__Bacilli; o__Staphylococcales; f__Staphylococcaceae; g__Staphylococcus	0.999958122829369
dd95ad21e8ab9d29b92a14eb26a6356c	d__Eukaryota; p__Ascomycota; c__Dothideomycetes; o__Pleosporales; f__Leptosphaeriaceae; g__Neophaeosphaeria; s__uncultured_fungus	0.774081389820459
0d147d82d4e33c00d891149c8dc2ce2e	d__Bacteria; p__Firmicutes; c__Negativicutes; o__Veillonellales-Selenomonadales; f__Veillonellaceae; g__Veillonella	0.9999999831932723
fab7d56f06c09a961dca9e44c9c5f159	d__Bacteria; p__Actinobacteriota; c__Actinobacteria; o__Actinomycetales; f__Actinomycetaceae; g__Actinomyces	0.9999999996279909
d3d07cf6c05f010a4a82fef1ce5283c9	d__Bacteria; p__Proteobacteria; c__Gammaproteobacteria; o__Burkholderiales; f__Burkholderiaceae; g__Lautropia	0.9999995058129498
3b0120201d6959f5e760ed9b9dd29425	d__Bacteria; p__Firmicutes; c__Negativicutes; o__Veillonellales-Selenomonadales; f__Veillonellaceae; g__Veillonella	0.999999988919605
d4234359f2e56703c14bdd1e6c9200b8	d__Bacteria; p__Firmicutes; c__Clostridia; o__Peptostreptococcales-Tissierellales; f__Peptostreptococcales-Tissierellales; g__Anaerococcus	0.9999999999999178
c22283747c5d40d9609c207589d4b4a4	d__Bacteria; p__Firmicutes; c__Clostridia; o__Peptostreptococcales-Tissierellales; f__Peptostreptococcales-Tissierellales; g__Peptoniphilus	0.9999999999997422
b7ef102659f089915313097eca90e30c	d__Bacteria; p__Proteobacteria; c__Gammaproteobacteria; o__Burkholderiales; f__Alcaligenaceae; g__Achromobacter	0.7070806928738355
3a6ed518e864897d2116e21581aa15cd	d__Bacteria; p__Actinobacteriota; c__Actinobacteria; o__Propionibacteriales; f__Propionibacteriaceae; g__Cutibacterium	0.9768616837948486
79041373aff253b8865e2af0404af2ee	d__Bacteria; p__Firmicutes; c__Bacilli; o__Staphylococcales; f__Staphylococcaceae; g__Auricoccus-Abyssicoccus	0.7120189357129885
5cfd054644d3ba4ee630ddd1348f34df	d__Bacteria; p__Proteobacteria; c__Gammaproteobacteria; o__Enterobacterales; f__Enterobacteriaceae	0.951944893244241
f8be3b3ff18c06bcd851ca6f25301440	d__Bacteria; p__Firmicutes; c__Bacilli; o__Staphylococcales; f__Staphylococcaceae; g__Staphylococcus	0.9992496142767793
66ed1463ceb05f1c3072cd75932349b5	d__Bacteria; p__Firmicutes; c__Bacilli; o__Lactobacillales; f__Leuconostocaceae; g__Weissella; s__Weissella_jogaejeotgali	0.9898320502168337
605b80383e5d73bd182042babba73568	d__Bacteria; p__Proteobacteria; c__Gammaproteobacteria; o__Pseudomonadales; f__Pseudomonadaceae; g__Pseudomonas	0.9994985231260582
cec02da821be9c8842b5f65d81ad0948	d__Bacteria; p__Firmicutes; c__Bacilli; o__Lactobacillales; f__Carnobacteriaceae; g__Granulicatella	0.8166995005678775
a5690d7c7d72bbd930c18d0004ff00a0	d__Bacteria; p__Proteobacteria; c__Alphaproteobacteria; o__Sphingomonadales; f__Sphingomonadaceae; g__Sphingomonas	0.9098107715437799
4b290fd0f7f74cb56eac2c91de35a303	d__Bacteria; p__Firmicutes; c__Bacilli; o__Lactobacillales; f__Lactobacillaceae; g__Lactobacillus	0.9999999507634986
ac758824a1750958f6cc00d6ce93d6f9	d__Bacteria; p__Proteobacteria; c__Gammaproteobacteria; o__Pseudomonadales; f__Moraxellaceae; g__Acinetobacter; s__Acinetobacter_lwoffii	0.781111179236556
70e6c016d9dadf355d6b241d156d0f48	d__Bacteria; p__Actinobacteriota; c__Actinobacteria; o__Micrococcales; f__Dermacoccaceae; g__Dermacoccus	0.9355504345388892
da344f20b6a24f504059a0108d426c4e	d__Bacteria; p__Actinobacteriota; c__Actinobacteria; o__Corynebacteriales; f__Corynebacteriaceae; g__Corynebacterium	0.9965276991869535
392dc3d4c8345384eeae9e4220b43d37	d__Bacteria; p__Proteobacteria; c__Alphaproteobacteria; o__Rhodobacterales; f__Rhodobacteraceae; g__Paracoccus	0.9646856297735139
f169e6e2984b993923993d2444685b80	d__Bacteria; p__Actinobacteriota; c__Actinobacteria; o__Propionibacteriales; f__Propionibacteriaceae; g__Cutibacterium; s__Cutibacterium_granulosum	0.9930553910632319
b0a93daa1fca2bbedf4c66be23b0cd02	d__Bacteria; p__Proteobacteria; c__Gammaproteobacteria; o__Burkholderiales; f__Comamonadaceae; g__Aquabacterium	0.9788968696214755
af44b419d4285523fa135bf76d6458f1	d__Eukaryota; p__Ascomycota; c__Dothideomycetes; o__Pleosporales; f__Didymellaceae	0.7368959983093598
d6aa2b27b9484eef4f5bb61efbbcab79	d__Bacteria; p__Actinobacteriota; c__Actinobacteria; o__Actinomycetales; f__Actinomycetaceae; g__Actinomyces; s__Schaalia_odontolytica	0.859934386585677
4a49e1d410acdc01a65cf97f6a9f3a8a	d__Bacteria; p__Proteobacteria; c__Alphaproteobacteria; o__Rhodobacterales; f__Rhodobacteraceae; g__Paracoccus	0.9974358746858261
ff687f42a49f10fd5740a691ea536863	d__Bacteria; p__Bacteroidota; c__Bacteroidia; o__Bacteroidales; f__Porphyromonadaceae; g__Porphyromonas; s__Porphyromonas_bennonis	0.980497563485161
5a2427d448ed6f05e6c26c5824e0605c	d__Bacteria; p__Bacteroidota; c__Bacteroidia; o__Sphingobacteriales; f__Sphingobacteriaceae; g__Sphingobacterium; s__Sphingobacterium_composti	0.8556654703507608
b022b6980aaf706006085c5419391431	d__Bacteria; p__Proteobacteria; c__Alphaproteobacteria; o__Rhizobiales; f__Beijerinckiaceae; g__Methylobacterium-Methylorubrum	0.9999999044647108
90f4743d6c3b1c8aaf903aa7a842f5b4	d__Bacteria; p__Actinobacteriota; c__Actinobacteria; o__Corynebacteriales; f__Corynebacteriaceae; g__Corynebacterium; s__Corynebacterium_jeikeium	0.7843285365079863
23dad11f016b25622c5c664b650fc0f5	d__Eukaryota; p__Basidiomycota; c__Tremellomycetes; o__Tremellales; f__Cryptococcaceae; g__Cryptococcus	0.9999999999970771
85d83ceb8dda82dfefe5f368a0b94e89	d__Bacteria; p__Firmicutes; c__Bacilli; o__Lactobacillales; f__Streptococcaceae; g__Streptococcus	0.9999283857087916
98b90ec816bb588b3cf20febdce243dd	d__Bacteria; p__Proteobacteria; c__Alphaproteobacteria; o__Caulobacterales; f__Caulobacteraceae; g__Brevundimonas	0.9999340452452099
d115ed7a11de6f258ef2062f09d5e585	d__Eukaryota; p__Vertebrata; c__Mammalia; o__Mammalia; f__Mammalia; g__Mammalia	0.999999864816535
a85741536c22a2f5ba3ab6517e5e7253	d__Eukaryota; p__Ascomycota; c__Dothideomycetes; o__Pleosporales; f__Pleosporaceae; g__Alternaria	0.7375805932776546
945b84fc54bf29fa312e535a7042f42d	d__Bacteria; p__Proteobacteria; c__Gammaproteobacteria; o__Pasteurellales; f__Pasteurellaceae; g__Haemophilus	0.9872381778074286
3a07f448668de423df290142d04614c8	d__Bacteria; p__Cyanobacteria; c__Cyanobacteriia; o__Chloroplast; f__Chloroplast; g__Chloroplast	0.9999999999999433
bf63cf10aa91d1f44c97405f55d3ba33	d__Bacteria; p__Firmicutes; c__Bacilli; o__Lactobacillales; f__Lactobacillaceae; g__Lactobacillus; s__Lactobacillus_jensenii	0.9904604611982494
b3d236862cff5d519b30d8ce9813cf58	d__Bacteria; p__Actinobacteriota; c__Actinobacteria; o__Propionibacteriales; f__Propionibacteriaceae; g__Cutibacterium	0.9997984130558814
9bd10efd493c908af354eb331695be0d	d__Bacteria; p__Firmicutes; c__Bacilli; o__Staphylococcales; f__Staphylococcaceae; g__Staphylococcus	0.9992509707200085
481e095f7476954c114c7712ff96d371	d__Bacteria; p__Proteobacteria; c__Gammaproteobacteria; o__Burkholderiales; f__Comamonadaceae; g__Variovorax	0.8944373046751734
3f315c242b4c2cc3077fb37dc33fdb8e	d__Bacteria; p__Actinobacteriota; c__Actinobacteria; o__Bifidobacteriales; f__Bifidobacteriaceae; g__Gardnerella	0.9999921140381455
24ee28493fff3f1020919e142c66a306	d__Bacteria; p__Proteobacteria; c__Gammaproteobacteria; o__Pseudomonadales; f__Moraxellaceae; g__Acinetobacter	0.9999766703441438
47b6c2be84efb2522ee972f215af34a4	d__Bacteria; p__Cyanobacteria; c__Cyanobacteriia; o__Chloroplast; f__Chloroplast; g__Chloroplast	0.9999999999998691
63c9e2c0aea6d8667fd7f94c9bf3d1e2	d__Eukaryota; p__Basidiomycota; c__Malasseziomycetes; o__Malasseziales; f__Malasseziaceae; g__Malassezia; s__Malassezia_sympodialis	0.9999004756171807
c3bbd2ab86ea92ba9d0980a79051e563	d__Bacteria; p__Firmicutes; c__Clostridia; o__Peptostreptococcales-Tissierellales; f__Peptostreptococcales-Tissierellales; g__Anaerococcus; s__Anaerococcus_octavius	0.8627642078470646
54cd12d293682d1070ce039c15a0029f	d__Eukaryota; p__Basidiomycota; c__Malasseziomycetes; o__Malasseziales; f__Malasseziaceae; g__Malassezia; s__uncultured_Basidiomycota	0.78281240001947
16e3d2a49061387b6e0d82dd3a13c85f	d__Bacteria; p__Firmicutes; c__Bacilli; o__Lactobacillales; f__Aerococcaceae; g__Abiotrophia; s__uncultured_bacterium	0.9745862201864587
0b93d7afdd0d13e806beceb52dffe769	d__Bacteria; p__Fusobacteriota; c__Fusobacteriia; o__Fusobacteriales; f__Fusobacteriaceae; g__Fusobacterium	0.9999999999883122
19313770dd7896c7945b422bcb1a0831	d__Bacteria; p__Actinobacteriota; c__Actinobacteria; o__Corynebacteriales; f__Corynebacteriaceae; g__Corynebacterium	0.9996612868561301
149209d48d5aa5a2580633d952fcde5d	d__Bacteria; p__Firmicutes; c__Clostridia; o__Peptostreptococcales-Tissierellales; f__Peptostreptococcales-Tissierellales; g__Peptoniphilus	0.9999999999999271
0a15aa9714866df6f9d17c9069088345	d__Eukaryota; p__Ascomycota; c__Dothideomycetes; o__Capnodiales; f__Cladosporiaceae; g__Cladosporium	0.94510014583455
634f7562bd7e38e68e704f1f97f3a2a7	d__Bacteria; p__Proteobacteria; c__Gammaproteobacteria; o__Burkholderiales; f__Oxalobacteraceae; g__Massilia	0.9999795700950135
ed2483f13b55b2a913efbc1bb086213b	d__Bacteria; p__Bacteroidota; c__Bacteroidia; o__Bacteroidales; f__Prevotellaceae; g__Prevotella; s__Prevotella_melaninogenica	0.9965133173268773
5000905633735c7c23a036d79b5acf19	d__Bacteria; p__Fusobacteriota; c__Fusobacteriia; o__Fusobacteriales; f__Fusobacteriaceae; g__Fusobacterium	0.9999999999981362
56a8f3d615ce6c82593a2d25a4ba2878	d__Bacteria; p__Firmicutes; c__Negativicutes; o__Veillonellales-Selenomonadales; f__Veillonellaceae; g__Veillonella	0.9999999747767977
c8c9e1c8d52f17a318be9e48591d5147	d__Bacteria; p__Actinobacteriota; c__Actinobacteria; o__Corynebacteriales; f__Corynebacteriaceae; g__Corynebacterium	0.9957755515699782
8691f5fecb22e94039bbb14fe7558ae2	d__Bacteria; p__Proteobacteria; c__Gammaproteobacteria; o__Enterobacterales; f__Erwiniaceae; g__Pantoea	0.8441426066068365
f4c6bd2c64bb16d6e67497ec17f12043	d__Bacteria; p__Proteobacteria; c__Gammaproteobacteria; o__Xanthomonadales; f__Xanthomonadaceae; g__Stenotrophomonas; s__uncultured_organism	0.775142045202805
a0fc40b96ba83d11ee8e8b19ce2b2237	d__Bacteria; p__Proteobacteria; c__Gammaproteobacteria; o__Pseudomonadales; f__Moraxellaceae; g__Acinetobacter; s__Acinetobacter_ursingii	0.9544462966140816
f7ef291c0e70347c3970e095879603af	d__Bacteria; p__Actinobacteriota; c__Actinobacteria; o__Micrococcales; f__Dermacoccaceae; g__Dermacoccus	0.9774463844232042
d52e9fd3b225b97d92a06ea22cb809b7	d__Bacteria; p__Actinobacteriota; c__Coriobacteriia; o__Coriobacteriales; f__Atopobiaceae; g__Atopobium; s__Atopobium_vaginae	0.9679703851889979
e443517ba2873e36e0f7f7816cc5b41f	d__Bacteria; p__Proteobacteria; c__Alphaproteobacteria; o__Rhizobiales; f__Beijerinckiaceae; g__Methylobacterium-Methylorubrum	0.9967136929364155
501a017f93c3f36eaaf1e80cb937ad89	d__Bacteria; p__Proteobacteria; c__Gammaproteobacteria; o__Pseudomonadales; f__Pseudomonadaceae; g__Pseudomonas	0.9986090989037643
312539115a089e86fa55d81a5b7f469a	d__Bacteria; p__Actinobacteriota; c__Actinobacteria; o__Bifidobacteriales; f__Bifidobacteriaceae; g__Gardnerella; s__Gardnerella_vaginalis	0.7712247873829129
096e44df246f704348f2a1fd53a6da7d	d__Bacteria; p__Proteobacteria; c__Gammaproteobacteria; o__Enterobacterales; f__Morganellaceae; g__Buchnera	0.99999992540418
1843d613dd437a0b4f944e9e4f9617b9	d__Bacteria; p__Proteobacteria; c__Gammaproteobacteria; o__Burkholderiales; f__Burkholderiaceae; g__Burkholderia-Caballeronia-Paraburkholderia	0.9979809952761218
89f0218a144e5343b2c6409bfd6fe338	d__Bacteria; p__Bacteroidota; c__Bacteroidia; o__Flavobacteriales; f__Flavobacteriaceae; g__Capnocytophaga; s__Capnocytophaga_leadbetteri	0.8754630627584973
3fabe5baf0ed430941a9de28799b5eef	d__Bacteria; p__Bacteroidota; c__Bacteroidia; o__Bacteroidales; f__Prevotellaceae; g__Alloprevotella	0.9999999999990301
fbb9d945649bcb7b8c282d5875d678a4	d__Bacteria; p__Actinobacteriota; c__Actinobacteria; o__Corynebacteriales; f__Corynebacteriaceae; g__Corynebacterium; s__Corynebacterium_durum	0.9944000151068546
759fca66ada0e22159d34f2cb275cf6d	d__Bacteria; p__Proteobacteria; c__Alphaproteobacteria; o__Azospirillales; f__Azospirillaceae; g__Skermanella	0.9959301983927441
bb6f19eeb75e447fe4be1e3fa59499e7	d__Bacteria; p__Proteobacteria; c__Alphaproteobacteria; o__Sphingomonadales; f__Sphingomonadaceae; g__Sphingobium; s__Sphingobium_yanoikuyae	0.8372494507636098
66691034022344f530524b83b54f6e1a	d__Bacteria; p__Bacteroidota; c__Bacteroidia; o__Bacteroidales; f__Prevotellaceae; g__Prevotella	0.9998783601752613
b18e1a656c65095cdd9b405dd8663527	d__Bacteria; p__Bacteroidota; c__Bacteroidia; o__Bacteroidales; f__Prevotellaceae; g__Prevotella; s__Prevotella_nigrescens	0.9999994268947398
ce2ee91a1ad68b9229f09f59d3599b63	d__Bacteria; p__Actinobacteriota; c__Actinobacteria; o__Corynebacteriales; f__Corynebacteriaceae; g__Corynebacterium	0.9859840235194276
1ca4e399fa95ba68bf2b1836e62ce7ea	d__Bacteria; p__Proteobacteria; c__Gammaproteobacteria; o__Pseudomonadales; f__Pseudomonadaceae; g__Pseudomonas	0.9992124154337375
0d3667d81f4704cae692ec8c055ef80e	d__Bacteria; p__Firmicutes; c__Bacilli; o__Staphylococcales; f__Staphylococcaceae; g__Staphylococcus	0.9999970860562691
5699469980bcf9d1abcb66eaeb43fe8c	d__Bacteria; p__Actinobacteriota; c__Actinobacteria; o__Corynebacteriales; f__Corynebacteriaceae; g__Corynebacterium; s__Corynebacterium_lipophiloflavum	0.9349955461446178
ca0529acd083dccff5f0930214fc5a97	d__Bacteria; p__Bacteroidota; c__Bacteroidia; o__Flavobacteriales; f__Flavobacteriaceae; g__Capnocytophaga; s__Capnocytophaga_granulosa	0.9333929431872913
231b7e741c01ed6fbdb564698ba722d3	d__Bacteria; p__Proteobacteria; c__Alphaproteobacteria; o__Rickettsiales; f__Mitochondria; g__Mitochondria; s__Picea_glauca	0.9960627761002958
e7a14d1ee1cb34a59ddeb0e3577593c5	d__Bacteria; p__Cyanobacteria; c__Cyanobacteriia; o__Chloroplast; f__Chloroplast; g__Chloroplast	0.9999999999995862
b2397df92ad8a22c9a29f174b9f72d94	d__Bacteria; p__Proteobacteria; c__Gammaproteobacteria; o__Pseudomonadales; f__Moraxellaceae; g__Acinetobacter	0.998589085252753
8b6a93b86ec060c8f1d3313b3e2006ce	d__Eukaryota; p__Arthropoda; c__Insecta; o__Hymenoptera; f__Hymenoptera; g__Hymenoptera; s__Apis_mellifera	0.8660761735757175
761313aa2fbdfda21f037d4d84d1ad4a	d__Bacteria; p__Bacteroidota; c__Bacteroidia; o__Flavobacteriales; f__Flavobacteriaceae; g__Capnocytophaga; s__Capnocytophaga_sputigena	0.9658203981395806
dc80706e6c40d7bab0bc2679bdbc499b	d__Bacteria; p__Actinobacteriota; c__Actinobacteria; o__Corynebacteriales; f__Corynebacteriaceae; g__Corynebacterium	0.9860637755527143
6d896ab061c7b2ef542a5b42795ad918	d__Bacteria; p__Proteobacteria; c__Gammaproteobacteria; o__Xanthomonadales; f__Xanthomonadaceae; g__Xanthomonas	0.9986102297296423
85884cd35b4c663b24f0268b0931a309	d__Bacteria; p__Actinobacteriota; c__Actinobacteria; o__Frankiales; f__Geodermatophilaceae; g__Blastococcus; s__Blastococcus_aggregatus	0.7399898466488181
7dc04ab255c3f5aa3ad6803625d7d0aa	d__Bacteria; p__Proteobacteria; c__Gammaproteobacteria; o__Pseudomonadales; f__Moraxellaceae; g__Acinetobacter	0.9999999589557316
7f73a7a8e11503f8b97460f1b7d13979	d__Bacteria; p__Fusobacteriota; c__Fusobacteriia; o__Fusobacteriales; f__Fusobacteriaceae; g__Fusobacterium; s__Fusobacterium_periodonticum	0.8758986022298513
ffd8be75084eb9d38a057659e5100b1b	d__Bacteria; p__Actinobacteriota; c__Actinobacteria; o__Corynebacteriales; f__Corynebacteriaceae; g__Corynebacterium; s__Corynebacterium_glucuronolyticum	0.954919812159311
19d1304550e8855e9052df4f6924f37e	d__Bacteria; p__Firmicutes; c__Clostridia; o__Peptostreptococcales-Tissierellales; f__Peptostreptococcales-Tissierellales; g__Anaerococcus; s__uncultured_bacterium	0.8613904287547263
776d00eeb51279d3843f6d9329e422b1	d__Bacteria; p__Firmicutes; c__Clostridia; o__Peptostreptococcales-Tissierellales; f__Peptostreptococcales-Tissierellales; g__Fenollaria	0.9999999999889642
0dcc0e7423560b5312725b9d08e73e58	d__Bacteria; p__Actinobacteriota; c__Actinobacteria; o__Micrococcales; f__Micrococcaceae; g__Rothia	0.9999996883801902
0e2258eabd6158194de060ccbb1716f0	d__Bacteria; p__Firmicutes; c__Bacilli; o__Staphylococcales; f__Staphylococcaceae; g__Staphylococcus	0.9999299524275166
1e79cc5543a775c8d05f00553704867b	d__Bacteria; p__Bacteroidota; c__Bacteroidia; o__Flavobacteriales; f__Weeksellaceae; g__Chryseobacterium	0.999987526450981
d31502c9bf188d29130c7985d4e070c5	d__Bacteria; p__Proteobacteria; c__Gammaproteobacteria; o__Pseudomonadales; f__Pseudomonadaceae; g__Pseudomonas	0.9998968718813047
82693031e38e9d4cdb2de043746d1818	d__Bacteria; p__Proteobacteria; c__Gammaproteobacteria; o__Pasteurellales; f__Pasteurellaceae; g__Aggregatibacter; s__uncultured_bacterium	0.7610904973635069
271fdbc5add65c593352257855473ef1	d__Bacteria; p__Proteobacteria; c__Gammaproteobacteria; o__Xanthomonadales; f__Xanthomonadaceae; g__Stenotrophomonas	0.9999960698428382
210929b2c6da3008a6fe407c7dfd2b6f	d__Bacteria; p__Proteobacteria; c__Alphaproteobacteria; o__Sphingomonadales; f__Sphingomonadaceae; g__Sphingopyxis	0.9999957902592733
bd60795aa9580f797be59f65f2427aa0	d__Eukaryota; p__Arthropoda; c__Arachnida; o__Acari; f__Acari; g__Acari; s__Demodex_folliculorum	0.9999222415605108
56a175f430641cd1aa9ec5bccb155e74	d__Bacteria; p__Proteobacteria; c__Alphaproteobacteria; o__Sphingomonadales; f__Sphingomonadaceae; g__Sphingomonas	0.9950348863678565
f04c1695af01a018ebf5765d2530fce1	d__Bacteria; p__Cyanobacteria; c__Cyanobacteriia; o__Chloroplast; f__Chloroplast; g__Chloroplast	0.9999999999999248
c44ae955bc6e6d3653d853cb5273603e	d__Bacteria; p__Proteobacteria; c__Alphaproteobacteria; o__Acetobacterales; f__Acetobacteraceae; g__Roseomonas; s__Roseomonas_gilardii	0.9362223981218135
7505c80f51e8ab68a7124ab27a246c54	d__Bacteria; p__Proteobacteria; c__Gammaproteobacteria; o__Burkholderiales; f__Neisseriaceae; g__Neisseria	0.7198081496954841
a306ebfe6f2ea8b1034c721d235f8de3	d__Bacteria; p__Proteobacteria; c__Alphaproteobacteria; o__Rhizobiales; f__Beijerinckiaceae; g__Methylobacterium-Methylorubrum	0.9997119956677517
60ee09185f251cf594086f83b1cb9b46	d__Eukaryota; p__Basidiomycota; c__Malasseziomycetes; o__Malasseziales; f__Malasseziaceae; g__Malassezia; s__uncultured_fungus	0.9990412208460402
3cadecacdb63668cebf59ef0512e4b14	d__Bacteria; p__Firmicutes; c__Bacilli; o__Bacillales; f__Bacillaceae; g__Bacillus	0.9858972251776231
7f40e24cf4c5f7afbd11e4eb45f25bee	d__Bacteria; p__Firmicutes; c__Clostridia; o__Peptostreptococcales-Tissierellales; f__Peptostreptococcales-Tissierellales; g__Anaerococcus; s__Anaerococcus_mediterraneensis	0.7169663401901816
2a60509d5a37727abc0585b1f9b4ebbe	d__Bacteria; p__Actinobacteriota; c__Actinobacteria; o__Micrococcales; f__Brevibacteriaceae; g__Brevibacterium; s__uncultured_bacterium	0.8089566434295602
2f65915d4d03df7358f85ee847e2e930	d__Bacteria; p__Bacteroidota; c__Bacteroidia; o__Bacteroidales; f__Prevotellaceae; g__Prevotella; s__Prevotella_bivia	0.9999999794017784
530aedc3edf973057d95de29c34f5e91	d__Bacteria; p__Bacteroidota; c__Bacteroidia; o__Bacteroidales; f__Prevotellaceae; g__Prevotella; s__Prevotella_timonensis	0.9999999938621613
f1cf4f431651c3fe34aee66d4f4b7fc7	d__Bacteria; p__Firmicutes; c__Bacilli; o__Lactobacillales; f__Streptococcaceae; g__Streptococcus; s__Streptococcus_anginosus	0.9636990612374602
88a383c8088e0fd99feef8f5a69fc83e	d__Bacteria; p__Fusobacteriota; c__Fusobacteriia; o__Fusobacteriales; f__Leptotrichiaceae; g__Leptotrichia	0.9999999999983289
4c8356be7e7e9333c995672d3462d2c5	d__Bacteria; p__Proteobacteria; c__Gammaproteobacteria; o__Burkholderiales; f__Oxalobacteraceae; g__Massilia	0.999418170271005
e9c282e5c1f04839762713221017e919	d__Bacteria; p__Firmicutes; c__Clostridia; o__Peptostreptococcales-Tissierellales; f__Peptostreptococcales-Tissierellales; g__Anaerococcus	0.9999999999996757
674336f13350a15bc275a1ce1995b7ee	d__Bacteria; p__Actinobacteriota; c__Actinobacteria; o__Actinomycetales; f__Actinomycetaceae; g__Actinomyces	0.9999999999171185
3f908c91a9bdea2dbf11924caabb04b7	d__Bacteria; p__Firmicutes; c__Clostridia; o__Peptostreptococcales-Tissierellales; f__Peptostreptococcales-Tissierellales; g__Ezakiella	0.999999999999907
98d6e7a7ff3d4c4a2075b8d5fd19bd56	d__Bacteria; p__Firmicutes; c__Clostridia; o__Peptostreptococcales-Tissierellales; f__Peptostreptococcales-Tissierellales; g__Anaerococcus; s__Anaerococcus_vaginalis	0.7194774438550656
2ff74f13beb83aa767f1e9c643ce585f	d__Bacteria; p__Actinobacteriota; c__Actinobacteria; o__Micrococcales; f__Micrococcaceae; g__Rothia	0.9999903073029373
fbfc20381eabcc2ae21bf320320a9c15	d__Bacteria; p__Actinobacteriota; c__Actinobacteria; o__Corynebacteriales; f__Corynebacteriaceae; g__Corynebacterium	0.991839623460182
33384ca087bc72796204862dcc7ac2a8	d__Bacteria; p__Firmicutes; c__Bacilli; o__Lactobacillales; f__Lactobacillaceae; g__Lactobacillus; s__Lactobacillus_iners	0.9993962311711659
46eb33fa8607485e2573902cfabd8fa2	d__Bacteria; p__Firmicutes; c__Clostridia; o__Peptostreptococcales-Tissierellales; f__Peptostreptococcales-Tissierellales; g__Anaerococcus	0.9999999999999019
99a6a244ad881eea166be3c1aefbb03c	d__Eukaryota; p__Phragmoplastophyta; c__Embryophyta; o__Magnoliophyta; f__Magnoliophyta; g__Magnoliophyta	0.999996597186005
76632e1d8f56b94c05e5227558afc5b2	d__Bacteria; p__Proteobacteria; c__Gammaproteobacteria; o__Xanthomonadales; f__Xanthomonadaceae; g__Stenotrophomonas	0.999992269198071
ebda43f5267924d6d8ec6401ed7f2206	d__Bacteria; p__Actinobacteriota; c__Actinobacteria; o__Corynebacteriales; f__Corynebacteriaceae; g__Corynebacterium	0.999784879641454
103d4334ffe788eac5ef9f958be31d65	d__Bacteria; p__Bacteroidota; c__Bacteroidia; o__Bacteroidales; f__Prevotellaceae; g__Prevotella; s__Prevotella_melaninogenica	0.9152011451823867
72df03a9219ce2ed7886182397c33995	d__Bacteria; p__Firmicutes; c__Bacilli; o__Lactobacillales; f__Carnobacteriaceae; g__Granulicatella	0.7026923962665406
681f44f432f23f58ce8be645bbb87946	d__Bacteria; p__Proteobacteria; c__Gammaproteobacteria; o__Pseudomonadales; f__Pseudomonadaceae; g__Pseudomonas	0.9984547876292397
105eb9ca7f56c1b57a7700a8b44154ce	d__Bacteria; p__Firmicutes; c__Negativicutes; o__Veillonellales-Selenomonadales; f__Veillonellaceae; g__Veillonella	0.9999999864814332
491b6bf584f21440289339152b6adcf2	d__Bacteria; p__Bacteroidota; c__Bacteroidia; o__Flavobacteriales; f__Flavobacteriaceae; g__Capnocytophaga; s__Capnocytophaga_gingivalis	0.7311494507802327
ab95e955ffbba7a745c8d4ad765b2bb9	d__Bacteria; p__Firmicutes; c__Clostridia; o__Lachnospirales; f__Lachnospiraceae; g__Lachnoanaerobaculum	0.9999991643383664
f271673b996530edbdd2734f1e12bce4	d__Bacteria; p__Firmicutes; c__Negativicutes; o__Veillonellales-Selenomonadales; f__Veillonellaceae; g__Dialister	0.9999922496297979
9030af596aa1c054b500d702599a688f	d__Eukaryota; p__Phragmoplastophyta; c__Embryophyta; o__Magnoliophyta; f__Magnoliophyta; g__Magnoliophyta	0.9999995440422591
dc4ef48468e077f905a11a05df100466	d__Bacteria; p__Actinobacteriota; c__Actinobacteria; o__Frankiales; f__Geodermatophilaceae; g__Blastococcus	0.9997144856408734
41554b8d21a15666706c9985a9b4c53d	d__Bacteria; p__Firmicutes; c__Clostridia; o__Peptostreptococcales-Tissierellales; f__Peptostreptococcales-Tissierellales; g__Anaerococcus	0.9999999999977981
1d9620c8d1c4c921afb2a468a9925ab5	d__Bacteria; p__Proteobacteria; c__Gammaproteobacteria; o__Pseudomonadales; f__Moraxellaceae; g__Moraxella	0.9999990280201173
35e1605d4fb89cabada5ab01d2047811	d__Bacteria; p__Proteobacteria; c__Alphaproteobacteria; o__Rickettsiales; f__Mitochondria; g__Mitochondria	0.9999999999524763
f8faf2ddb449a2bc4640315dd78bd5dc	d__Bacteria; p__Firmicutes; c__Bacilli; o__Staphylococcales; f__Staphylococcaceae; g__Staphylococcus	0.999983268388963
ace0d4eb0c2a8c3e12a0162be4f3004d	d__Bacteria; p__Actinobacteriota; c__Actinobacteria; o__Corynebacteriales; f__Corynebacteriaceae; g__Corynebacterium; s__Corynebacterium_riegelii	0.9455733295470572
83c58afeb2998e7635d02378467091c8	d__Bacteria; p__Firmicutes; c__Bacilli; o__Lactobacillales; f__Leuconostocaceae; g__Leuconostoc	0.999999955625227
7ac48a893123e16e46ca6bb7275ef128	d__Bacteria; p__Actinobacteriota; c__Actinobacteria; o__Micrococcales; f__Micrococcaceae; g__Kocuria	0.9939061637640865
7a7ca072f21893db281929b519cb38ca	d__Bacteria; p__Firmicutes; c__Bacilli; o__Staphylococcales; f__Staphylococcaceae; g__Staphylococcus	0.999984937867122
6e60c71829a2a30709af929b097cf8e0	d__Bacteria; p__Actinobacteriota; c__Actinobacteria; o__Micrococcales; f__Brevibacteriaceae; g__Brevibacterium	0.9999996282364327
1c23a223e78feaa6f6607db76d9d2fce	d__Bacteria; p__Proteobacteria; c__Alphaproteobacteria; o__Rhodobacterales; f__Rhodobacteraceae; g__Paracoccus	0.9128242040088338
0db1146d2214381d442d24eaaa15658b	d__Bacteria; p__Cyanobacteria; c__Cyanobacteriia; o__Chloroplast; f__Chloroplast; g__Chloroplast	0.9999999999998133
5813b9829e2263f767b465355fa14045	d__Bacteria; p__Bacteroidota; c__Bacteroidia; o__Bacteroidales; f__Prevotellaceae; g__Prevotella; s__Prevotella_bivia	0.9999999588361428
b0964e1fb4fdcfd001db1292872b2185	d__Bacteria; p__Proteobacteria; c__Gammaproteobacteria; o__Enterobacterales; f__Erwiniaceae; g__Pantoea	0.8213237768567986
8df4ca76c3537d46b22f3b90a2abf604	d__Bacteria; p__Proteobacteria; c__Alphaproteobacteria; o__Rickettsiales; f__Mitochondria; g__Mitochondria; s__Triticum_aestivum	0.74067485651236
1b144ab1b1b2327a80ed20433fc6f34f	d__Eukaryota; p__Ascomycota; c__Dothideomycetes; o__Capnodiales	0.7497059280218525
52d3db95eb8e1329f520d37dbf8bf917	d__Eukaryota; p__Basidiomycota; c__Agaricomycetes; o__Agaricales; f__Agaricales	0.871111143412681
d78d8d6a21c4976cb1c1574b2c2c761b	d__Bacteria; p__Proteobacteria; c__Alphaproteobacteria; o__Azospirillales; f__Azospirillaceae; g__Skermanella	0.9999729624025205
e7ff00c2f835cc66429bacd752d408c1	d__Bacteria; p__Firmicutes; c__Bacilli; o__Lactobacillales; f__Lactobacillaceae; g__Lactobacillus	0.9999999982157963
c5864d6fbdc05b20028bdbc4e146b27d	d__Bacteria; p__Proteobacteria; c__Gammaproteobacteria; o__Pseudomonadales; f__Moraxellaceae; g__Psychrobacter; s__Psychrobacter_alimentarius	0.8209589127134669
bdb6df4e9b2db40cd826df3d0f52c5f1	d__Bacteria; p__Proteobacteria; c__Alphaproteobacteria; o__Rhodobacterales; f__Rhodobacteraceae; g__Paracoccus	0.9697105864292686
2d435296e1ff78d5f79d6ed9900d58ca	d__Bacteria; p__Actinobacteriota; c__Actinobacteria; o__Micrococcales; f__Brevibacteriaceae; g__Brevibacterium; s__Brevibacterium_ravenspurgense	0.9261331661770328
508848b252c1e0949a7d8bc28183ed1e	d__Bacteria; p__Actinobacteriota; c__Actinobacteria; o__Micrococcales; f__Dermabacteraceae; g__Dermabacter	0.9999666262142408
71cf9bdd312096d8d6733ab6ad6ff137	d__Bacteria; p__Proteobacteria; c__Alphaproteobacteria; o__Rhizobiales; f__Rhizobiaceae; g__Allorhizobium-Neorhizobium-Pararhizobium-Rhizobium	0.9974016248798817
e6ce31dae21475fc084e9a4f4f7a397a	d__Eukaryota; p__Vertebrata; c__Mammalia; o__Mammalia; f__Mammalia; g__Mammalia; s__Homo_sapiens	0.9961039025663905
7e89b98e28b55f4185e59d2c5c3c874e	d__Bacteria; p__Proteobacteria; c__Alphaproteobacteria; o__Sphingomonadales; f__Sphingomonadaceae; g__Sphingomonas	0.9999998517608598
d71625973b57c1a0442b812fef679628	d__Eukaryota; p__Ascomycota; c__Dothideomycetes; o__Pleosporales; f__Pleosporaceae	0.9998386893253521
0397e1b1cac63a536b2466ceb04f856d	d__Bacteria; p__Actinobacteriota; c__Actinobacteria; o__Actinomycetales; f__Actinomycetaceae; g__Actinomyces; s__Winkia_neuii	0.9821819532646701
c404adc43d73aafe621f11fc6e596bb4	d__Bacteria; p__Proteobacteria; c__Alphaproteobacteria; o__Rhizobiales; f__Rhizobiaceae	0.9999996303177653
7227e535bf56ca834e7d45144251b1b9	d__Bacteria; p__Proteobacteria; c__Gammaproteobacteria; o__Burkholderiales; f__Oxalobacteraceae; g__Massilia	0.9987406409993334
b0f93f73ee1f3009234e1f10c1640389	d__Bacteria; p__Proteobacteria; c__Alphaproteobacteria; o__Sphingomonadales; f__Sphingomonadaceae; g__Sphingomonas; s__Sphingomonas_phyllosphaerae	0.9323658061888531
b23df79aeff4a93f2dc1ceee3f83ac3c	d__Bacteria; p__Proteobacteria; c__Alphaproteobacteria; o__Rhodobacterales; f__Rhodobacteraceae; g__Paracoccus; s__Paracoccus_yeei	0.7540094830456303
7f78c8b0b846d5949cc754b57886041a	Unassigned	0.3886880728091433
e6be2fe94dd62e0e566596c210e4a4ab	d__Bacteria; p__Actinobacteriota; c__Actinobacteria; o__Micrococcales; f__Micrococcaceae; g__Rothia; s__Rothia_aeria	0.8531168926599351
e3f8615ed29d03d0c834feba24ee90f4	d__Bacteria; p__Bacteroidota; c__Bacteroidia; o__Flavobacteriales; f__Weeksellaceae; g__Bergeyella; s__uncultured_bacterium	0.9017433658311554
269dd4b6a84264d212454add633d50d0	d__Bacteria; p__Fusobacteriota; c__Fusobacteriia; o__Fusobacteriales; f__Fusobacteriaceae; g__Fusobacterium	0.9999999999972955
0a2e97cfec6d654740290ba3a8baf6e3	d__Bacteria; p__Proteobacteria; c__Alphaproteobacteria; o__Sphingomonadales; f__Sphingomonadaceae; g__Sphingomonas	0.9842363757467578
d00dace915a4b0082f7d0a948b22645c	d__Bacteria; p__Actinobacteriota; c__Actinobacteria; o__Bifidobacteriales; f__Bifidobacteriaceae; g__Gardnerella; s__Gardnerella_vaginalis	0.8673660042286334
c83d45e99eb56c25031919d60c3bfd57	d__Bacteria; p__Actinobacteriota; c__Actinobacteria; o__Micrococcales; f__Microbacteriaceae	0.9995907303985996
407af834d81c8708b06fb8e36391e6d3	d__Bacteria; p__Bacteroidota; c__Bacteroidia; o__Flavobacteriales; f__Flavobacteriaceae; g__Capnocytophaga; s__Capnocytophaga_sp.	0.9172185144863633
d3a6d56d0cacb199b32c7d8e8c33362d	d__Bacteria; p__Firmicutes; c__Bacilli; o__Lactobacillales; f__Streptococcaceae; g__Streptococcus	0.9999670061995235
8297ea74475bde84f0db406a060fa087	d__Bacteria; p__Firmicutes; c__Clostridia; o__Peptostreptococcales-Tissierellales; f__Peptostreptococcales-Tissierellales; g__Anaerococcus; s__Anaerococcus_vaginalis	0.801202975487873
3107a0fd8da41f9dcbac9f796f643969	d__Bacteria; p__Actinobacteriota; c__Actinobacteria; o__Micrococcales; f__Dermabacteraceae; g__Brachybacterium	0.9956407423737196
5fa290b4358f94a0a3ad9b6417b3827f	d__Bacteria; p__Bacteroidota; c__Bacteroidia; o__Bacteroidales; f__Tannerellaceae; g__Tannerella	0.9999743053314193
251b44d1fecc178347a6e5e755f4698c	d__Bacteria; p__Firmicutes; c__Bacilli; o__Staphylococcales; f__Staphylococcaceae; g__Staphylococcus	0.999969488727908
b6286edfcda226e30af96aa8f53aa684	d__Bacteria; p__Deinococcota; c__Deinococci; o__Thermales; f__Thermaceae; g__Thermus	0.9999999999999716
b667273fea3b289a75e3fa0e77904a24	d__Bacteria; p__Firmicutes; c__Clostridia; o__Peptostreptococcales-Tissierellales; f__Peptostreptococcales-Tissierellales; g__Anaerococcus; s__Anaerococcus_provencensis	0.7777095772624096
8ea4f665150f78c26079dba4459f31d6	d__Bacteria; p__Firmicutes; c__Bacilli; o__Lactobacillales; f__Lactobacillaceae; g__Lactobacillus	0.9976073570952149
3b9bedd8cf2ef344100e1eee1f69fa48	d__Bacteria; p__Actinobacteriota; c__Actinobacteria; o__Corynebacteriales; f__Corynebacteriaceae; g__Corynebacterium	0.999998757375677
7e51d96401097453211fddf990a261ab	d__Bacteria; p__Fusobacteriota; c__Fusobacteriia; o__Fusobacteriales; f__Leptotrichiaceae; g__Leptotrichia; s__Leptotrichia_shahii	0.9094515200805816
7617ceb49baf4c67691a61e37447b0ea	d__Bacteria; p__Actinobacteriota; c__Actinobacteria; o__Micrococcales; f__Intrasporangiaceae	0.9962544459685678
3ba56333296d3c26767d776d3da03381	d__Bacteria; p__Actinobacteriota; c__Actinobacteria; o__Corynebacteriales; f__Corynebacteriaceae; g__Corynebacterium	0.9999931988861024
69dd15c8968d350fce59fa357d105215	d__Bacteria; p__Proteobacteria; c__Alphaproteobacteria; o__Sphingomonadales; f__Sphingomonadaceae; g__Sphingomonas	0.9962981219732692
94f3ecc2bf506521ca1fcbe91e70cc9a	d__Bacteria; p__Actinobacteriota; c__Actinobacteria; o__Kineosporiales; f__Kineosporiaceae; g__Kineococcus	0.9999777814925193
aca42f3eab434b28b529b8fc5497caec	d__Bacteria; p__Firmicutes; c__Clostridia; o__Peptostreptococcales-Tissierellales; f__Peptostreptococcales-Tissierellales; g__Parvimonas	0.9999999584569766
6029b3bd248c565dcefe93714bcfde3c	d__Bacteria; p__Bacteroidota; c__Bacteroidia; o__Sphingobacteriales; f__Sphingobacteriaceae; g__Pedobacter	0.9527209595961399
ffd6086cd8f413a9b8517636d248e5cf	d__Bacteria; p__Actinobacteriota; c__Actinobacteria; o__Propionibacteriales; f__Propionibacteriaceae; g__Cutibacterium	0.9958084442953975
5bf82e10d2ab5a9c15e120ad86bf3b85	d__Bacteria; p__Proteobacteria; c__Gammaproteobacteria; o__Burkholderiales; f__Oxalobacteraceae; g__Undibacterium	0.9843429647090314
9dacbfdbb15eb4f04315627f7f9b091d	d__Bacteria; p__Firmicutes; c__Clostridia; o__Peptostreptococcales-Tissierellales; f__Peptostreptococcales-Tissierellales; g__Anaerococcus	0.9999999999983896
6e88072c7e0fbc9d978b1b829adcfe55	d__Bacteria; p__Firmicutes; c__Clostridia; o__Clostridia_UCG-014; f__Clostridia_UCG-014; g__Clostridia_UCG-014; s__Clostridiales_bacterium	0.99952517508194
2b44b85f104ed8991e866bd6b64f0fbb	d__Bacteria; p__Firmicutes; c__Negativicutes; o__Veillonellales-Selenomonadales; f__Veillonellaceae; g__Veillonella; s__Veillonella_sp.	0.8182668300220617
0bf829928382831657bb80f187f998f2	d__Bacteria; p__Bacteroidota; c__Bacteroidia; o__Bacteroidales; f__Prevotellaceae; g__Prevotella; s__Prevotella_intermedia	0.9999993590686735
3fcb946e059132d9f1929d0e0e3c5dc2	d__Bacteria; p__Firmicutes; c__Bacilli; o__Staphylococcales; f__Staphylococcaceae; g__Staphylococcus	0.9999851778707857
240654b24411f93fbc30e078822829bf	d__Bacteria; p__Actinobacteriota; c__Actinobacteria; o__Corynebacteriales; f__Nocardiaceae; g__Gordonia	0.9995361859695334
48c1096abcbb3ed5593791caf25164a3	d__Bacteria; p__Bacteroidota; c__Bacteroidia; o__Flavobacteriales; f__Weeksellaceae; g__Chryseobacterium	0.9998986711815325
f0d5e4bae93a263954612dfcac89399c	d__Bacteria; p__Actinobacteriota; c__Actinobacteria; o__Micrococcales; f__Micrococcaceae; g__Rothia; s__Rothia_amarae	0.735484597790604
f1037e23d2d95add8ee7d2280e777530	d__Bacteria; p__Proteobacteria; c__Gammaproteobacteria; o__Pseudomonadales; f__Moraxellaceae; g__Acinetobacter	0.9999879796868799
7c7a691953dfd256ebf8c16b0d5ccbb9	d__Bacteria; p__Proteobacteria; c__Gammaproteobacteria; o__Pseudomonadales; f__Moraxellaceae; g__Acinetobacter	0.9999982875762854
54ac7b82465ef108219d994dd3a8c435	d__Bacteria; p__Firmicutes; c__Clostridia; o__Oscillospirales; f__Ruminococcaceae; g__Faecalibacterium	0.9998038672922975
63eed27cf9d3e351389e817f5d2a87d8	d__Bacteria; p__Proteobacteria; c__Gammaproteobacteria; o__Pasteurellales; f__Pasteurellaceae; g__Haemophilus; s__Haemophilus_pittmaniae	0.7503093182796766
01cb9c5f95fe99c3ae3a993eb72f553e	d__Bacteria; p__Proteobacteria; c__Gammaproteobacteria; o__Enterobacterales	0.9999950786878615
4b792dc6615a6a4029244a3214ff5817	d__Bacteria; p__Firmicutes; c__Negativicutes; o__Veillonellales-Selenomonadales; f__Veillonellaceae; g__Veillonella	0.9999999945570273
35f58450bea6eb81d8bff0d6ecbe7885	d__Bacteria; p__Actinobacteriota; c__Actinobacteria; o__Micrococcales; f__Micrococcaceae	0.9998818063646857
2b038b04ce1d57f568245c8171e53c63	d__Bacteria; p__Firmicutes; c__Bacilli; o__Bacillales; f__Bacillaceae; g__Bacillus	0.817421034465899
d0efd75d6c20d4d95833a853bd6cc18d	d__Bacteria; p__Firmicutes; c__Bacilli; o__Lactobacillales; f__Aerococcaceae; g__Facklamia; s__Facklamia_languida	0.8609491067266016
ff2c7864a98e265dc5e1fe97d2fb0b29	d__Eukaryota; p__Ascomycota	0.999999784176413
a4e87584127643a3861c75df2773dc6b	d__Bacteria; p__Firmicutes; c__Bacilli; o__Bacillales; f__Bacillaceae; g__Bacillus	0.9997445176253789
bb4282896693ef587f0af57501567b84	d__Bacteria; p__Firmicutes; c__Bacilli; o__Staphylococcales; f__Staphylococcaceae; g__Staphylococcus	0.999990249994058
0a8e50f9cdb29624b460fc1e77727c8d	d__Bacteria; p__Bacteroidota; c__Bacteroidia; o__Bacteroidales; f__Prevotellaceae; g__Prevotella; s__Prevotella_disiens	0.9999997066270656
14c94fdca0a72443cc3242c85da3008f	d__Bacteria; p__Actinobacteriota; c__Actinobacteria; o__Corynebacteriales; f__Mycobacteriaceae; g__Mycobacterium	0.9999999773444024
08b854a6608f9f495469f28c7e46a62c	d__Eukaryota; p__Ascomycota; c__Dothideomycetes; o__Capnodiales; f__Cladosporiaceae; g__Cladosporium	0.7671199495251346
8f73ba88f0768a5f4e0b809ea7ae3cbd	d__Bacteria; p__Firmicutes; c__Clostridia; o__Peptostreptococcales-Tissierellales; f__Peptostreptococcales-Tissierellales; g__Anaerococcus; s__Anaerococcus_prevotii	0.8190909472398515
2182333602c55c84b9fec5efdfae9e91	d__Bacteria; p__Actinobacteriota; c__Actinobacteria; o__Micrococcales; f__Micrococcaceae; g__Rothia	0.9999847044536234
7450f047df57ebf93b0705f7a295460f	d__Eukaryota; p__Mucoromycota; c__Incertae_Sedis; o__Mucorales; f__Mucoraceae; g__Mucor; s__Mucor_circinelloides	0.9095103670570786
1e038cc72284ad7c261dd7c3ec22dc20	d__Bacteria; p__Proteobacteria; c__Alphaproteobacteria; o__Rhodobacterales; f__Rhodobacteraceae; g__uncultured; s__uncultured_Amaricoccus	0.8864150504803925
ad61978884e76128f2dac7c8ce420964	d__Bacteria; p__Proteobacteria; c__Alphaproteobacteria; o__Sphingomonadales; f__Sphingomonadaceae; g__Sphingomonas	0.8932202034782588
ba72956d9562005a31e5e7814f066fa4	d__Bacteria; p__Fusobacteriota; c__Fusobacteriia; o__Fusobacteriales; f__Leptotrichiaceae; g__Leptotrichia; s__Leptotrichia_buccalis	0.9431923561932315
0db4e0df5c3fa775dd78bb513c6c362d	d__Bacteria; p__Firmicutes; c__Bacilli; o__Exiguobacterales; f__Exiguobacteraceae; g__Exiguobacterium	0.999953620841581
0bd53d715f7e3c8e73136d021fb1019d	d__Bacteria; p__Proteobacteria; c__Alphaproteobacteria; o__Rhizobiales; f__Devosiaceae; g__Devosia	0.9997276139233962
5e7edd4d1223048b1d645d7d5d8ff777	d__Bacteria; p__Fusobacteriota; c__Fusobacteriia; o__Fusobacteriales; f__Leptotrichiaceae; g__Sneathia; s__Sneathia_amnii	0.9998220596403358
71cfc1f1577c795aa1a7e058ccbab082	d__Bacteria; p__Proteobacteria; c__Gammaproteobacteria; o__Burkholderiales; f__Oxalobacteraceae; g__Herbaspirillum	0.9804032632447349
3398ab4a9e84c512ee01005cb2b440b4	d__Bacteria; p__Bacteroidota; c__Bacteroidia; o__Flavobacteriales; f__Weeksellaceae; g__Chryseobacterium	0.9998716251662869
02490921e004fea91aecd6fd0587976f	d__Bacteria; p__Proteobacteria; c__Gammaproteobacteria; o__Xanthomonadales; f__Xanthomonadaceae; g__Luteimonas	0.9624026242048527
271d25613dbd044aa3e7fb97d100a311	d__Bacteria; p__Bacteroidota; c__Bacteroidia; o__Cytophagales; f__Hymenobacteraceae; g__Hymenobacter	0.9999999988722743
b49889524306ba32f7acf41b1ebbfce4	d__Bacteria; p__Proteobacteria; c__Alphaproteobacteria; o__Rhizobiales; f__Rhizobiaceae; g__Allorhizobium-Neorhizobium-Pararhizobium-Rhizobium	0.9883850180536671
2d83a54f47ab2d0e2a2ec4f383ea0330	d__Bacteria; p__Firmicutes; c__Bacilli; o__Staphylococcales; f__Staphylococcaceae; g__Staphylococcus	0.9999850732563834
42a621177d274e9e60aef4d943fe9e7a	d__Bacteria; p__Firmicutes; c__Bacilli; o__Staphylococcales; f__Staphylococcaceae; g__Staphylococcus	0.9999158304042939
8d4eed78cdce8070d8aafe2cae5b6af1	d__Bacteria; p__Proteobacteria; c__Gammaproteobacteria; o__Pseudomonadales; f__Pseudomonadaceae; g__Pseudomonas	0.9994516088276879
4b49e36dbe06a4400b851094c081d592	d__Bacteria; p__Proteobacteria; c__Alphaproteobacteria; o__Rhodobacterales; f__Rhodobacteraceae; g__Paracoccus	0.9968947534419917
fbcc348becad05846fd43d73368e1e3b	d__Bacteria; p__Bacteroidota; c__Bacteroidia; o__Sphingobacteriales; f__Sphingobacteriaceae; g__Pedobacter	0.9807747794180787
3ae940ab9ac3df2009b7d78f38f6785f	d__Bacteria; p__Bacteroidota; c__Bacteroidia; o__Flavobacteriales; f__Weeksellaceae; g__Chryseobacterium	0.9986769064424551
d3a7c73a9d1cecb154468c0fb7386a9f	d__Bacteria; p__Firmicutes; c__Bacilli; o__Lactobacillales; f__Streptococcaceae; g__Streptococcus	0.9999999178026726
11db27aa582f2849433ef3a65ce2ca63	d__Bacteria; p__Proteobacteria; c__Gammaproteobacteria; o__Burkholderiales; f__Comamonadaceae; g__Acidovorax	0.7544101387556627
000fb7713a78870962c5ab4ecf9a014f	d__Bacteria; p__Firmicutes; c__Bacilli; o__Lactobacillales; f__Aerococcaceae; g__Eremococcus; s__uncultured_bacterium	0.9502023217724301
83ab95e50fe340d375d2b445b7b6262f	d__Bacteria; p__Proteobacteria; c__Gammaproteobacteria; o__Pseudomonadales; f__Pseudomonadaceae; g__Pseudomonas; s__Pseudomonas_psychrotolerans	0.7076502086054189
376af95de647a418471ac75c496cb8f7	d__Bacteria; p__Firmicutes; c__Clostridia; o__Peptostreptococcales-Tissierellales; f__Peptostreptococcales-Tissierellales; g__Anaerococcus	0.9999999999996124
16aae4754f46db94fe3f8c08a16366d1	d__Bacteria; p__Firmicutes; c__Bacilli; o__Staphylococcales; f__Staphylococcaceae; g__Staphylococcus	0.9999821841856659
cb6464a2f66df0d2116cfdcf65977096	d__Bacteria; p__Bacteroidota; c__Bacteroidia; o__Bacteroidales; f__Porphyromonadaceae; g__Porphyromonas; s__Porphyromonas_gulae	0.9973568999086406
3b4a70ffef38fa0b7d9be30e4e2f711f	d__Bacteria; p__Proteobacteria; c__Alphaproteobacteria; o__Rhizobiales; f__Rhizobiaceae; g__Aureimonas	0.7630940868222721
1366d612e9c8fe517f35dad5819f6d06	d__Bacteria; p__Firmicutes; c__Clostridia; o__Peptostreptococcales-Tissierellales; f__Peptostreptococcales-Tissierellales; g__Peptoniphilus; s__Peptoniphilus_urinimassiliensis	0.8290354235463055
c8443b1688bc44a979e28cd70a0146ed	d__Bacteria; p__Firmicutes; c__Clostridia; o__Peptostreptococcales-Tissierellales; f__Peptostreptococcales-Tissierellales; g__Parvimonas	0.999999989475668
80c51373d464641f50fa1b027a817482	d__Bacteria; p__Proteobacteria; c__Alphaproteobacteria; o__Sphingomonadales; f__Sphingomonadaceae; g__Sphingomonas; s__Sphingomonas_yunnanensis	0.7086570354905425
6ed6b34e753567ac3e9fbf2bf2f57295	d__Bacteria; p__Bacteroidota; c__Bacteroidia; o__Cytophagales; f__Hymenobacteraceae; g__Hymenobacter; s__Hymenobacter_gelipurpurascens	0.9144663847413925
59f275265a0000b1599737d8982894c0	d__Bacteria; p__Proteobacteria; c__Gammaproteobacteria; o__Burkholderiales; f__Burkholderiaceae; g__Burkholderia-Caballeronia-Paraburkholderia	0.9999622193509401
93fefbcb1b530fcd03c9ae49aa4bd236	d__Bacteria; p__Bacteroidota; c__Bacteroidia; o__Bacteroidales; f__Bacteroidaceae; g__Bacteroides; s__Bacteroides_coprocola	0.9995672293521116
34c61aa54fab5cbf6a59f659a99a8fa3	d__Bacteria; p__Actinobacteriota; c__Actinobacteria; o__Micrococcales; f__Brevibacteriaceae; g__Brevibacterium	0.9999999985120129
825f2b4e2154b8e042611e44ed8127a8	d__Bacteria; p__Proteobacteria; c__Alphaproteobacteria; o__Rhizobiales; f__Beijerinckiaceae; g__Methylobacterium-Methylorubrum; s__Methylobacterium_hispanicum	0.7261469894531383
40fd73f2ffe54dd68d922f26291f90cc	d__Bacteria; p__Proteobacteria; c__Gammaproteobacteria; o__Pseudomonadales; f__Pseudomonadaceae; g__Pseudomonas	0.9998362674663889
08793b25f585478016b09c407f589a1b	d__Bacteria; p__Actinobacteriota; c__Actinobacteria; o__Corynebacteriales; f__Nocardiaceae; g__Gordonia	0.9926246386211538
f01ed01038cd55652338233d2954648a	d__Bacteria; p__Actinobacteriota; c__Actinobacteria; o__Kineosporiales; f__Kineosporiaceae; g__Kineococcus	0.9999983961534485
b8e9369922b9c48317805210dd633261	d__Bacteria; p__Firmicutes; c__Clostridia; o__Peptostreptococcales-Tissierellales; f__Peptostreptococcales-Tissierellales; g__Anaerococcus; s__uncultured_bacterium	0.8497534520846914
b662fb2dee7b2621e679020cde3d5a3f	d__Bacteria; p__Proteobacteria; c__Gammaproteobacteria; o__Pseudomonadales; f__Pseudomonadaceae; g__Pseudomonas	0.9999959258164336
6c294414f59250f9ad96eb1259eee36d	d__Bacteria; p__Actinobacteriota; c__Actinobacteria; o__Actinomycetales; f__Actinomycetaceae; g__Actinomyces; s__Actinomyces_graevenitzii	0.9999564483534265
aa4d18d1cd6a5bb3f7e6a7c1815d4459	d__Bacteria; p__Bacteroidota; c__Bacteroidia; o__Flavobacteriales; f__Weeksellaceae; g__Chryseobacterium	0.9999976018525598
04eea8919e1a0c42b9a4fee6c322e9b1	d__Bacteria; p__Proteobacteria; c__Gammaproteobacteria; o__Enterobacterales; f__Enterobacteriaceae	0.9367791529789434
b47aa81fe077ec9503966bddfcdccdbd	d__Bacteria; p__Proteobacteria; c__Gammaproteobacteria; o__Pasteurellales; f__Pasteurellaceae; g__Haemophilus	0.9449121578683373
8dfd56d5a181b2de476b0e887aa25291	d__Bacteria; p__Bacteroidota; c__Bacteroidia; o__Bacteroidales; f__Porphyromonadaceae; g__Porphyromonas	0.9999999999987067
bb1c5bfabb6ae7f2fa62e1c285e493f9	d__Eukaryota; p__Basidiomycota; c__Microbotryomycetes; o__Sporidiobolales; f__Sporidiobolaceae; g__Rhodotorula	0.9940682473809165
5a3135edaa4a95912e8b505d9f7431ef	d__Bacteria; p__Proteobacteria; c__Gammaproteobacteria; o__Burkholderiales; f__Comamonadaceae; g__Comamonas	0.7523729827659755
291bf045776082ad187eec2b482692c1	d__Bacteria; p__Proteobacteria; c__Alphaproteobacteria; o__Rhizobiales; f__Beijerinckiaceae; g__1174-901-12; s__uncultured_bacterium	0.96424308221783
e2f2f1e717e7f901be09a35327d5337d	d__Bacteria; p__Bacteroidota; c__Bacteroidia; o__Bacteroidales; f__Prevotellaceae; g__Alloprevotella; s__uncultured_Bacteroidetes	0.9952416274520122
22e0fc1a69d8aa591309cf272b84c82d	d__Bacteria; p__Proteobacteria; c__Alphaproteobacteria; o__Acetobacterales; f__Acetobacteraceae; g__Gluconobacter	0.9999269901575437
39ef39bbf258eb3b3b4833986db6450e	d__Bacteria; p__Bacteroidota; c__Bacteroidia; o__Flavobacteriales; f__Weeksellaceae; g__Empedobacter	0.999036284133211
f5122bb60f2cef15cdb4d7834aedb2a3	d__Bacteria; p__Actinobacteriota; c__Actinobacteria; o__Micrococcales; f__Dermabacteraceae; g__Dermabacter	0.9995409243251722
121544bff175e81ab8890ee446383fd3	d__Bacteria; p__Proteobacteria; c__Gammaproteobacteria; o__Enterobacterales	0.999999657790078
f410ca15f43b68171fd7f180393c134c	d__Bacteria; p__Firmicutes; c__Clostridia; o__Peptostreptococcales-Tissierellales; f__Peptostreptococcales-Tissierellales; g__Anaerococcus	0.9999999999987895
db67a6f63eb78c33e0da6dcc441b3863	d__Bacteria; p__Actinobacteriota; c__Actinobacteria; o__Micrococcales; f__Micrococcaceae	0.9999995892704758
da77b0556ab8480a21ca6438faf1b78f	d__Bacteria; p__Actinobacteriota; c__Actinobacteria; o__Corynebacteriales; f__Corynebacteriaceae; g__Turicella; s__uncultured_bacterium	0.9751612462849136
d1251c6fce5006b375bd421148ea19a4	d__Bacteria; p__Proteobacteria; c__Gammaproteobacteria; o__Alteromonadales; f__Pseudoalteromonadaceae; g__Pseudoalteromonas	0.9991859957065083
e128649adfd4ab6ee52ddf044d82c655	d__Bacteria; p__Proteobacteria; c__Alphaproteobacteria; o__Sphingomonadales; f__Sphingomonadaceae; g__Sphingomonas; s__Sphingomonas_roseiflava	0.8168509580820589
070cce68b81951e2eefc373c9557e3b3	d__Eukaryota; p__Phragmoplastophyta; c__Embryophyta; o__Pinophyta; f__Pinophyta; g__Pinophyta; s__Afrocarpus_gracilior	0.7784168349108019
98267a2b8acae8e32ca88dc3307c9f19	d__Bacteria; p__Firmicutes; c__Clostridia; o__Peptostreptococcales-Tissierellales; f__Peptostreptococcales-Tissierellales; g__Peptoniphilus; s__Peptoniphilus_coxii	0.8084187731563703
9899ea25e3d1fc07f9ee149a9c96c6d5	d__Bacteria; p__Proteobacteria; c__Gammaproteobacteria; o__Pseudomonadales; f__Moraxellaceae; g__Acinetobacter; s__Acinetobacter_radioresistens	0.7924310397266521
a86235c5cd76aa015b841759bcb9bd17	d__Bacteria; p__Actinobacteriota; c__Actinobacteria; o__Micrococcales; f__Promicromonosporaceae; g__Isoptericola	0.9402548747550878
e27c65315bc0a7c417d55884422055f4	d__Bacteria; p__Proteobacteria; c__Gammaproteobacteria; o__Pseudomonadales; f__Moraxellaceae; g__Acinetobacter	0.9999999916180333
ddf92d6f66fd32632399c5e18044ee11	d__Bacteria; p__Bacteroidota; c__Bacteroidia; o__Bacteroidales; f__Bacteroidaceae; g__Bacteroides; s__Bacteroides_vulgatus	0.9474577261352876
8d8a69d749c28884f65ace657930260c	d__Bacteria; p__Actinobacteriota; c__Actinobacteria; o__Corynebacteriales; f__Dietziaceae; g__Dietzia; s__Dietzia_cinnamea	0.7610892784695047
ba0869b1032454f7a22f396790cc436b	d__Bacteria; p__Firmicutes; c__Clostridia; o__Lachnospirales; f__Lachnospiraceae; g__Blautia	0.9850710348046434
15043d70b2f29cd414b21aecbfd4616e	d__Bacteria; p__Proteobacteria; c__Alphaproteobacteria; o__Rickettsiales; f__Mitochondria; g__Mitochondria	1.0000000000000038
af61fec6b071801e8d2b61b73ebef797	d__Bacteria; p__Proteobacteria; c__Gammaproteobacteria; o__Pasteurellales; f__Pasteurellaceae	0.999999999998237
edbfbaccba0decaa198ad11f69eef78f	d__Bacteria; p__Proteobacteria; c__Alphaproteobacteria; o__Rickettsiales; f__Mitochondria; g__Mitochondria	0.9999999999801591
69d561cd76ed827ba2180033d97ca18e	d__Bacteria; p__Proteobacteria; c__Alphaproteobacteria; o__Rhodobacterales; f__Rhodobacteraceae; g__Rhodobacter; s__uncultured_bacterium	0.7600477773673876
e6727e7134ae8162d7dfec2f2d49c22b	d__Bacteria; p__Firmicutes; c__Clostridia; o__Peptostreptococcales-Tissierellales; f__Peptostreptococcales-Tissierellales; g__Anaerococcus; s__uncultured_bacterium	0.8167686723125319
65f68c4b01242c6769a1bba5bd3033fe	d__Bacteria; p__Proteobacteria; c__Alphaproteobacteria; o__Rhizobiales; f__Beijerinckiaceae; g__Methylobacterium-Methylorubrum	0.9999999928389418
f43fa1289e5e99006c4e34ca722d0ec5	d__Bacteria; p__Firmicutes; c__Bacilli; o__Lactobacillales; f__Aerococcaceae	0.9998241548003834
118626ef9dda316694675e6902893878	d__Bacteria; p__Proteobacteria; c__Gammaproteobacteria; o__Burkholderiales; f__Oxalobacteraceae; g__Massilia	0.9999682844112253
5f53955f8409a59c5768bc9597dea32e	d__Bacteria; p__Firmicutes; c__Clostridia; o__Oscillospirales; f__Ruminococcaceae	0.9654264540349011
593f61ed433030edafd86ae9da647278	d__Bacteria; p__Bacteroidota; c__Bacteroidia; o__Bacteroidales; f__Prevotellaceae; g__Alloprevotella; s__unidentified	0.740550312336144
c7a33c182c41ee95455fc6e1fa4c5b12	d__Bacteria; p__Proteobacteria; c__Gammaproteobacteria; o__Xanthomonadales; f__Xanthomonadaceae; g__Xanthomonas	0.9978881307369619
901f7fae02023ca119c9c59b91588fe1	d__Bacteria; p__Bacteroidota; c__Bacteroidia; o__Bacteroidales; f__Prevotellaceae; g__Prevotella; s__Prevotella_amnii	0.9999999350492196
b80ee1c3b456fc3cdbbbeb24e7ba9335	d__Bacteria; p__Actinobacteriota; c__Actinobacteria; o__Micrococcales; f__Micrococcaceae; g__Rothia	0.9999777777772083
c54d0e923fc206ecb70beeddb1983fb7	d__Bacteria; p__Proteobacteria; c__Gammaproteobacteria; o__Burkholderiales; f__Neisseriaceae; g__uncultured; s__uncultured_bacterium	0.9993559907665515
0c7f4cbad1a1bcff5a37734e3e8bfb95	d__Bacteria; p__Fusobacteriota; c__Fusobacteriia; o__Fusobacteriales; f__Fusobacteriaceae; g__Fusobacterium	0.9999999999925135
c1777f171db6a79f0fadfd0473dd84ca	d__Bacteria; p__Fusobacteriota; c__Fusobacteriia; o__Fusobacteriales; f__Leptotrichiaceae; g__Leptotrichia; s__uncultured_bacterium	0.9073310569235694
aeac77cea4f9bd0ab2b7154e4606328e	d__Bacteria; p__Bacteroidota; c__Bacteroidia; o__Bacteroidales; f__Prevotellaceae; g__Alloprevotella; s__uncultured_Bacteroidetes	0.7936970638562415
54955ccede141a98b867f1d96910902b	d__Eukaryota; p__Chytridiomycota; c__Chytridiomycetes; o__Chytridiomycetes; f__Chytridiomycetes; g__Chytridiomycetes; s__Fimicolochytrium_alabamae	0.9938087448163567
b7b1c4e3161d491bb65e5571e19f231a	d__Bacteria; p__Proteobacteria; c__Alphaproteobacteria; o__Azospirillales; f__Azospirillaceae; g__Skermanella	0.999718329033486
b0d0c83860312da35bae8e98cca084b7	d__Bacteria; p__Actinobacteriota; c__Actinobacteria; o__Micromonosporales; f__Micromonosporaceae; g__Actinoplanes	0.9416793156148994
7149a375eac74a4e6b8aeeb1033ed432	d__Bacteria; p__Proteobacteria; c__Gammaproteobacteria; o__Aeromonadales; f__Aeromonadaceae; g__Aeromonas	0.9840593365721864
72cbaa1617c55ffbb6dbd72c021ef91d	d__Bacteria; p__Proteobacteria; c__Gammaproteobacteria; o__Pasteurellales; f__Pasteurellaceae	0.9999999999944841
657dede0cde28beb0c2884dcb399944a	d__Eukaryota; p__Phragmoplastophyta; c__Embryophyta; o__Pinophyta; f__Pinophyta; g__Pinophyta	0.9999999353013334
7be34f9f27a734d970631263909b6264	d__Bacteria; p__Actinobacteriota; c__Actinobacteria; o__Corynebacteriales; f__Corynebacteriaceae; g__Corynebacterium; s__Corynebacterium_kroppenstedtii	0.9981167808114423
78940f1eb40652e78ca9462d1c8e6b88	d__Bacteria; p__Proteobacteria; c__Alphaproteobacteria; o__Rickettsiales; f__Mitochondria; g__Mitochondria	0.9999999999999987
e967e476709f7d28fe62619dc8bb307e	d__Bacteria; p__Firmicutes; c__Bacilli; o__Bacillales; f__Planococcaceae	0.9617088560533661
1ce2fbaa26c0de35c63eef846759f0b8	d__Bacteria; p__Firmicutes; c__Bacilli; o__Lactobacillales; f__Streptococcaceae; g__Streptococcus	0.9964914644228785
66ef234af7cd11bdc73653d0c0b4b79e	d__Bacteria; p__Proteobacteria; c__Gammaproteobacteria; o__Burkholderiales; f__Comamonadaceae	0.9999999539162935
a633a7ae69ee25cae49101f3911347cb	d__Bacteria; p__Proteobacteria; c__Gammaproteobacteria; o__Burkholderiales; f__Comamonadaceae; g__Curvibacter	0.8311999574108165
450251d4f76a921f038e4e199919b70d	d__Bacteria; p__Actinobacteriota; c__Actinobacteria; o__Corynebacteriales; f__Nocardiaceae; g__Rhodococcus; s__Rhodococcus_corynebacterioides	0.835552174126786
f3d84c6a86f9e7bc5994f6644fbdf742	d__Bacteria; p__Firmicutes; c__Clostridia; o__Lachnospirales; f__Lachnospiraceae; g__Agathobacter	0.9537290599958753
dafc2a3aaf0d10827e6f2ba9645c145b	d__Bacteria; p__Actinobacteriota; c__Actinobacteria; o__Micrococcales; f__Dermabacteraceae; g__Brachybacterium	0.9984779328652771
74a800974ba96ee02cd390327de569d4	d__Bacteria; p__Fusobacteriota; c__Fusobacteriia; o__Fusobacteriales; f__Leptotrichiaceae; g__Leptotrichia	0.999999999999941
edf089761788714cd04d2f2e65c18ea3	d__Bacteria; p__Actinobacteriota; c__Actinobacteria; o__Micrococcales; f__Micrococcaceae; g__Glutamicibacter	0.9859515822060582
310ed224848ab9f1526d899d703b9062	d__Bacteria; p__Bacteroidota; c__Bacteroidia; o__Flavobacteriales; f__Weeksellaceae; g__Chryseobacterium	0.9964348156117268
4ed4f9adb2eab81d31e0a4982d980f24	d__Bacteria; p__Actinobacteriota; c__Actinobacteria; o__Frankiales; f__uncultured; g__uncultured	0.9985776408894942
1d1dc71cedb01714271b911e91edfd01	d__Eukaryota; p__Vertebrata; c__Mammalia; o__Mammalia; f__Mammalia; g__Mammalia; s__Homo_sapiens	0.923185386284927
fce8099fc90cc3c61c5f43608110ec93	d__Bacteria; p__Firmicutes; c__Bacilli; o__Staphylococcales; f__Staphylococcaceae; g__Staphylococcus	0.9999598210971644
6282b0d5d165c9aafb5617abdcfa6c6b	Unassigned	0.3531559548033427
64c2b2dafdfbcd3cf5bd14b6d0f4707f	d__Bacteria; p__Firmicutes; c__Clostridia; o__Lachnospirales; f__Lachnospiraceae; g__Tyzzerella	0.9583504931330864
b237e887bd124c3184b5a90e23352581	d__Bacteria; p__Actinobacteriota; c__Actinobacteria; o__Corynebacteriales; f__Corynebacteriaceae; g__Corynebacterium	0.9999999036152208
4b437e447288124d745157e28f609262	d__Bacteria; p__Chloroflexi; c__Anaerolineae; o__Caldilineales; f__Caldilineaceae; g__uncultured	0.9996024238086996
9cf30583a2486e633a909062387fc730	d__Eukaryota; p__Phragmoplastophyta; c__Embryophyta; o__Pinophyta; f__Pinophyta; g__Pinophyta	0.9999999742009612
0d46382591738266f7853aeabd092d70	d__Bacteria; p__Proteobacteria; c__Gammaproteobacteria; o__Xanthomonadales; f__Xanthomonadaceae; g__Pseudoxanthomonas; s__uncultured_Xanthomonadales	0.7478938392140965
c96e8f67f0f2906b6b367ea7681e5ca4	d__Bacteria; p__Actinobacteriota; c__Actinobacteria; o__Actinomycetales; f__Actinomycetaceae; g__Actinomyces; s__Schaalia_odontolytica	0.9279479450090793
4bb16b2750f9cd79423602e73dccabe9	d__Bacteria; p__Actinobacteriota; c__Actinobacteria; o__Corynebacteriales; f__Nocardiaceae; g__Rhodococcus	0.9999996944322368
b2a1d678aa832f1e8176c63598a37248	d__Bacteria; p__Proteobacteria; c__Gammaproteobacteria; o__Xanthomonadales; f__Xanthomonadaceae; g__Stenotrophomonas; s__Stenotrophomonas_acidaminiphila	0.7169328947993325
c034a87adce1f6397a71759f410360e5	d__Bacteria; p__Bacteroidota; c__Bacteroidia; o__Bacteroidales; f__Prevotellaceae; g__Prevotella; s__Prevotella_corporis	0.9999993579915483
63fdb530056043fc698c8bf0139ad0ac	d__Eukaryota; p__Phragmoplastophyta; c__Embryophyta; o__Magnoliophyta; f__Magnoliophyta; g__Magnoliophyta; s__Setaria_italica	0.954609623629551
7d1384d898418a1f785469a847f79494	d__Bacteria; p__Actinobacteriota; c__Actinobacteria; o__Micrococcales; f__Microbacteriaceae	0.9999754549436044
8126dd0cd4c2fd70be59d8e044492be9	d__Bacteria; p__Bacteroidota; c__Bacteroidia; o__Cytophagales; f__Hymenobacteraceae; g__Hymenobacter; s__Hymenobacter_cavernae	0.9225125869560695
b50e5b3e0c91f9ec2d28e00c12093752	d__Bacteria; p__Proteobacteria; c__Alphaproteobacteria; o__Sphingomonadales; f__Sphingomonadaceae; g__Sphingomonas	0.8512288925017223
3b6557c1c6b3fc8db948475a93edbeaa	d__Bacteria; p__Firmicutes; c__Negativicutes; o__Veillonellales-Selenomonadales; f__Veillonellaceae; g__Megasphaera	0.9999980185719599
fce894f7ce28f3224431a05cf1d767ef	d__Bacteria; p__Bacteroidota; c__Bacteroidia; o__Flavobacteriales; f__Flavobacteriaceae; g__Flavobacterium; s__Flavobacterium_ummariense	0.984005138092149
e6ae2aeb6368b6a54f27588e8497b53b	d__Bacteria; p__Proteobacteria; c__Gammaproteobacteria; o__Beggiatoales; f__Beggiatoaceae; g__uncultured; s__uncultured_Alkalilimnicola	0.9055691162630125
5da905484d4110c590dbf12fa1ef32c2	d__Bacteria; p__Firmicutes; c__Bacilli; o__Lactobacillales; f__Leuconostocaceae; g__Weissella; s__Weissella_jogaejeotgali	0.9830784491666511
d382cd8bf7940925a90efe2e1240e52a	d__Bacteria; p__Actinobacteriota; c__Coriobacteriia; o__Coriobacteriales; f__Atopobiaceae; g__Atopobium; s__Atopobium_minutum	0.9906339220177023
62812d85eba914993a0bcb0c28597442	d__Bacteria; p__Actinobacteriota; c__Actinobacteria; o__Corynebacteriales; f__Corynebacteriaceae; g__Corynebacterium; s__Corynebacterium_imitans	0.8162652069236941
80a74bbad128b173845231104f20ebe0	d__Bacteria; p__Actinobacteriota; c__Actinobacteria; o__Propionibacteriales; f__Nocardioidaceae; g__Nocardioides	0.9999833230425347
f3ece90bb435565d3ad931e66d0ccf60	d__Bacteria; p__Proteobacteria; c__Alphaproteobacteria; o__Sphingomonadales; f__Sphingomonadaceae; g__Blastomonas	0.996711590711145
144ae4d7574f53b587670a0201ec23e1	d__Bacteria; p__Proteobacteria; c__Gammaproteobacteria; o__Burkholderiales; f__Comamonadaceae	0.9999880481665606
27ed85dc26111b15fcfabf4bbc253d4f	d__Bacteria; p__Proteobacteria; c__Alphaproteobacteria; o__Rhodobacterales; f__Rhodobacteraceae; g__Rubellimicrobium	0.9995327146921867
3c4dc704f62f3400faa644ba2057b230	d__Eukaryota; p__Basidiomycota; c__Pucciniomycetes; o__Pucciniales; f__Pucciniaceae; g__Puccinia; s__uncultured_fungus	0.9655007978851496
3fa8a5d1e33d05dc94d37f094b6a76f8	d__Bacteria; p__Actinobacteriota; c__Actinobacteria; o__Frankiales; f__Geodermatophilaceae	0.9998663576965878
51b763dd5dfe61aadb34740f641f31a1	Unassigned	0.4015710426373382
e17fed1a72729af9b4a70627c16422f1	d__Bacteria; p__Actinobacteriota; c__Actinobacteria; o__Corynebacteriales; f__Mycobacteriaceae; g__Mycobacterium	0.9999997624403038
2fa94329a18be760dbc81a28f3babab7	d__Bacteria; p__Actinobacteriota; c__Actinobacteria; o__Actinomycetales; f__Actinomycetaceae; g__Actinomyces	0.9999999977003707
b109d53b59cefbf0ce2822929fb34233	d__Bacteria; p__Actinobacteriota; c__Actinobacteria; o__Micrococcales; f__Micrococcaceae; g__Kocuria	0.9942017602463179
d1af2506c412aaa4bb96954ac3630bdb	d__Bacteria; p__Firmicutes; c__Negativicutes; o__Veillonellales-Selenomonadales; f__Selenomonadaceae	0.9999999996642667
5487d922095f733aa0cfa87bf6a55949	d__Bacteria; p__Bacteroidota; c__Bacteroidia; o__Flavobacteriales; f__Weeksellaceae; g__Chryseobacterium	0.9999194316947438
f115c2cca0064630d684347d268b5a5a	d__Bacteria; p__Proteobacteria; c__Alphaproteobacteria; o__Rhizobiales; f__Rhizobiaceae; g__Allorhizobium-Neorhizobium-Pararhizobium-Rhizobium	0.9775429685125513
95782dd82950f61c3bce847e347051bb	d__Eukaryota; p__Ascomycota; c__Dothideomycetes; o__Pleosporales; f__Pleosporaceae	0.9991803228722884
cd01ecb4c606565bd111a0c4738ad0fd	d__Bacteria; p__Actinobacteriota; c__Actinobacteria; o__Corynebacteriales; f__Nocardiaceae; g__Rhodococcus	0.9999991039965137
c25a82ab6fc11381ab441d221679f821	d__Bacteria; p__Bacteroidota; c__Bacteroidia; o__Bacteroidales; f__Prevotellaceae; g__Prevotella; s__Prevotella_denticola	0.999256684741633
66b509af6a73f0de2023b28956f59f16	d__Eukaryota; p__Vertebrata; c__Mammalia; o__Mammalia; f__Mammalia; g__Mammalia; s__Homo_sapiens	0.9894735536641119
0a60c011861a9b5f8035cce7e700e75f	d__Bacteria; p__Actinobacteriota; c__Actinobacteria; o__Actinomycetales; f__Actinomycetaceae; g__Varibaculum	0.9999999960876853
40b8186cb545e90b8357ac9c065f1169	d__Bacteria; p__Proteobacteria; c__Alphaproteobacteria; o__Sphingomonadales; f__Sphingomonadaceae; g__Altererythrobacter; s__Porphyrobacter_mercurialis	0.9999755841120503
5997929430739c39d12a64f4d5e526c2	d__Bacteria; p__Firmicutes; c__Clostridia; o__Peptostreptococcales-Tissierellales; f__Peptostreptococcales-Tissierellales; g__Anaerococcus; s__uncultured_bacterium	0.7601273165703125
dad237400c99dd0691b246af64981648	d__Bacteria; p__Proteobacteria; c__Alphaproteobacteria; o__Sphingomonadales; f__Sphingomonadaceae; g__Sphingobium	0.9992161213342707
24fc3038bb8810a6cc76b411b76b4433	d__Bacteria; p__Firmicutes; c__Bacilli; o__Bacillales; f__Bacillaceae; g__Bacillus	0.9998251319307406
38c7f70cff6afa5d410788bf25f03b42	d__Eukaryota; p__Vertebrata; c__Mammalia; o__Mammalia; f__Mammalia; g__Mammalia; s__Pan_paniscus	0.9971692785664151
3035bfd4e337dabd022549a02e2a1fc2	d__Bacteria; p__Bacteroidota; c__Bacteroidia; o__Cytophagales; f__Hymenobacteraceae; g__Hymenobacter; s__Hymenobacter_tibetensis	0.7074939250472201
265e5f59a68b5355ccd77367779580cd	d__Eukaryota; p__Ascomycota; c__Eurotiomycetes	0.997147581866316
cb61b7d7f0f974f8d26c1fa6eab96d80	d__Bacteria; p__Proteobacteria; c__Gammaproteobacteria; o__Xanthomonadales; f__Xanthomonadaceae; g__Stenotrophomonas	0.9999995036432541
880d826942e4b54b72273528ce5527b2	d__Bacteria; p__Firmicutes; c__Bacilli; o__Exiguobacterales; f__Exiguobacteraceae; g__Exiguobacterium	0.9999685747496664
62bdf6a9a077aa149b1ffaf83260f1d1	d__Bacteria; p__Cyanobacteria; c__Cyanobacteriia; o__Chloroplast; f__Chloroplast; g__Chloroplast	0.9999999999994624
39dfdfe3e6edef8478c93d8a45f5abd7	d__Bacteria; p__Firmicutes; c__Bacilli; o__Lactobacillales; f__Lactobacillaceae; g__Lactobacillus; s__Lactobacillus_salivarius	0.7164719628387789
7dd26d38a0bbbfc0a46ae6596e35d125	d__Bacteria; p__Actinobacteriota; c__Actinobacteria; o__Corynebacteriales; f__Corynebacteriaceae; g__Corynebacterium; s__Corynebacterium_kroppenstedtii	0.998149758293157
54c0ef4fc05d14d71382029a0c6ae9b1	d__Bacteria; p__Proteobacteria; c__Alphaproteobacteria; o__Rhizobiales; f__Beijerinckiaceae; g__Methylobacterium-Methylorubrum	0.9999924937503674
ec7a908888ee0072d3b134c4c220d7d9	d__Bacteria; p__Firmicutes; c__Bacilli; o__Lactobacillales; f__Streptococcaceae; g__Streptococcus; s__Streptococcus_massiliensis	0.9783392524400973
bd540db18c0901aff23fb32b032550e7	d__Bacteria; p__Proteobacteria; c__Alphaproteobacteria; o__Rhizobiales; f__Rhizobiaceae; g__Aureimonas	0.9650934488194242
35a74ed81d4fcdd2948667d28d7d9a2e	d__Bacteria; p__Firmicutes; c__Bacilli; o__Staphylococcales; f__Staphylococcaceae; g__Staphylococcus	0.9999876010646531
f47ba8bccc96c1de5fcf2058077b4646	d__Bacteria; p__Firmicutes; c__Bacilli; o__Lactobacillales; f__Lactobacillaceae; g__Lactobacillus	0.9999967802890781
3e74260852c4b8dbbddd63523ecc7902	d__Bacteria; p__Actinobacteriota; c__Actinobacteria; o__Micrococcales; f__Microbacteriaceae; g__Microbacterium	0.9944104309403615
2f6e64ec3c73e81afdbf1fd751c2e5ed	d__Bacteria; p__Firmicutes; c__Clostridia; o__Peptostreptococcales-Tissierellales; f__Peptostreptococcales-Tissierellales; g__Peptoniphilus; s__Peptoniphilus_duerdenii	0.9983847716594424
70094290b464e3686a3d784c386f5183	d__Bacteria; p__Proteobacteria; c__Gammaproteobacteria; o__Burkholderiales; f__Oxalobacteraceae; g__Massilia	0.9464827603360542
8ae15be74458252476d0f375409e37d0	d__Eukaryota; p__Ascomycota; c__Eurotiomycetes; o__Eurotiales; f__Aspergillaceae	0.9964167363038383
79038b801a15816cdcdea9fd51ffc796	d__Bacteria; p__Proteobacteria; c__Gammaproteobacteria; o__Burkholderiales; f__Comamonadaceae; g__Aquabacterium; s__Aquabacterium_olei	0.7784487617909649
82cafba2b4d7de2f664d84dc5975699b	d__Bacteria; p__Bacteroidota; c__Bacteroidia; o__Bacteroidales; f__Prevotellaceae; g__Alloprevotella; s__Alloprevotella_tannerae	0.9971423604666098
a55b6d9374b12bcf8f7ae91d269b9f60	d__Eukaryota; p__Ascomycota; c__Saccharomycetes; o__Saccharomycetales; f__Metschnikowiaceae; g__Clavispora-Candida_clade; s__[Candida]_intermedia	0.9679784359221973
8c1c725bc91a025a94621fc2b7d3e782	d__Bacteria; p__Firmicutes; c__Negativicutes; o__Veillonellales-Selenomonadales; f__Veillonellaceae; g__Dialister; s__Veillonellaceae_bacterium	0.7754895456702074
f886105f716c9f57a44b32687aa885a2	d__Eukaryota; p__Vertebrata; c__Mammalia; o__Mammalia; f__Mammalia; g__Mammalia; s__Homo_sapiens	0.9985417497362867
8aad5d5f78dd32805c5ab03827e25138	d__Bacteria; p__Firmicutes; c__Bacilli; o__Lactobacillales; f__Lactobacillaceae; g__Lactobacillus; s__Lactobacillus_helveticus	0.8799787498622682
582e0cba42e15b356bcf4053e4d63848	d__Bacteria; p__Firmicutes; c__Bacilli; o__Bacillales; f__Planococcaceae	0.9933149137281017
05df9aea22d9cf5307640b7cef76054a	d__Bacteria; p__Fusobacteriota; c__Fusobacteriia; o__Fusobacteriales; f__Fusobacteriaceae; g__Fusobacterium	0.9999999999930586
61552264f8fbf6b22e4d3c218f9a12fd	d__Bacteria; p__Firmicutes; c__Bacilli; o__Staphylococcales; f__Staphylococcaceae; g__Staphylococcus	0.9998846768239907
5a1d8449cf2ed8d1d36c5c83b4647276	d__Eukaryota; p__Phragmoplastophyta; c__Embryophyta; o__Magnoliophyta; f__Magnoliophyta; g__Magnoliophyta; s__Phaseoleae_environmental	0.9853880623318073
924ea33aeadbc25c7b9c9ad3983b7ade	d__Bacteria; p__Proteobacteria; c__Gammaproteobacteria; o__Burkholderiales; f__Oxalobacteraceae; g__Janthinobacterium	0.7341637522079714
3b5c8e2fe988d4a779b7154abb0988b1	d__Bacteria; p__Proteobacteria; c__Gammaproteobacteria; o__Burkholderiales; f__Burkholderiaceae; g__Cupriavidus	0.9999898263017832
0f19270820565bb2f210356377ea6920	d__Bacteria; p__Proteobacteria; c__Alphaproteobacteria; o__Sphingomonadales; f__Sphingomonadaceae; g__Novosphingobium	0.9857473424469771
e308575e97ab785de6d842da05cfc6b2	d__Bacteria; p__Bacteroidota; c__Bacteroidia; o__Flavobacteriales; f__Weeksellaceae; g__Cloacibacterium	0.9899123717537273
c0e341138a31b01494bec79c148ee4d1	d__Bacteria; p__Firmicutes; c__Clostridia; o__Peptostreptococcales-Tissierellales; f__Peptostreptococcales-Tissierellales; g__Murdochiella; s__Murdochiella_asaccharolytica	0.7862115020319003
7d6e2895ee73de36decfc60296ebea77	d__Bacteria; p__Bacteroidota; c__Bacteroidia; o__Bacteroidales; f__Prevotellaceae; g__Prevotella; s__Prevotella_veroralis	0.8386980284098821
7927ba6052e8933df879ed518caf9626	d__Bacteria; p__Actinobacteriota; c__Actinobacteria; o__Pseudonocardiales; f__Pseudonocardiaceae; g__Pseudonocardia	0.9966728852349943
52951d85fd6b8c12329e68ea36b3e4d9	d__Bacteria; p__Firmicutes; c__Clostridia; o__Peptostreptococcales-Tissierellales; f__Anaerovoracaceae; g__S5-A14a; s__uncultured_Anaerovorax	0.7387187790038829
31c57392f920089de27e938ef6ea84ab	d__Bacteria; p__Proteobacteria; c__Alphaproteobacteria; o__Rhizobiales; f__Beijerinckiaceae; g__Methylobacterium-Methylorubrum	0.9999732110531783
c877c7bc6375177e6e6798c4300123cc	d__Bacteria; p__Firmicutes; c__Bacilli; o__Lactobacillales; f__Leuconostocaceae; g__Weissella	0.9999999914388809
011bfaa65503b9959b777d5856a28746	d__Bacteria; p__Fusobacteriota; c__Fusobacteriia; o__Fusobacteriales; f__Fusobacteriaceae; g__Fusobacterium	0.9999999999943481
590a984f6423bb43745944cf53aeab47	d__Eukaryota; p__Phragmoplastophyta; c__Embryophyta; o__Magnoliophyta; f__Magnoliophyta; g__Magnoliophyta; s__Triticum_aestivum	0.909573540763104
c6c5678d8a4de27403488a387b9953ea	d__Bacteria; p__Bacteroidota; c__Bacteroidia; o__Chitinophagales; f__Chitinophagaceae; g__Lacibacter	0.9956078493684107
68cd72915a80e6f304d00db75892fa27	d__Bacteria; p__Proteobacteria; c__Gammaproteobacteria; o__Pseudomonadales; f__Pseudomonadaceae; g__Pseudomonas; s__Pseudomonas_luteola	0.9550564498261043
09050dcca8ecaae1f56599de6341371c	d__Bacteria; p__Proteobacteria; c__Alphaproteobacteria; o__Sphingomonadales; f__Sphingomonadaceae; g__Sphingomonas	0.9997423986227283
131a24028911a64d362efe84dc0db88d	d__Bacteria; p__Proteobacteria; c__Gammaproteobacteria; o__Burkholderiales; f__Comamonadaceae; g__Comamonas	0.7130430887850431
1738b1dbcb20ff67e92278ce9d62a1a7	d__Bacteria; p__Firmicutes; c__Bacilli; o__Staphylococcales; f__Staphylococcaceae; g__Staphylococcus	0.9999781739601253
51b541ddc6f2a2503bcc9ba103d14cc4	d__Bacteria; p__Verrucomicrobiota; c__Verrucomicrobiae; o__Opitutales; f__Puniceicoccaceae; g__Cerasicoccus; s__uncultured_Verrucomicrobia	0.951477313779386
c53cfa1d2ea42f11c92e1e3f404c67c2	d__Bacteria; p__Actinobacteriota; c__Actinobacteria; o__Corynebacteriales; f__Corynebacteriaceae; g__Corynebacterium; s__Corynebacterium_falsenii	0.8341712015546108
b1ddf4e9219d5440155650f54c8cbcec	d__Bacteria; p__Actinobacteriota; c__Actinobacteria; o__Micrococcales; f__Microbacteriaceae; g__Microbacterium	0.9911012964575434
fa7b3fa94d85bb96a11b32c797ce183f	d__Bacteria; p__Proteobacteria; c__Gammaproteobacteria; o__Pasteurellales; f__Pasteurellaceae; g__Aggregatibacter; s__Aggregatibacter_aphrophilus	0.7767225494784512
b36e9e9ad854fce18b271ae482db56d7	d__Bacteria; p__Proteobacteria; c__Gammaproteobacteria; o__Xanthomonadales; f__Xanthomonadaceae; g__Arenimonas	0.9999999495736787
dc82fe24f4b2ffe4a8ead4bf5237bd42	d__Bacteria; p__Proteobacteria; c__Gammaproteobacteria; o__Burkholderiales; f__Neisseriaceae; g__Kingella; s__uncultured_bacterium	0.8590894345160583
611a18be5f2dca5465f9e491d8c1075a	d__Bacteria; p__Proteobacteria; c__Gammaproteobacteria; o__Cardiobacteriales; f__Cardiobacteriaceae; g__Cardiobacterium; s__uncultured_bacterium	0.856810674609603
703404d62ca5b4361ac95901d68a2d4d	d__Bacteria; p__Proteobacteria; c__Alphaproteobacteria; o__Rhodobacterales; f__Rhodobacteraceae; g__Paracoccus	0.9913524982888371
461fda600dbf49e91b20cb41bb20231d	d__Eukaryota; p__Vertebrata; c__Mammalia; o__Mammalia; f__Mammalia; g__Mammalia; s__Homo_sapiens	0.9102922683523195
e2d45372f2dc01826b27da337fdbb7a6	d__Bacteria; p__Proteobacteria; c__Gammaproteobacteria; o__Burkholderiales; f__Oxalobacteraceae; g__Massilia; s__Massilia_putida	0.7209753104875737
6a0231c9a031bac08b2c72994ac6cfde	d__Bacteria; p__Proteobacteria; c__Alphaproteobacteria; o__Rhizobiales; f__Xanthobacteraceae; g__Bradyrhizobium	0.8831760150025131
f56c9ec7f6803c14eadf0c1024d2a8bc	d__Bacteria; p__Bacteroidota; c__Bacteroidia; o__Bacteroidales; f__Prevotellaceae; g__Prevotella; s__Prevotella_jejuni	0.9062607804153165
753ef9fbba3acadb6a08cd67de3b5c09	d__Bacteria; p__Bacteroidota; c__Bacteroidia; o__Cytophagales; f__Hymenobacteraceae; g__Hymenobacter; s__Hymenobacter_yonginensis	0.8360294409303776
045aea137648e9b3c65f9cbe82557414	d__Bacteria; p__Proteobacteria; c__Alphaproteobacteria; o__Sphingomonadales; f__Sphingomonadaceae; g__Sphingomonas	0.9664351497729265
5fdc992b036a0d5924a8b41b3de7a901	d__Bacteria; p__Proteobacteria; c__Gammaproteobacteria; o__Pseudomonadales; f__Pseudomonadaceae; g__Pseudomonas	0.9912557968528346
362567f3478a7acbd1639d275419c705	d__Bacteria; p__Proteobacteria; c__Alphaproteobacteria; o__Rhizobiales; f__Beijerinckiaceae; g__Bosea	0.9999996609193529
beee6256c84c54eda15a7b7d4c1bdee7	d__Bacteria; p__Bacteroidota; c__Bacteroidia; o__Cytophagales; f__Hymenobacteraceae; g__Hymenobacter; s__uncultured_bacterium	0.9476436042612437
b5362be08e5567457e4c7f8c665a6013	d__Eukaryota; p__Basidiomycota; c__Tremellomycetes; o__Tremellales; f__Bulleribasidiaceae; g__Vishniacozyma; s__Cryptococcus_sp.	0.915204846132795
08c696ef4234b0e77f34b61dc89db6c2	d__Bacteria; p__Proteobacteria; c__Gammaproteobacteria; o__Pseudomonadales; f__Pseudomonadaceae; g__Pseudomonas	0.9936772095121986
c4e498ea245945a94e3aacfc61ae3a0e	d__Bacteria; p__Firmicutes; c__Clostridia; o__Peptostreptococcales-Tissierellales; f__Peptostreptococcaceae; g__Peptostreptococcus; s__Peptostreptococcus_anaerobius	0.7730003132140704
abfe4a253f8ce0b60ef8d7d3fac7cfb8	d__Eukaryota; p__Mucoromycota; c__Incertae_Sedis; o__Mucorales; f__Rhizopodaceae; g__Rhizopus; s__Rhizopus_stolonifer	0.9999999089257768
beb75ee581e16e574bb38a627749c690	d__Bacteria; p__Firmicutes; c__Bacilli; o__Bacillales; f__Bacillaceae; g__Geobacillus	0.9911736224418364
b81561e2bc377a66bf460efa0b62afc3	d__Eukaryota; p__Ascomycota; c__Saccharomycetes; o__Saccharomycetales; f__Metschnikowiaceae; g__Clavispora-Candida_clade; s__Clavispora_lusitaniae	0.9999999803328026
94defa5fda20a547598a09b84c097099	d__Bacteria; p__Proteobacteria; c__Gammaproteobacteria; o__Burkholderiales; f__Oxalobacteraceae; g__Massilia	0.9991193590664829
51608b8efdfd8bff1772675880710c6f	d__Bacteria; p__Firmicutes; c__Bacilli; o__Exiguobacterales; f__Exiguobacteraceae; g__Exiguobacterium	0.9999912257346092
3e3172f41a96523679bdaf9dd0ee0393	d__Bacteria; p__Bacteroidota; c__Bacteroidia; o__Bacteroidales; f__Prevotellaceae; g__Prevotella	0.9999969322244746
623b5492e7cd7af8f45031745362cfe2	d__Bacteria; p__Firmicutes; c__Clostridia; o__Oscillospirales; f__Ruminococcaceae; g__Subdoligranulum	0.9999486119308565
e72c349877144db20e2ed91e6af9beb2	d__Bacteria; p__Bacteroidota; c__Bacteroidia; o__Bacteroidales; f__Prevotellaceae; g__Prevotella; s__Prevotella_pallens	0.9999875913306449
c19449c6506ee273dbe93b2764c7df86	d__Bacteria; p__Bdellovibrionota; c__Oligoflexia; o__0319-6G20; f__0319-6G20; g__0319-6G20; s__uncultured_Syntrophobacteraceae	0.7651796618572694
e2730f72ca001382e8f902606ba02cce	d__Bacteria; p__Actinobacteriota; c__Actinobacteria; o__Actinomycetales; f__Actinomycetaceae; g__Actinomyces; s__Schaalia_odontolytica	0.8525641783950654
655c847471aca4913f74755dba6c2a9e	d__Bacteria; p__Firmicutes; c__Bacilli; o__Lactobacillales; f__Carnobacteriaceae	0.9969268522728113
5b0a680d53caed7c0f18954862d2e551	d__Bacteria; p__Proteobacteria; c__Alphaproteobacteria; o__Sphingomonadales; f__Sphingomonadaceae; g__Sphingomonas	0.999599425524055
c7b587460985f4709cd79ed6ff11225e	d__Bacteria; p__Proteobacteria; c__Gammaproteobacteria; o__Pasteurellales; f__Pasteurellaceae; g__Haemophilus	0.9542695224743766
773c7560d4b542ef31f6128cdb6d6a93	d__Bacteria; p__Bacteroidota; c__Bacteroidia; o__Chitinophagales; f__Chitinophagaceae; g__Cnuella	0.9999968540440878
819536071694ef7f6e39822e36f23c1e	d__Bacteria; p__Proteobacteria; c__Alphaproteobacteria; o__Rhizobiales; f__Rhizobiaceae; g__Aureimonas	0.9093098215932174
0e2ec2f2a5318fd22ac3b48ba8ea990a	d__Eukaryota; p__Phragmoplastophyta; c__Embryophyta; o__Magnoliophyta; f__Magnoliophyta; g__Magnoliophyta	0.9999999961055929
34bf1248fa1369d20d72b30f55eb0a33	d__Bacteria; p__Firmicutes; c__Clostridia; o__Peptostreptococcales-Tissierellales; f__Peptostreptococcaceae; g__Peptostreptococcus	0.9999999274819805
f6fe03c6b3d03475b00366082e6b814c	d__Eukaryota; p__Phragmoplastophyta; c__Embryophyta; o__Magnoliophyta; f__Magnoliophyta; g__Magnoliophyta	0.9577826868026565
4a1d188c15caf8c96f85aceec5e39cd6	d__Bacteria; p__Actinobacteriota; c__Actinobacteria; o__Propionibacteriales; f__Nocardioidaceae	0.9999068315832363
ea1dac8e95e180dfb2435a9bcb02bbdc	d__Bacteria; p__Proteobacteria; c__Alphaproteobacteria; o__Azospirillales; f__Azospirillaceae; g__Nitrospirillum; s__Rhodospirillaceae_bacterium	0.9983984307177753
c276d97fa397511a93cd9490f5e68da5	d__Bacteria; p__Actinobacteriota; c__Actinobacteria; o__Actinomycetales; f__Actinomycetaceae; g__Mobiluncus	0.9999999998156327
c2d11b9539ef394c4c057929c7635cdb	d__Bacteria; p__Actinobacteriota; c__Actinobacteria; o__Micrococcales; f__Microbacteriaceae	0.9998580789947213
b6b4fe7cc039481cacc289ea203ec94b	d__Bacteria; p__Firmicutes; c__Negativicutes; o__Veillonellales-Selenomonadales; f__Veillonellaceae; g__Veillonella	0.999999978319982
22369ba6c5d5f2ccad6ee04854b0d3b5	d__Bacteria; p__Fusobacteriota; c__Fusobacteriia; o__Fusobacteriales; f__Leptotrichiaceae; g__Leptotrichia; s__uncultured_bacterium	0.7211210791062002
95605d237a84cab121ea7190195f403c	d__Bacteria; p__Actinobacteriota; c__Actinobacteria; o__Corynebacteriales; f__Mycobacteriaceae; g__Mycobacterium	0.9999998196627369
86382440e6cbc4f67ced8d50269d00de	d__Bacteria; p__Actinobacteriota; c__Actinobacteria; o__Micrococcales; f__Dermatophilaceae; g__Kineosphaera; s__Kineosphaera_limosa	0.9531755799626721
bca2d256864b02addaa9657e7994702c	d__Bacteria; p__Firmicutes; c__Bacilli; o__Lactobacillales; f__Carnobacteriaceae; g__Atopostipes; s__uncultured_bacterium	0.9001273795359617
b62da51d6d2783826645089f3ca30df7	d__Bacteria; p__Proteobacteria; c__Gammaproteobacteria; o__Xanthomonadales; f__Xanthomonadaceae; g__Stenotrophomonas	0.9999707807516309
197d99d957c97b20f3ae81d4c4029561	d__Bacteria; p__Proteobacteria; c__Gammaproteobacteria; o__Xanthomonadales; f__Xanthomonadaceae; g__Xanthomonas	0.9996036045866654
caad5e8a77634bc8b5ea414ac1cc76a9	d__Bacteria; p__Firmicutes; c__Negativicutes; o__Veillonellales-Selenomonadales; f__Selenomonadaceae; g__Selenomonas; s__Selenomonas_sputigena	0.9712117956788461
4f5eb5329d21a11277f164421f8ad245	d__Bacteria; p__Actinobacteriota; c__Actinobacteria; o__Propionibacteriales; f__Nocardioidaceae; g__Nocardioides	0.9999975910863564
c7f9f444e47243f47d0a9848fc6ca892	d__Bacteria; p__Actinobacteriota; c__Actinobacteria; o__Frankiales; f__Geodermatophilaceae; g__Blastococcus	0.9822083248245213
1d87ac0f7b7633d4f175eecdc8ffd7e3	d__Bacteria; p__Actinobacteriota; c__Actinobacteria; o__Micrococcales; f__Microbacteriaceae; g__Leifsonia	0.9941904074012659
35adc36755a01ceb92be6f22dc2e26f0	d__Bacteria; p__Firmicutes; c__Bacilli; o__Staphylococcales; f__Staphylococcaceae; g__Staphylococcus	0.9999848594366896
c01dd432c15ab6a8c528ed0191620b8d	d__Bacteria; p__Actinobacteriota; c__Actinobacteria; o__Micrococcales; f__Microbacteriaceae; g__Microbacterium	0.9953642593222793
544ccba1f9bc863e9754ff8ec191e3c4	d__Eukaryota; p__Ascomycota; c__Arthoniomycetes; o__uncultured; f__uncultured; g__uncultured; s__Phaeococcomycetaceae_sp.	0.9946214831336787
efa526f62f5ebdac5f23ff01ef23ee10	d__Bacteria; p__Proteobacteria; c__Alphaproteobacteria; o__Sphingomonadales; f__Sphingomonadaceae; g__Novosphingobium	0.9925775186244064
81a6cee4b2a10a980c2025f3fd6c9236	d__Bacteria; p__Firmicutes; c__Bacilli; o__Bacillales	0.9999859688114003
fcb9a7f5235775a5e6a663704f07a4a5	d__Bacteria; p__Proteobacteria; c__Alphaproteobacteria; o__Sphingomonadales; f__Sphingomonadaceae; g__Sphingomonas	0.997910231917451
5532acea4271977ec06462f1de2a3218	d__Bacteria; p__Proteobacteria; c__Alphaproteobacteria; o__Sphingomonadales; f__Sphingomonadaceae	0.9997769184187386
0b4ca2a85aad10a58f600892a15e6346	d__Bacteria; p__Actinobacteriota; c__Actinobacteria; o__Micrococcales; f__Dermacoccaceae; g__Dermacoccus	0.9684621889292737
0388e6edd483f340fae8f0b654add736	d__Bacteria; p__Bacteroidota; c__Bacteroidia; o__Flavobacteriales; f__Flavobacteriaceae; g__Flavobacterium	0.9999847955128993
f772149368224b59b2b7ad725799f9e9	d__Bacteria; p__Actinobacteriota; c__Actinobacteria; o__Propionibacteriales; f__Propionibacteriaceae; g__Luteococcus	0.734129309593527
89bb17108cdda5f7d673527d19242a9e	d__Bacteria; p__Bacteroidota; c__Bacteroidia; o__Bacteroidales; f__Prevotellaceae; g__Prevotella; s__Prevotella_oulorum	0.9997017203349244
33c7ff461477c67f2de64afdab36d47f	d__Bacteria; p__Firmicutes; c__Clostridia; o__Clostridiales; f__Clostridiaceae; g__Clostridium_sensu_stricto_1	0.9987216685541951
3413bbab8d6a0add94f69de2fe9b3b3c	d__Eukaryota; p__Ascomycota; c__Saccharomycetes; o__Saccharomycetales; f__Debaryomycetaceae; g__Candida-Lodderomyces_clade; s__Candida_parapsilosis	0.7609706229238553
0503baf07e754cc13b51dff125bd5c8f	d__Bacteria; p__Firmicutes; c__Negativicutes; o__Veillonellales-Selenomonadales; f__Veillonellaceae; g__Dialister; s__Dialister_micraerophilus	0.9997309618849464
1cf2a95d0b156d12b362f57fb521d4cf	d__Bacteria; p__Firmicutes; c__Clostridia; o__Lachnospirales; f__Lachnospiraceae; g__Oribacterium	0.9999972482654662
2478f16a8c641fd60123f9f8b2319a67	d__Bacteria; p__Firmicutes; c__Clostridia; o__Lachnospirales; f__Lachnospiraceae; g__Lachnoanaerobaculum; s__uncultured_bacterium	0.8230033400833064
7900f82c4f3373ac549d1b7f8ff19e11	d__Bacteria; p__Proteobacteria; c__Gammaproteobacteria; o__Pseudomonadales; f__Moraxellaceae; g__Moraxella; s__Moraxella_sp.	0.8367241965178368
5d66a153cfe4ccbe864a5e962315c526	d__Bacteria; p__Firmicutes; c__Bacilli; o__Lactobacillales; f__Streptococcaceae; g__Streptococcus; s__Streptococcus_agalactiae	0.9589465426015554
bd2998299698a0ab3688fc6e261fd07f	d__Bacteria; p__Proteobacteria; c__Alphaproteobacteria; o__Rhizobiales; f__Beijerinckiaceae; g__Methylobacterium-Methylorubrum; s__Methylobacterium_goesingense	0.7296932371774333
e783eab93602e2c93ad0d4033a86a7db	d__Bacteria; p__Firmicutes; c__Bacilli; o__Staphylococcales; f__Staphylococcaceae; g__Staphylococcus	0.9999846395531647
4927f50a63fb60fc7208da89bbdd0e58	d__Bacteria; p__Actinobacteriota; c__Actinobacteria; o__Propionibacteriales; f__Propionibacteriaceae	0.9999997506011227
90d4c06855031dbc9fe07ade1755b7a6	d__Bacteria; p__Actinobacteriota; c__Actinobacteria; o__Streptomycetales; f__Streptomycetaceae; g__Streptomyces	0.9999908848759028
ebbe7255b0fca364c2fa7eeb8b48cb43	d__Bacteria; p__Proteobacteria; c__Alphaproteobacteria; o__Rhodobacterales; f__Rhodobacteraceae; g__Rubellimicrobium; s__uncultured_bacterium	0.7721643031587644
0b5fc5a7fb590ff3075907fd9f0488f4	d__Bacteria; p__Firmicutes; c__Bacilli; o__Lactobacillales; f__Lactobacillaceae; g__Lactobacillus	0.999561227653089
21256685d8e1d58181a21f78637e8bc8	d__Bacteria; p__Firmicutes; c__Clostridia; o__Lachnospirales; f__Lachnospiraceae; g__Lachnospiraceae_NK4A136_group; s__uncultured_bacterium	0.7506027343625207
41e892d53b9f9bacf559a263b0a2dd36	d__Bacteria; p__Proteobacteria; c__Alphaproteobacteria; o__Sphingomonadales; f__Sphingomonadaceae; g__Sphingomonas	0.9819853974626659
b9532ec4711ed51fc564af73e6811a19	d__Bacteria; p__Firmicutes; c__Clostridia; o__Peptostreptococcales-Tissierellales; f__Peptostreptococcales-Tissierellales; g__Anaerococcus; s__uncultured_bacterium	0.788377675060805
b8048bcce1191947e68332a3850c0b6f	d__Bacteria; p__Fusobacteriota; c__Fusobacteriia; o__Fusobacteriales; f__Fusobacteriaceae; g__Fusobacterium; s__Fusobacterium_sp.	0.9904791329157804
a7aecdf74e8f44dd33d5e6b5cfa4ba3d	d__Bacteria; p__Proteobacteria; c__Gammaproteobacteria; o__Burkholderiales; f__Neisseriaceae; g__Neisseria	0.9995046297704056
58334aefe948920fc00f7553fcfc8362	d__Bacteria; p__Firmicutes; c__Clostridia; o__Peptostreptococcales-Tissierellales; f__Peptostreptococcales-Tissierellales; g__Peptoniphilus; s__Peptoniphilus_lacrimalis	0.9999096226330363
8d752ef7d1493f251c645466b7dac4dd	d__Bacteria; p__Bacteroidota; c__Bacteroidia; o__Cytophagales; f__Hymenobacteraceae; g__Hymenobacter	0.9999997583766259
c1aef09c0e4302989727a3462fa72c92	d__Bacteria; p__Fusobacteriota; c__Fusobacteriia; o__Fusobacteriales; f__Leptotrichiaceae; g__Leptotrichia; s__Leptotrichia_wadei	0.8996995963321985
e059d3ad1e24a1f0a9444a6c1694640d	d__Bacteria; p__Firmicutes; c__Clostridia; o__Peptostreptococcales-Tissierellales; f__Peptostreptococcales-Tissierellales; g__Anaerococcus	0.999999999998493
945dbcb2533255e2f37f9359dc1b92c7	d__Bacteria; p__Bacteroidota; c__Bacteroidia; o__Sphingobacteriales; f__Sphingobacteriaceae; g__Mucilaginibacter	0.9950189662057216
abd8d07e7c718198d6a140226bd336b0	d__Bacteria; p__Proteobacteria; c__Gammaproteobacteria; o__Burkholderiales; f__Alcaligenaceae; g__Oligella; s__Oligella_urethralis	0.8285584122634727
892aa29c9416174fea0a57ab8efd7e86	d__Bacteria; p__Actinobacteriota; c__Actinobacteria; o__Micrococcales; f__Dermacoccaceae; g__Kytococcus	0.999752726624709
e0267ac60f5ed423344be2429e9d3917	d__Bacteria; p__Bacteroidota; c__Bacteroidia; o__Chitinophagales; f__Chitinophagaceae; g__Segetibacter; s__uncultured_bacterium	0.7498198273668764
42184f02cb3adf95e635339387fec394	d__Bacteria; p__Firmicutes; c__Clostridia; o__Peptostreptococcales-Tissierellales; f__Peptostreptococcales-Tissierellales; g__Anaerococcus; s__Anaerococcus_prevotii	0.9245717758570355
6606b46f95a60f1f775d9436a673aaa8	d__Bacteria; p__Bacteroidota; c__Bacteroidia; o__Bacteroidales; f__Prevotellaceae; g__Prevotella; s__Prevotella_oulorum	0.9993526581518473
6e8f30d803525b4eb3d0aed56628c07d	d__Bacteria; p__Bacteroidota; c__Bacteroidia; o__Sphingobacteriales; f__Sphingobacteriaceae; g__Sphingobacterium	0.9999999995172238
1cea5e838bb7e2bda4ab2c1a5da51a94	d__Bacteria; p__Cyanobacteria; c__Cyanobacteriia; o__Chloroplast; f__Chloroplast; g__Chloroplast	0.9999999999993537
93a756cec700835768c1accf18cad743	d__Bacteria; p__Bacteroidota; c__Rhodothermia; o__Balneolales; f__Balneolaceae; g__uncultured; s__uncultured_bacterium	0.8497999960978699
035c781e8ca2a0bdeca6e7cff6e0804a	d__Bacteria; p__Proteobacteria; c__Gammaproteobacteria; o__Enterobacterales; f__Enterobacteriaceae	0.9824508733025797
df0b630dde1304a6c5961ca947f12581	d__Bacteria; p__Proteobacteria; c__Gammaproteobacteria; o__Pseudomonadales; f__Moraxellaceae; g__Acinetobacter; s__Acinetobacter_baumannii	0.8885258425761666
96f26e6770e18c399642e9241e3825f5	d__Bacteria; p__Bacteroidota; c__Bacteroidia; o__Bacteroidales; f__Prevotellaceae; g__Prevotella; s__Prevotella_saccharolytica	0.9999985275587915
9a0ba69050945d9c3568256af89e84b0	d__Eukaryota; p__Phragmoplastophyta; c__Embryophyta; o__Magnoliophyta; f__Magnoliophyta; g__Magnoliophyta	0.9999988170895986
0cc3c337966d43baaafe047254ea0f8a	d__Bacteria; p__Proteobacteria; c__Alphaproteobacteria; o__Sphingomonadales; f__Sphingomonadaceae; g__Sphingomonas; s__Sphingomonas_glacialis	0.838950172329891
821c10fc227fdf24e3c85af675931e3b	d__Bacteria; p__Firmicutes; c__Bacilli; o__Lactobacillales; f__Lactobacillaceae; g__Lactobacillus; s__Lactobacillus_delbrueckii	0.9886720498804445
4eb17ba1c34878bb2467e5fd14073160	d__Bacteria; p__Proteobacteria; c__Alphaproteobacteria; o__Rhodobacterales; f__Rhodobacteraceae; g__Paracoccus	0.9908057492505087
69c917d77e6b5d6015e2ee4d919e8712	d__Bacteria; p__Actinobacteriota; c__Thermoleophilia; o__Solirubrobacterales; f__Solirubrobacteraceae; g__Solirubrobacter	0.999941665838758
d7d02c5e51508c753b66b2dd91b9e4df	d__Bacteria; p__Bacteroidota; c__Bacteroidia; o__Chitinophagales; f__Chitinophagaceae; g__uncultured	0.8577126252986257
57da12b1c988ea39b8e63f3cc0b185f1	d__Bacteria; p__Proteobacteria; c__Gammaproteobacteria; o__Pasteurellales; f__Pasteurellaceae; g__Frederiksenia	0.7804409352977604
44f4acc85d22871ccc88b1b386c04360	d__Bacteria; p__Proteobacteria; c__Gammaproteobacteria; o__Pasteurellales; f__Pasteurellaceae; g__Actinobacillus; s__Haemophilus_parahaemolyticus	0.7281195915296557
4627394b3080843cab7fe23c2e3f8493	d__Bacteria; p__Firmicutes; c__Bacilli; o__Staphylococcales; f__Staphylococcaceae; g__Staphylococcus	0.9996964865255341
5a5749cccb0705a0be9f77c3b711bede	d__Bacteria; p__Bacteroidota; c__Bacteroidia; o__Cytophagales; f__Hymenobacteraceae; g__Pontibacter; s__uncultured_Bacteroidetes	0.7110202345551434
4f71d9d5ddf9dc88ea74622417149add	d__Eukaryota; p__Basidiomycota; c__Tremellomycetes; o__Filobasidiales; f__Filobasidiaceae; g__Filobasidium; s__uncultured_Filobasidium	0.7910364726854772
f04faa43fa85f621694975fa14bc49b1	d__Bacteria; p__Actinobacteriota; c__Actinobacteria; o__Propionibacteriales; f__Nocardioidaceae; g__Kribbella	0.9999999943965578
8be019c026428e0a2bb4950d4877d98a	d__Bacteria; p__Firmicutes; c__Negativicutes; o__Veillonellales-Selenomonadales; f__Selenomonadaceae; g__Selenomonas; s__Selenomonas_artemidis	0.744131737758197
2e69e69638e6062090caa9d7d960f214	d__Bacteria; p__Proteobacteria; c__Gammaproteobacteria; o__Burkholderiales; f__Comamonadaceae; g__Azohydromonas	0.7932203611919394
f1b7f54bdca46c3ebc906124bb27ed23	d__Bacteria; p__Proteobacteria; c__Gammaproteobacteria; o__Enterobacterales; f__Enterobacteriaceae	0.9844943237253214
11911e45c5ee7b962da56932c3bd7b81	d__Bacteria; p__Bacteroidota; c__Bacteroidia; o__Bacteroidales; f__Bacteroidaceae; g__Bacteroides; s__Bacteroides_caccae	0.8295590794330243
19cb7d19da8620888e4ed00f551ed1c2	d__Eukaryota; p__Phragmoplastophyta; c__Embryophyta; o__Magnoliophyta; f__Magnoliophyta; g__Magnoliophyta; s__Allium_cepa	0.9258556864242691
034552c2bce95fbd6199b013f52c7f2b	d__Eukaryota; p__Phragmoplastophyta; c__Embryophyta; o__Magnoliophyta; f__Magnoliophyta; g__Magnoliophyta	0.9999085027706505
3a052646bce1d38897aced9bc559bd76	d__Bacteria; p__Bacteroidota; c__Bacteroidia; o__Bacteroidales; f__Prevotellaceae; g__Prevotella; s__Prevotella_nanceiensis	0.9999952380379377
da648251b9fc290301ed416560dba199	Unassigned	0.3765016220465446
995b93e065504257110b3c5f2dcacfc9	d__Bacteria; p__Firmicutes; c__Clostridia; o__Peptostreptococcales-Tissierellales; f__Peptostreptococcales-Tissierellales; g__Anaerococcus; s__uncultured_bacterium	0.7109259449324596
633c3f4954795de10f9f889df03ac2fd	d__Bacteria; p__Proteobacteria; c__Alphaproteobacteria; o__Caulobacterales; f__Caulobacteraceae; g__Brevundimonas; s__Brevundimonas_staleyi	0.9136439060383079
d2b350d2869d9893ab0e632f70379b18	d__Eukaryota; p__Ascomycota; c__Saccharomycetes; o__Saccharomycetales; f__Saccharomycetaceae; g__Saccharomyces	0.9848303950514791
bcbeadc03d909518b8bc13b17a54b51d	d__Bacteria; p__Bacteroidota; c__Bacteroidia; o__Bacteroidales; f__Porphyromonadaceae; g__Porphyromonas; s__Porphyromonas_catoniae	0.8557828944751191
24ba2c164717ac7327ab3e463fb086b9	d__Bacteria; p__Bacteroidota; c__Bacteroidia; o__Flavobacteriales; f__Weeksellaceae; g__Chryseobacterium	0.9993740078696908
61dac1ec826ef83927051a69975aa549	d__Bacteria; p__Proteobacteria; c__Alphaproteobacteria; o__Acetobacterales; f__Acetobacteraceae; g__Roseomonas	0.9999827676394681
295f44799ad58a50f0780323e45a4c87	d__Bacteria; p__Proteobacteria; c__Gammaproteobacteria; o__Pseudomonadales; f__Pseudomonadaceae; g__Pseudomonas	0.9986500803014651
bd564259fee8af803f84ecf6a04f25f9	d__Bacteria; p__Firmicutes; c__Clostridia; o__Clostridiales; f__Clostridiaceae; g__Clostridium_sensu_stricto_1	0.9999855614749057
fe47214bbc8c00336f2c413092a664b7	d__Bacteria; p__Actinobacteriota; c__Actinobacteria; o__Micrococcales; f__Micrococcaceae; g__Arthrobacter	0.9394252718392322
52300ad880c0788ee37d7a0810185f7e	d__Bacteria; p__Cyanobacteria; c__Cyanobacteriia; o__Chloroplast; f__Chloroplast; g__Chloroplast	0.9999999999998226
be9737748ad33e8f55efb13b2d3f6554	d__Bacteria; p__Proteobacteria; c__Gammaproteobacteria; o__Pseudomonadales; f__Moraxellaceae; g__Acinetobacter	0.9999988435458527
1d482b53d098b89a6e379be66c663f55	d__Bacteria; p__Firmicutes; c__Bacilli; o__Lactobacillales; f__Leuconostocaceae; g__Leuconostoc	0.999999991642509
4852a0747ecfede93e4b3295e5b9c5bd	d__Bacteria; p__Firmicutes; c__Clostridia; o__Peptostreptococcales-Tissierellales; f__Peptostreptococcales-Tissierellales; g__Peptoniphilus; s__Peptoniphilaceae_bacterium	0.8185126549934523
bcf620686150beca3e7b7910e85c011b	d__Bacteria; p__Firmicutes; c__Bacilli; o__Staphylococcales; f__Staphylococcaceae; g__Staphylococcus	0.9999350579968026
a802963577f61da8e4f2032cfa3306b5	d__Bacteria; p__Actinobacteriota; c__Actinobacteria; o__Actinomycetales; f__Actinomycetaceae; g__Actinomyces; s__Actinomyces_dentalis	0.9949672225144047
b4474c5262e8529ab1963f075ecd2606	d__Bacteria; p__Actinobacteriota; c__Coriobacteriia; o__Coriobacteriales; f__Coriobacteriaceae; g__Collinsella	0.9999999977115931
d9a2bc0dd36737741f4b15ad201f3e7e	d__Bacteria; p__Actinobacteriota; c__Actinobacteria; o__Corynebacteriales; f__Corynebacteriaceae; g__Corynebacterium; s__Corynebacterium_pyruviciproducens	0.899239322218449
5ed87e4d1716a6ab2bb918fc338c2df8	d__Bacteria; p__Proteobacteria; c__Alphaproteobacteria; o__Rhizobiales; f__Beijerinckiaceae; g__Bosea	0.9999930075426613
516e7e3a4cc5f873d81f29b04b7d5154	d__Bacteria; p__Actinobacteriota; c__Actinobacteria; o__Micrococcales; f__Microbacteriaceae; g__Curtobacterium	0.792751952990384
9f3c670fc729dff268572b2033f7da12	d__Bacteria; p__Bacteroidota; c__Bacteroidia; o__Bacteroidales; f__Prevotellaceae; g__Prevotella	0.9999429348479627
8ce86347d376fe38a9d1a44649106352	d__Bacteria; p__Proteobacteria; c__Gammaproteobacteria; o__Pasteurellales; f__Pasteurellaceae	0.9999999999984525
1e34d786e7d9f0b62519c9462b873991	d__Bacteria; p__Actinobacteriota; c__Actinobacteria; o__Micrococcales; f__Micrococcaceae; g__Micrococcus	0.9764617139188069
7668ffb1e4e55ec28c344349732aa71f	d__Bacteria; p__Bacteroidota; c__Bacteroidia; o__Bacteroidales; f__Prevotellaceae; g__Alloprevotella; s__Alloprevotella_tannerae	0.9924550204771991
f4e2d10b2b5e56c61e0741c57a8c8d5e	d__Bacteria; p__Firmicutes; c__Bacilli; o__Staphylococcales; f__Staphylococcaceae; g__Staphylococcus	0.9967087875725587
4ee25a585ce0a3e288b1a8f7c6c451b5	d__Bacteria; p__Firmicutes; c__Clostridia; o__Lachnospirales; f__Lachnospiraceae; g__Coprococcus	0.9922065443294454
2826030e5264e5bdfea34bf7c9f69dc9	d__Bacteria; p__Firmicutes; c__Bacilli; o__Staphylococcales; f__Staphylococcaceae; g__Staphylococcus	0.999990601706295
10c5c1b862b70853024784970ca4d70f	d__Bacteria; p__Firmicutes; c__Bacilli; o__Bacillales; f__Planococcaceae	0.8266956977689851
ab50a565a9b40b8049b2794a027f33a2	d__Bacteria; p__Bacteroidota; c__Bacteroidia; o__Cytophagales; f__Hymenobacteraceae; g__Hymenobacter	0.9999999999905523
23756a965e2e5e88f0c698010f24abb0	d__Bacteria; p__Firmicutes; c__Bacilli; o__Lactobacillales; f__Streptococcaceae; g__Streptococcus; s__Streptococcus_urinalis	0.9835301195025009
bad7418b47e28ae308dabaa805722a50	d__Bacteria; p__Bacteroidota; c__Bacteroidia; o__Bacteroidales; f__Porphyromonadaceae; g__Porphyromonas; s__Porphyromonas_gingivalis	0.8959318371524263
dab7a741d3d4b813e7343dc205690e3f	d__Eukaryota; p__Phragmoplastophyta; c__Embryophyta; o__Magnoliophyta; f__Magnoliophyta; g__Magnoliophyta; s__Lolium_perenne	0.9096365838331103
783c5f1a9457f1868f25f6d05374b7c9	d__Bacteria; p__Proteobacteria; c__Alphaproteobacteria; o__Sphingomonadales; f__Sphingomonadaceae; g__Sphingomonas	0.945322456036372
20ad1c7e2cec9aeecb87837847066804	d__Bacteria; p__Bacteroidota; c__Bacteroidia; o__Flavobacteriales; f__Flavobacteriaceae; g__Flavobacterium	0.9999870223226444
6fdacf73e03ea2e6a17d0d641354a520	d__Bacteria; p__Actinobacteriota; c__Actinobacteria; o__Actinomycetales; f__Actinomycetaceae; g__Actinomyces	0.9999999989795877
0f1ba1f2859e65e1f0eee1f4e25f5e53	d__Bacteria; p__Proteobacteria; c__Gammaproteobacteria; o__Enterobacterales; f__Yersiniaceae; g__Serratia	0.8715852499880985
1cd2802de26f53ed7d95402286cbc8f9	d__Bacteria; p__Acidobacteriota; c__Vicinamibacteria; o__Vicinamibacterales; f__uncultured; g__uncultured; s__uncultured_bacterium	0.9249096546193626
7d006dc4f1711751cd2144280e0d29d2	d__Bacteria; p__Cyanobacteria; c__Cyanobacteriia; o__Chloroplast; f__Chloroplast; g__Chloroplast	0.9999999999999223
a5d71ab0d4f530c3875cf5c4866a6ecd	d__Bacteria; p__Firmicutes; c__Bacilli; o__Lactobacillales; f__Aerococcaceae; g__Aerococcus	0.9999999927081675
8479cd778a5db47b3c84e31073f434d9	d__Eukaryota; p__Ascomycota; c__Eurotiomycetes; o__Eurotiales; f__Aspergillaceae; g__Aspergillus	0.9797855806751463
ee08958e3040c3e70392c99398895c48	d__Bacteria; p__Proteobacteria; c__Gammaproteobacteria; o__Xanthomonadales; f__Rhodanobacteraceae; g__Dyella	0.9917393947329152
8a1fc33f7f6dd3d3380df4e308395e8d	d__Bacteria; p__Verrucomicrobiota; c__Verrucomicrobiae; o__Opitutales; f__Opitutaceae; g__Lacunisphaera	0.9999987421362136
0585624a74213c49ad99e89282067c36	d__Bacteria; p__Proteobacteria; c__Alphaproteobacteria; o__Sphingomonadales; f__Sphingomonadaceae; g__Novosphingobium	0.9969338685313058
9fffdf4ca0668139e5c24a654d453be6	d__Bacteria; p__Actinobacteriota; c__Thermoleophilia; o__Solirubrobacterales; f__67-14; g__67-14; s__metagenome	0.8414600334203847
d135abbfd58f6287d9a54a4dcec0ff2e	d__Bacteria; p__Proteobacteria; c__Alphaproteobacteria; o__Rhizobiales; f__Rhizobiaceae	0.9937194568884421
f72da11b7023637676e480703496d1a5	d__Bacteria; p__Firmicutes; c__Clostridia; o__Clostridia_UCG-014; f__Clostridia_UCG-014; g__Clostridia_UCG-014; s__Clostridiales_bacterium	0.9254730917398475
328e00d03e493ff4e0dcda58a51ace54	d__Bacteria; p__Bacteroidota; c__Bacteroidia; o__Cytophagales; f__Hymenobacteraceae; g__Adhaeribacter; s__uncultured_Adhaeribacter	0.9220635507140466
c270f7e5f2d70dfdeccbe6b8944ebac0	d__Bacteria; p__Bacteroidota; c__Bacteroidia; o__Flavobacteriales; f__Weeksellaceae; g__Chryseobacterium	0.9994371001316318
47b393d998cf732c712855f33a24d123	d__Bacteria; p__Bacteroidota; c__Bacteroidia; o__Flavobacteriales; f__Flavobacteriaceae; g__Flavobacterium	0.9999993245364718
2cf04bdf0d6af80729c2a0e56e4f6bc7	d__Bacteria; p__Cyanobacteria; c__Cyanobacteriia; o__Cyanobacteriales; f__Xenococcaceae; g__Pleurocapsa_PCC-7319; s__Pleurocapsa_sp.	0.9155072761731643
3375fc868114cd248c5484c5ec70eec9	d__Bacteria; p__Proteobacteria; c__Alphaproteobacteria; o__Sphingomonadales; f__Sphingomonadaceae; g__Sphingomonas	0.9998886466606861
e27bc21377b5b5c4851240d53023bf15	d__Bacteria; p__Proteobacteria; c__Gammaproteobacteria; o__Burkholderiales; f__Neisseriaceae	0.9999999265286752
42fc5a6105e0da62ac95eb3dfdfef12e	d__Bacteria; p__Bacteroidota; c__Bacteroidia; o__Cytophagales; f__Hymenobacteraceae; g__Hymenobacter; s__Hymenobacter_glacieicola	0.7518404028623777
3c0bc5fd6a7025a4e753327bac3f8818	d__Bacteria; p__Proteobacteria; c__Gammaproteobacteria; o__Cardiobacteriales; f__Cardiobacteriaceae; g__Cardiobacterium; s__uncultured_bacterium	0.8934640479783457
c2da9bf4bfa6190c05fe5a93b2a043f9	d__Bacteria; p__Proteobacteria; c__Gammaproteobacteria; o__Diplorickettsiales; f__Diplorickettsiaceae; g__Rickettsiella; s__uncultured_bacterium	0.9492308863653128
955e0dd05bd56c055feefed89d53168c	d__Bacteria; p__Cyanobacteria; c__Cyanobacteriia; o__Chloroplast; f__Chloroplast; g__Chloroplast	0.999999999999143
f96007a385c88c556e1b94b337c902e9	d__Bacteria; p__Proteobacteria; c__Alphaproteobacteria; o__Sphingomonadales; f__Sphingomonadaceae; g__Sphingopyxis	0.9999533821173786
f22a081497acd911f387dd6771a6d228	d__Eukaryota; p__Vertebrata; c__Aves; o__Aves; f__Aves; g__Aves; s__Ortalis_guttata	0.7008860200302826
197cbbb860f78930581724d82e1d4f5c	d__Bacteria; p__Actinobacteriota; c__Actinobacteria; o__Bifidobacteriales; f__Bifidobacteriaceae; g__Bifidobacterium	0.9999999787812421
cfc9a8ef6180ce38b5147880f9e651f0	d__Bacteria; p__Proteobacteria; c__Gammaproteobacteria; o__Enterobacterales; f__Yersiniaceae	0.9990603525147643
4c7633d13978d452cbc64a7895b56362	d__Bacteria; p__Proteobacteria; c__Alphaproteobacteria; o__Rickettsiales; f__Mitochondria; g__Mitochondria	0.9999999999999938
e538bef54ccc5df41473e101159eb152	d__Bacteria; p__Actinobacteriota; c__Actinobacteria; o__Micrococcales; f__Micrococcaceae; g__Pseudoglutamicibacter; s__Pseudoglutamicibacter_cumminsii	0.9163898485511571
08caaae8d4a680436d35461cbf87b273	d__Bacteria; p__Firmicutes; c__Bacilli; o__Staphylococcales; f__Staphylococcaceae; g__Staphylococcus	0.9999723634790361
06bd131c55c18fdcb9c646db21bca5e8	d__Eukaryota; p__Ascomycota; c__Sordariomycetes; o__Hypocreales; f__Nectriaceae; g__Fusarium	0.9715513795820665
d62ea1c8fc13be9fec8745d41f826fc6	d__Bacteria; p__Actinobacteriota; c__Actinobacteria; o__Actinomycetales; f__Actinomycetaceae; g__Actinotignum; s__Actinotignum_schaalii	0.9524963196660671
b81c4bda8de6b82637b66c952f7353d9	d__Eukaryota; p__Apicomplexa; c__Conoidasida; o__Gregarinasina; f__Eugregarinorida; g__Gregarina; s__Heterocapsaceae_environmental	0.9640940312419811
5f98e6a0ac19cec5ae79da0d2cf06a2f	d__Bacteria; p__Bacteroidota; c__Bacteroidia; o__Bacteroidales; f__Prevotellaceae; g__Alloprevotella; s__Alloprevotella_tannerae	0.9961705238686552
e2ce3f59df82ef22514f191f31bdaa4e	d__Bacteria; p__Bacteroidota; c__Bacteroidia; o__Bacteroidales; f__Prevotellaceae; g__Prevotella; s__Prevotella_buccalis	0.9999149573216762
3a3eeda4967f5fc560294461e41c700f	d__Bacteria; p__Bacteroidota; c__Bacteroidia; o__Flavobacteriales; f__Weeksellaceae; g__Chryseobacterium	0.998403292398012
843c1f94f5d2b537b5c5d3b56d6a60a2	d__Bacteria; p__Bacteroidota; c__Bacteroidia; o__Cytophagales; f__Spirosomaceae; g__Dyadobacter	0.9999996363714352
a23acbb906f3dd31f69805e3651cd0bc	d__Bacteria; p__Actinobacteriota; c__Actinobacteria; o__Kineosporiales; f__Kineosporiaceae; g__Quadrisphaera; s__uncultured_bacterium	0.9966260476193649
4222ec897a1b758d37c83500f18c69d6	d__Bacteria; p__Proteobacteria; c__Alphaproteobacteria; o__Caulobacterales; f__Caulobacteraceae; g__Brevundimonas; s__Brevundimonas_diminuta	0.8460352485868302
e9553b5dbce459c621b4f21d908a5d09	d__Bacteria; p__Proteobacteria; c__Alphaproteobacteria; o__Sphingomonadales; f__Sphingomonadaceae; g__Sandaracinobacter; s__uncultured_bacterium	0.7278931417561013
82732a432cfbb60d107803413c36323c	d__Bacteria; p__Firmicutes; c__Clostridia; o__Peptostreptococcales-Tissierellales; f__Peptostreptococcales-Tissierellales; g__Anaerococcus	0.9999999999963671
c83545b0df09656afc8bccf090fe26ba	d__Bacteria; p__Proteobacteria; c__Gammaproteobacteria; o__Burkholderiales; f__Neisseriaceae; g__Neisseria	0.9996833478708176
990a42175920c5e115aa83981433112e	d__Bacteria; p__Firmicutes; c__Negativicutes; o__Veillonellales-Selenomonadales; f__Veillonellaceae; g__Dialister	0.9999999637785733
ff58206882448c46d0ae311d2927a875	d__Bacteria; p__Firmicutes; c__Bacilli; o__Lactobacillales; f__Leuconostocaceae; g__Weissella; s__Weissella_jogaejeotgali	0.9818911044103077
5bfda7c4597b08c99a792127905e956a	d__Bacteria; p__Actinobacteriota; c__Actinobacteria; o__Propionibacteriales; f__Propionibacteriaceae; g__Cutibacterium	0.999776945906584
3e2fa26dc018f8e7c1c238b00944b557	d__Bacteria; p__Firmicutes; c__Bacilli; o__Bacillales; f__Planococcaceae	0.8158442013388945
cb710075a09e3071a56917ed71216c15	d__Bacteria; p__Bacteroidota; c__Bacteroidia; o__Bacteroidales; f__Porphyromonadaceae; g__Porphyromonas; s__Porphyromonas_somerae	0.9999935246078779
d418db0fa6a8f18c74fe66076a930805	d__Bacteria; p__Fusobacteriota; c__Fusobacteriia; o__Fusobacteriales; f__Leptotrichiaceae; g__Leptotrichia	0.9999999999955065
c2dd9c3dbfae688ae3e59d8d7da352d2	d__Bacteria; p__Firmicutes; c__Bacilli; o__Bacillales; f__Bacillaceae; g__Geobacillus	0.9988517649737919
d0629f8fe3d0fcf05a8ac7e51c2027b3	d__Bacteria; p__Proteobacteria; c__Gammaproteobacteria; o__Alteromonadales; f__Alteromonadaceae; g__Rheinheimera	0.8915069350468138
8ab91dea903211cd7e086f4ce8f6fe75	d__Bacteria; p__Actinobacteriota; c__Actinobacteria; o__Kineosporiales; f__Kineosporiaceae; g__Pseudokineococcus; s__Pseudokineococcus_lusitanus	0.8619846791048127
ab9bf859fcf98d8d751687b96dd4c75c	d__Bacteria; p__Firmicutes; c__Bacilli; o__Staphylococcales; f__Staphylococcaceae; g__Staphylococcus	0.999894859502275
88b07bdc83f6bace7ee3ee9f13a43a50	d__Eukaryota; p__Basidiomycota; c__Agaricomycetes; o__Russulales; f__Stereaceae; g__uncultured; s__uncultured_fungus	0.9647463780798682
49d11e29b90f70c4bf0d0c016fb36f59	d__Bacteria; p__Proteobacteria; c__Alphaproteobacteria; o__Sphingomonadales; f__Sphingomonadaceae; g__uncultured	0.8734629316358198
a5d8d40347863e95ca19389e219b21dc	d__Bacteria; p__Firmicutes; c__Bacilli; o__Lactobacillales; f__Streptococcaceae; g__Streptococcus; s__Streptococcus_sobrinus	0.9761821337523756
f763599c2002522e2dd1611512b2a963	d__Eukaryota	0.9996874367137543
22ba420dbb3190a8ae76ef168438d87a	d__Bacteria; p__Bacteroidota; c__Bacteroidia; o__Chitinophagales; f__Chitinophagaceae; g__Segetibacter	0.9997497162533948
57c22f4d7b38c5c1481524848fb9eae4	d__Bacteria; p__Firmicutes; c__Bacilli; o__Lactobacillales; f__Streptococcaceae; g__Streptococcus; s__Streptococcus_canis	0.9202853797618205
c40dfb061a21c2a39ffba347f4a60d94	d__Bacteria; p__Bacteroidota; c__Bacteroidia; o__Cytophagales; f__Hymenobacteraceae; g__Hymenobacter	0.9999999999792265
a09fde4863872360f3fb3b13ca497666	d__Bacteria; p__Cyanobacteria; c__Cyanobacteriia; o__Chloroplast; f__Chloroplast; g__Chloroplast; s__Chlorosarcina_brevispinosa	0.9987767287104485
bf5a234f6f86037a3ae1169a25829369	d__Bacteria; p__Proteobacteria; c__Gammaproteobacteria; o__Alteromonadales; f__Alteromonadaceae; g__Rheinheimera; s__Pararheinheimera_soli	0.8117442526999133
490d5ec477b26c6dd47e728a60b24aee	d__Bacteria; p__Proteobacteria; c__Alphaproteobacteria; o__Rhizobiales; f__Xanthobacteraceae	0.9999998592861581
c17f290e5ee6b8a8d6252a229ca40049	d__Eukaryota; p__Phragmoplastophyta; c__Embryophyta; o__Pinophyta; f__Pinophyta; g__Pinophyta	0.9999995136265774
3bd62ed8f10db7c556173ff17812796f	d__Bacteria; p__Proteobacteria; c__Alphaproteobacteria; o__Sphingomonadales; f__Sphingomonadaceae; g__Sphingomonas	0.7400827402984406
2344c39f1d9f4ed19ea34df18154503b	d__Bacteria; p__Actinobacteriota; c__Actinobacteria; o__Propionibacteriales; f__Nocardioidaceae; g__Nocardioides	0.9999527986982457
79e53e7887611f694533a4e89f4d1502	d__Eukaryota; p__Phragmoplastophyta; c__Embryophyta; o__Magnoliophyta; f__Magnoliophyta; g__Magnoliophyta; s__Phaseoleae_environmental	0.9471698542020934
d360c0d09e7af9f4a72350ec8c7f931c	d__Bacteria; p__Proteobacteria; c__Gammaproteobacteria; o__Pseudomonadales; f__Moraxellaceae; g__Alkanindiges	0.999966555484593
7ad9054be3fe8cba920cc11a44afe38c	d__Bacteria; p__Bacteroidota; c__Bacteroidia; o__Bacteroidales; f__Porphyromonadaceae; g__Porphyromonas; s__uncultured_bacterium	0.8575794050508381
829ec26ef2cc8a485e28641159018b99	d__Bacteria; p__Bacteroidota; c__Bacteroidia; o__Bacteroidales; f__Prevotellaceae; g__Prevotella; s__Prevotella_maculosa	0.9992979108680461
35cf96f769789d611babaf98c46505d5	d__Bacteria; p__Bacteroidota; c__Bacteroidia; o__Chitinophagales; f__Chitinophagaceae; g__Segetibacter	0.9994412162604468
531dcf80b5019c916f88298826b9ab7b	d__Bacteria; p__Deinococcota; c__Deinococci; o__Deinococcales; f__Deinococcaceae; g__Deinococcus; s__uncultured_bacterium	0.9945410776130514
3d51dbc5cadb838336a9f6f047f5707b	d__Bacteria; p__Firmicutes; c__Clostridia; o__Peptococcales; f__Peptococcaceae; g__Peptococcus	0.9999999983219316
21d81429f39055a7ddb1972e336a4142	d__Bacteria; p__Bacteroidota; c__Bacteroidia; o__Chitinophagales; f__Chitinophagaceae; g__Segetibacter; s__uncultured_bacterium	0.7821030070227736
247feb672a901ea220ade220b71a0b07	d__Bacteria; p__Proteobacteria; c__Gammaproteobacteria; o__Pseudomonadales; f__Pseudomonadaceae; g__Pseudomonas; s__Pseudomonas_balearica	0.9706611527174562
fcaa600ee5a73915a4ff64f9bb24629c	d__Bacteria; p__Cyanobacteria; c__Cyanobacteriia; o__Chloroplast; f__Chloroplast; g__Chloroplast	0.9999999999994313
a3aea481cf179f9f09825e94d6620d65	d__Eukaryota; p__Arthropoda; c__Diplopoda; o__Helminthomorpha; f__Helminthomorpha; g__Helminthomorpha; s__Julidae_sp.	0.9452575208636961
7d7a736255fa309465004fa502c990d3	d__Bacteria	0.7043638160963732
e6a1efeefc4defd3d7de5a86eb375365	Unassigned	0.33788253965783377
6f63f65dd66c8882a01759bd023ed4cb	d__Bacteria; p__Acidobacteriota; c__Acidobacteriae; o__Bryobacterales; f__Bryobacteraceae; g__Bryobacter	0.9988780185397715
ef2fe072585fd1f3db9d891f1c4a125e	d__Bacteria; p__Firmicutes; c__Clostridia; o__Lachnospirales; f__Lachnospiraceae; g__Blautia	0.9975071389312741
912293d1282513f5c5919a1d3cabbb7b	d__Bacteria; p__Bacteroidota; c__Bacteroidia; o__Flavobacteriales; f__Flavobacteriaceae; g__Flavobacterium; s__Flavobacterium_hauense	0.940590228194343
ecdb893b0eb6770d2bc37ad9fd39df92	d__Bacteria; p__Actinobacteriota; c__Actinobacteria; o__Corynebacteriales; f__Corynebacteriaceae; g__Corynebacterium	0.9999991590697365
497989599e7ad5ceee05302057358cb3	d__Bacteria; p__Firmicutes; c__Clostridia; o__Clostridia_UCG-014; f__Clostridia_UCG-014; g__Clostridia_UCG-014	0.8411881624479423
51c2875c07a7c90a8b7e5c8f3cd3c35c	d__Bacteria; p__Firmicutes; c__Clostridia; o__Lachnospirales; f__Lachnospiraceae; g__Catonella	0.9999999999991711
ee8bcdbe8c0a4463c4cf8d3bb7f307cc	d__Bacteria; p__Proteobacteria; c__Gammaproteobacteria; o__Xanthomonadales; f__Xanthomonadaceae	0.9999990693911689
395b27caa1b0a1eed16933a3c732ab51	d__Eukaryota; p__Arthropoda; c__Arachnida; o__Acari; f__Acari; g__Acari; s__Dermatophagoides_evansi	0.9999089621969206
7249e30e9a60581c515ca06f5bfa129d	d__Bacteria; p__Proteobacteria; c__Alphaproteobacteria; o__Rhizobiales; f__Rhizobiaceae	0.9999943795154507
f914c17cfd3dd4b9bfb796791470dbfc	d__Bacteria; p__Bacteroidota; c__Bacteroidia; o__Chitinophagales; f__Chitinophagaceae; g__Aurantisolimonas; s__uncultured_bacterium	0.9217976413580342
876cb46f5814c1d59a83e9bcd78645df	d__Bacteria; p__Firmicutes; c__Clostridia; o__Lachnospirales; f__Lachnospiraceae; g__Roseburia	0.9909303665762463
6ae608c5c4d453a4c2af92132063390f	d__Eukaryota; p__Phragmoplastophyta; c__Embryophyta; o__Magnoliophyta; f__Magnoliophyta; g__Magnoliophyta; s__Laurus_nobilis	0.9964632058333729
c493b19d602050d9ca60def619a59dbb	d__Bacteria; p__Proteobacteria; c__Alphaproteobacteria; o__Sphingomonadales; f__Sphingomonadaceae; g__Qipengyuania; s__uncultured_bacterium	0.9361588159947627
b91537a2cc90b30ba07483ccff3a8b3c	d__Bacteria; p__Actinobacteriota; c__Actinobacteria; o__Bifidobacteriales; f__Bifidobacteriaceae; g__Bifidobacterium; s__Bifidobacterium_dentium	0.9184724045533328
487ca256aab574c7718308e99c28f0ba	d__Bacteria; p__Proteobacteria; c__Alphaproteobacteria; o__Sphingomonadales; f__Sphingomonadaceae; g__Sphingopyxis	0.9986118535798744
a60520883d135715245a3e9ca0f20ece	d__Eukaryota; p__Phragmoplastophyta; c__Embryophyta; o__Pinophyta; f__Pinophyta; g__Pinophyta	0.9999999463181621
ce8b4656791a975910a515013c46bbe4	d__Bacteria; p__Firmicutes; c__Negativicutes; o__Veillonellales-Selenomonadales; f__Veillonellaceae; g__Megasphaera; s__Megasphaera_micronuciformis	0.9968583501420429
6ac3ccef3c71967fa56cc7809ca2707b	d__Bacteria; p__Actinobacteriota; c__Actinobacteria; o__Frankiales; f__Geodermatophilaceae	0.9999752726591192
fac1b313afb2b3732fd0673a1f993edc	d__Eukaryota	0.9999999996019787
cfae5a5fef9d80b3a67aceb8520dc84b	d__Bacteria; p__Actinobacteriota; c__Actinobacteria; o__Propionibacteriales; f__Nocardioidaceae; g__Marmoricola	0.9960973747706252
4a6f382405ce699f9dc65e06f6f48baf	d__Eukaryota; p__Ascomycota; c__Dothideomycetes; o__Pleosporales; f__Phaeosphaeriaceae	0.749449942847751
6fd86df1c3d8d110d02c7c34a70c1189	d__Bacteria; p__Bacteroidota; c__Bacteroidia; o__Flavobacteriales; f__Weeksellaceae; g__Chryseobacterium	0.9997114285047471
16f86ebd6143b51e83c90adf39916c69	d__Bacteria; p__Proteobacteria; c__Alphaproteobacteria; o__Rhodobacterales; f__Rhodobacteraceae; g__Amaricoccus; s__uncultured_bacterium	0.943017627670781
f6550da12c6b8a5ace195c5d59467e9c	d__Bacteria; p__Actinobacteriota; c__Actinobacteria; o__Corynebacteriales; f__Mycobacteriaceae; g__Mycobacterium	0.9999998207246589
a813295ecd4ddd123857b1aedab34f09	d__Bacteria; p__Proteobacteria; c__Gammaproteobacteria; o__Pseudomonadales; f__Pseudomonadaceae	0.9999784223280266
7b0a413aae9a1c5823c841fd370fca52	d__Bacteria; p__Proteobacteria; c__Gammaproteobacteria; o__Burkholderiales; f__Neisseriaceae; g__uncultured	0.9999997810215566
da56dc8b567c2d32643c7202da5761ab	d__Bacteria; p__Proteobacteria; c__Alphaproteobacteria; o__Sphingomonadales; f__Sphingomonadaceae; g__Novosphingobium; s__Novosphingobium_fluoreni	0.7966633706551226
4c66ca3d2134f349eb836f1edc23958e	d__Bacteria; p__Verrucomicrobiota; c__Verrucomicrobiae; o__Verrucomicrobiales; f__Rubritaleaceae; g__Luteolibacter	0.9999999906812483
3afc7d7ff085b179e3af47f68b383303	d__Bacteria; p__Proteobacteria; c__Gammaproteobacteria; o__Oceanospirillales; f__Halomonadaceae; g__Chromohalobacter	0.9997550804222531
717fe10ec722a01ca92f13e8700c4a68	d__Bacteria; p__Proteobacteria; c__Alphaproteobacteria; o__Sphingomonadales; f__Sphingomonadaceae	0.9955812586441687
9baab3d0a17df1c644b530aed7a8d288	d__Bacteria; p__Bacteroidota; c__Rhodothermia; o__Balneolales; f__Balneolaceae; g__uncultured; s__uncultured_bacterium	0.9710977866233289
a8450466349197fd633ad6278db0b39a	d__Bacteria; p__Proteobacteria; c__Gammaproteobacteria; o__Oceanospirillales; f__Halomonadaceae; g__HdN1; s__gamma_proteobacterium	0.9999999123826949
6fa4c14e7faaff1c418917dd4325cc07	d__Bacteria; p__Proteobacteria; c__Gammaproteobacteria; o__Pseudomonadales; f__Pseudomonadaceae; g__Pseudomonas	0.9998335152455025
f1c169834926dc8f8c94a5c5d0bd25aa	d__Bacteria; p__Proteobacteria; c__Alphaproteobacteria; o__Sphingomonadales; f__Sphingomonadaceae	0.99965379546007
88a6e28310dc27b6cac319f1ef917f81	d__Bacteria; p__Bacteroidota; c__Bacteroidia; o__Flavobacteriales; f__Blattabacteriaceae; g__Blattabacterium; s__Blattabacterium_sp.	0.9616055020847785
aa88670a523cd4db55ae1f01d82f9dd8	d__Bacteria; p__Bacteroidota; c__Bacteroidia; o__Bacteroidales; f__Porphyromonadaceae; g__Porphyromonas	0.9999999998700744
a57e37b8ed4b93f5a365d45156c57503	d__Bacteria; p__Bacteroidota; c__Bacteroidia; o__Flavobacteriales; f__Weeksellaceae; g__Chryseobacterium	0.9915074809515244
48254db7a5faa32f55d79ebc8709d03c	d__Bacteria; p__Proteobacteria; c__Alphaproteobacteria; o__Sphingomonadales; f__Sphingomonadaceae	0.9999735783034249
a4bdcf0724f69b1ebaded1c94e17ba7f	d__Bacteria; p__Bacteroidota; c__Bacteroidia; o__Flavobacteriales; f__Flavobacteriaceae; g__Flavobacterium	0.9999997394585018
e3b4c67e271b9a2d77654bc055fd6c58	d__Bacteria; p__Actinobacteriota; c__Actinobacteria; o__Micrococcales; f__Brevibacteriaceae; g__Brevibacterium	0.9999999953554547
cd6fa9dbcd1a9dd5816e42f68a8cbc66	d__Bacteria; p__Bacteroidota; c__Bacteroidia; o__Flavobacteriales; f__Weeksellaceae; g__Chryseobacterium	0.9998923784428907
0324d2d1ed612b35c85f62c63ea56c82	d__Bacteria; p__Firmicutes; c__Bacilli; o__Bacillales	0.9997849713568105
4cffc3acbfdd96d0da8c11cb9ca20a89	d__Eukaryota; p__Basidiomycota; c__Tremellomycetes; o__Cystofilobasidiales; f__Cystofilobasidiaceae; g__Cystofilobasidium	0.9606755752220051
b9b177842c4326727f7b51feb49a4eff	d__Bacteria; p__Bacteroidota; c__Bacteroidia; o__Bacteroidales; f__Prevotellaceae; g__Prevotella; s__Prevotella_loescheii	0.9999698374852469
247395f64c31fe91e75dd73cabfc9fda	d__Bacteria; p__Proteobacteria; c__Alphaproteobacteria; o__Acetobacterales; f__Acetobacteraceae	0.9999993242485488
5e8aa99dcebcff56c7252f8ea8d7de41	d__Eukaryota; p__Basidiomycota; c__Wallemiomycetes; o__Wallemiales; f__Incertae_Sedis; g__Wallemia; s__Wallemia_ichthyophaga	0.9549445796747597
aa6af638c6afc7af7e5fb2f9dcfef8a7	d__Bacteria; p__Bacteroidota; c__Bacteroidia; o__Bacteroidales; f__Porphyromonadaceae; g__Porphyromonas	0.9999999999999766
836cdaa32d8258118bbc9b11a7221bd2	d__Bacteria; p__Actinobacteriota; c__Actinobacteria; o__Micrococcales; f__Microbacteriaceae; g__Pseudoclavibacter; s__uncultured_bacterium	0.8076663323931018
e9344b8cf6b4f3bb6a34aa82d841d934	d__Bacteria; p__Bacteroidota; c__Bacteroidia; o__Flavobacteriales; f__Flavobacteriaceae; g__Salegentibacter	0.9989318304110142
b6d08a3cbbd5ca7beb5ef7d11e1a6a51	d__Bacteria; p__Bacteroidota; c__Bacteroidia; o__Flavobacteriales; f__Flavobacteriaceae; g__Flavobacterium	0.9999947381758254
33a50bbeb0df556711bdc40dfb63d502	d__Eukaryota; p__Ascomycota; c__Dothideomycetes	0.9933297291714436
8efacf31674d1ab03a722135ca2f06db	d__Bacteria; p__Bacteroidota; c__Bacteroidia; o__Cytophagales; f__Hymenobacteraceae; g__Hymenobacter; s__Hymenobacter_qilianensis	0.9079908493829951
3f21afc5039f402b607929d979f76f3a	d__Eukaryota; p__Phragmoplastophyta; c__Embryophyta; o__Magnoliophyta; f__Magnoliophyta; g__Magnoliophyta; s__Plantago_patagonica	0.9877698903373796
7209019e12d905d823f2a3963b020340	d__Bacteria; p__Actinobacteriota; c__Actinobacteria; o__Actinomycetales; f__Actinomycetaceae; g__F0332; s__uncultured_bacterium	0.9787695019738587
4483f874eca0cc85ac618468e65a58db	d__Bacteria; p__Proteobacteria; c__Alphaproteobacteria; o__Rhizobiales; f__Hyphomicrobiaceae; g__Hyphomicrobium	0.9849508204623453
d357fcf113736290a436d952331dd92a	d__Bacteria; p__Verrucomicrobiota; c__Verrucomicrobiae; o__Chthoniobacterales; f__Chthoniobacteraceae; g__Candidatus_Udaeobacter	0.9999685938549119
1002dba81369b6af67182178bee742d1	d__Bacteria; p__Actinobacteriota; c__Actinobacteria; o__Micrococcales; f__Microbacteriaceae; g__Microbacterium	0.9902996375964006
ee5194fb020ea9a6ec301888fb03b644	d__Bacteria; p__Actinobacteriota; c__Acidimicrobiia; o__Microtrichales; f__Iamiaceae; g__Iamia; s__uncultured_bacterium	0.7083614964654134
c898900f8543384393151c1130ac0974	d__Bacteria; p__Bacteroidota; c__Bacteroidia; o__Bacteroidales; f__Prevotellaceae; g__Prevotella; s__Prevotella_oris	0.7472896143268043
796511ddae2f4b30acd0bbef54f208ac	d__Bacteria; p__Proteobacteria; c__Gammaproteobacteria; o__Oceanospirillales; f__Halomonadaceae; g__Kushneria	0.9999996241900377
1087b80f541f66e0ec0bf1907c5cadd6	d__Bacteria; p__Firmicutes; c__Clostridia; o__Lachnospirales; f__Lachnospiraceae; g__Lachnoclostridium; s__uncultured_organism	0.7889228427091928
2f262135d9bfe99dd339d61d54f9d414	d__Bacteria; p__Actinobacteriota; c__Actinobacteria; o__Bifidobacteriales; f__Bifidobacteriaceae; g__Gardnerella; s__Gardnerella_vaginalis	0.9968946759140401
d554aff297012f1053128b9988acf7b4	d__Bacteria; p__Proteobacteria; c__Gammaproteobacteria; o__Burkholderiales; f__Burkholderiaceae; g__Burkholderia-Caballeronia-Paraburkholderia	0.9978827398661451
29af4f06983bad6f02af6d62b315da31	d__Bacteria; p__Acidobacteriota; c__Thermoanaerobaculia; o__Thermoanaerobaculales; f__Thermoanaerobaculaceae; g__Subgroup_10; s__uncultured_bacterium	0.9684492891335001
fef51e6f9fb5b98b3e4f294f394fdbad	d__Bacteria; p__Firmicutes; c__Bacilli; o__Bacillales; f__Bacillaceae; g__Geobacillus	0.9998901991429451
de8cce3b24750fbbbbafa4ec70b6da72	d__Bacteria; p__Proteobacteria; c__Gammaproteobacteria; o__Cellvibrionales; f__Spongiibacteraceae; g__BD1-7_clade; s__uncultured_gamma	0.9685079836211099
7c983e173900ca526acdd169cd29c421	d__Bacteria; p__Firmicutes; c__Clostridia; o__Peptostreptococcales-Tissierellales; f__Peptostreptococcales-Tissierellales; g__Gallicola	0.999999997689761
5a8d6b391937d24a847881ca2bc6daf5	d__Bacteria; p__Proteobacteria; c__Gammaproteobacteria; o__Vibrionales; f__Vibrionaceae; g__Photobacterium	0.9999621108039457
61c175527139296fa22cdf09a197d2b9	d__Bacteria; p__Bacteroidota; c__Bacteroidia; o__Cytophagales; f__Hymenobacteraceae; g__Hymenobacter	0.9999999999368878
c806bd7172c650536f7709ca9dc94c1c	d__Bacteria; p__Bacteroidota; c__Bacteroidia; o__Cytophagales; f__Hymenobacteraceae; g__Hymenobacter	0.999999998926683
03a5837c82bcc0bd51f59d223000c32a	d__Bacteria; p__Bacteroidota; c__Bacteroidia; o__Sphingobacteriales; f__Sphingobacteriaceae; g__Arcticibacter; s__uncultured_bacterium	0.7382591988117445
e5ea1a00ec96c03d82e635ac67173424	d__Bacteria; p__Firmicutes; c__Clostridia; o__Clostridia; f__Hungateiclostridiaceae; g__Fastidiosipila; s__Fastidiosipila_sanguinis	0.9855236411423048
5cbe9167439a431ad0013ec3532eb602	d__Bacteria; p__Actinobacteriota; c__Actinobacteria; o__Streptosporangiales; f__Streptosporangiales_Incertae_Sedis; g__Motilibacter; s__uncultured_bacterium	0.8165702702617906
c351525691705b7b08b09593edcb8c39	d__Eukaryota; p__Ciliophora; c__Intramacronucleata; o__Conthreep; f__Phyllopharyngea; g__Pseudochilodonopsis	0.7408100597555729
0a5c48299ed2d5bae9759e7fbdab9f91	d__Bacteria; p__Firmicutes; c__Clostridia; o__Peptostreptococcales-Tissierellales; f__Peptostreptococcales-Tissierellales; g__Peptoniphilus; s__Peptoniphilus_coxii	0.8388296637901199
c48a5494f382fc31c47dabced8ef605d	d__Bacteria; p__Firmicutes; c__Clostridia; o__Clostridia_UCG-014; f__Clostridia_UCG-014; g__Clostridia_UCG-014; s__unidentified	0.8834296474926735
13a768ac3847dc754ad6b4ffdf70f850	d__Bacteria; p__Actinobacteriota; c__Actinobacteria; o__Micrococcales; f__Microbacteriaceae	0.999957757076616
22b46fc11ec8ce91d17e716af3fc3e23	d__Bacteria; p__Proteobacteria; c__Gammaproteobacteria; o__Burkholderiales; f__Neisseriaceae; g__Eikenella	0.8187741553661894
17fbf179adae4f5c659e4faf68651065	d__Bacteria; p__Firmicutes; c__Bacilli; o__Bacillales; f__Planococcaceae; g__Planococcus	0.882165473675966
947adfa6b9f54a7001ada409ff1224bd	d__Bacteria; p__Firmicutes; c__Clostridia; o__Peptostreptococcales-Tissierellales; f__Peptostreptococcales-Tissierellales; g__Peptoniphilus	0.9999995131804645
23dac9de3e014f90ad4f2d0343e0728e	d__Bacteria; p__Firmicutes; c__Bacilli; o__Lactobacillales; f__Streptococcaceae; g__Streptococcus; s__Streptococcus_mutans	0.9804606976569414
bb0734902dc4fef023b96691739cc373	d__Bacteria; p__Actinobacteriota; c__Actinobacteria; o__Corynebacteriales; f__Nocardiaceae; g__Williamsia	0.9998935028349623
df55031ffb81265d49043e99a5f115ce	d__Bacteria; p__Proteobacteria; c__Alphaproteobacteria; o__Acetobacterales; f__Acetobacteraceae; g__Belnapia; s__uncultured_bacterium	0.800010318543052
e52c34876856d208130aa600f19014d0	d__Bacteria; p__Proteobacteria; c__Gammaproteobacteria; o__Enterobacterales; f__Yersiniaceae	0.8525473187646241
62c0818724627e2e7d6754c5432b7b3e	d__Bacteria; p__Firmicutes; c__Clostridia; o__Lachnospirales; f__Lachnospiraceae; g__Stomatobaculum; s__uncultured_bacterium	0.9415018672134928
654aade7f4203c06c97ffeb104508461	d__Bacteria; p__Firmicutes; c__Clostridia; o__Lachnospirales; f__Lachnospiraceae	0.9999140855143146
1986668398101170de776e98074c2947	d__Bacteria; p__Proteobacteria; c__Alphaproteobacteria; o__Acetobacterales; f__Acetobacteraceae; g__Craurococcus-Caldovatus; s__uncultured_bacterium	0.8350697533567993
48986b442654f72ccfaddd6493208df6	d__Bacteria; p__Gemmatimonadota; c__Gemmatimonadetes; o__Gemmatimonadales; f__Gemmatimonadaceae; g__Gemmatimonas	0.9611563122939224
0a0c316e17355e7a04de2cd314c5c603	d__Bacteria; p__Firmicutes; c__Clostridia; o__Peptostreptococcales-Tissierellales; f__Peptostreptococcales-Tissierellales; g__Peptoniphilus; s__Peptoniphilus_obesi	0.999996259252304
2867fc0b4cd592bbd0f0050bc2fa57cb	d__Bacteria; p__Fusobacteriota; c__Fusobacteriia; o__Fusobacteriales; f__Leptotrichiaceae; g__Leptotrichia; s__uncultured_bacterium	0.9812852314337178
9e0026d7901b37c08efeaf91a850a87d	d__Bacteria; p__Actinobacteriota; c__Actinobacteria; o__Corynebacteriales; f__Corynebacteriaceae; g__Corynebacterium	0.999479640237182
40ea11185f9ada53cab206d80fad1c38	d__Bacteria; p__Firmicutes; c__Clostridia; o__Clostridiales; f__Clostridiaceae; g__Clostridium_sensu_stricto_1	0.9806565757959228
468cd177a98cb4753bd45d4c88bd6cd8	d__Bacteria; p__Proteobacteria; c__Alphaproteobacteria; o__Puniceispirillales; f__Puniceispirillales_Incertae_Sedis; g__Constrictibacter; s__uncultured_soil	0.9975398332148615
b899d802acb8c06f8dd82f96cb17ec82	d__Bacteria; p__Firmicutes; c__Clostridia; o__Lachnospirales; f__Lachnospiraceae; g__Stomatobaculum; s__uncultured_bacterium	0.9247124920361753
88dbe77af9d0859d62cb6e00854cce46	d__Bacteria; p__Firmicutes; c__Clostridia; o__Peptostreptococcales-Tissierellales; f__Peptostreptococcales-Tissierellales; g__Peptoniphilus; s__Peptoniphilus_coxii	0.9940104297600001
30269c1db5a532c4131cd41d13c516e2	d__Bacteria; p__Firmicutes; c__Clostridia; o__Lachnospirales; f__Lachnospiraceae; g__uncultured; s__Eubacterium_sp.	0.9828179786460474
fe9d9aac8793adc824a54bd484102f98	d__Bacteria; p__Proteobacteria; c__Alphaproteobacteria; o__Sphingomonadales; f__Sphingomonadaceae; g__Altererythrobacter	0.9990215966701246
4af5fa67a333d78203fcf9eb526bab5e	d__Bacteria; p__Bacteroidota; c__Bacteroidia; o__Flavobacteriales; f__Weeksellaceae; g__Bergeyella; s__Bergeyella_zoohelcum	0.9999958876218504
f6f7fe89610f71b4f7a09e1ee567db2b	d__Bacteria; p__Proteobacteria; c__Alphaproteobacteria; o__Sphingomonadales; f__Sphingomonadaceae; g__Altererythrobacter	0.8921270298772784
b63eedd85f8f426303951b7c4e1c258d	d__Bacteria; p__Firmicutes; c__Clostridia; o__Peptostreptococcales-Tissierellales; f__Peptostreptococcales-Tissierellales; g__Anaerococcus; s__Anaerococcus_hydrogenalis	0.9947006330438177
e4243f075df134ac10f49c405734212f	d__Bacteria; p__Proteobacteria; c__Gammaproteobacteria; o__Burkholderiales; f__Neisseriaceae; g__Neisseria	0.9992930779377505
58d766596d54fd17c4e9e1533c776614	d__Bacteria; p__Bacteroidota; c__Bacteroidia; o__Bacteroidales; f__Tannerellaceae; g__Parabacteroides; s__Gryllus_firmus	0.7994150526178656
28e3e80b2e0a4d5d4fbf6a86ceb783a6	d__Bacteria; p__Proteobacteria; c__Alphaproteobacteria; o__Sphingomonadales; f__Sphingomonadaceae; g__Sphingomonas	0.9772548251677584
cea242b30b6af088cea1a9f714ca8ad6	d__Bacteria; p__Bacteroidota; c__Bacteroidia; o__Bacteroidales; f__Prevotellaceae; g__Prevotella; s__Prevotella_buccalis	0.9932064889166123
0187cb2c671cd286afdc8619beca156d	d__Bacteria; p__Firmicutes; c__Clostridia; o__Peptostreptococcales-Tissierellales; f__Peptostreptococcales-Tissierellales; g__Gallicola; s__uncultured_bacterium	0.9110731239407319
5bef6f0c59836e4acd13a6fcc75a68f4	d__Bacteria; p__Proteobacteria; c__Alphaproteobacteria; o__Rhizobiales; f__Rhizobiaceae; g__Shinella	0.8468144989858422
0e3e53590ca88339ddd0a90614c5ef44	d__Bacteria; p__Bacteroidota; c__Bacteroidia; o__Flavobacteriales; f__Weeksellaceae; g__Chryseobacterium	0.9999626278949932
5ac65ecf3e5ffaa0fd69718d72d8aa62	d__Bacteria; p__Firmicutes; c__Bacilli; o__Lactobacillales; f__Aerococcaceae	0.9421321621568249
da9be6557f178eef5414e5c2fe1d32eb	d__Bacteria; p__Proteobacteria; c__Gammaproteobacteria; o__Enterobacterales; f__Morganellaceae; g__Morganella	0.9958577087542144
f0edeebcd97d893ebfa8d02e53857255	d__Bacteria; p__Proteobacteria; c__Gammaproteobacteria; o__Oceanospirillales; f__Halomonadaceae; g__Halomonas	0.9639431188240082
ebed5ecb3f2267850e4349c7ff33c572	d__Bacteria; p__Bacteroidota; c__Bacteroidia; o__Chitinophagales; f__Chitinophagaceae; g__Cnuella	0.9852749698767059
d043520d30a8e0ea09bb2169c07f5da9	d__Bacteria; p__Actinobacteriota; c__Actinobacteria; o__Actinomycetales; f__Actinomycetaceae; g__Actinomyces	0.9999998785575415
8ea0e741b9faaa8e8fbed9efcadb44e4	d__Bacteria; p__Actinobacteriota; c__Actinobacteria; o__Frankiales; f__Geodermatophilaceae; g__Geodermatophilus	0.9989882810589525
7c4f7feeb026ad301eb5f64d2f9b054c	d__Bacteria; p__Bacteroidota; c__Bacteroidia; o__Flavobacteriales; f__Flavobacteriaceae; g__Capnocytophaga; s__Capnocytophaga_gingivalis	0.9749444549950911
2e81d24aefb3ac7bb330daf5a69ab887	d__Bacteria; p__Proteobacteria; c__Gammaproteobacteria; o__Gammaproteobacteria_Incertae_Sedis; f__Unknown_Family; g__Acidibacter	0.9988308901807184
fcb99daafa99acfc6eebf59f28983fad	d__Bacteria; p__Bacteroidota; c__Rhodothermia; o__Balneolales; f__Balneolaceae; g__Gracilimonas; s__uncultured_bacterium	0.9781199900832821
0d344f645d1013fae1b70f7d8769ac9f	d__Eukaryota; p__Basidiomycota; c__Tremellomycetes; o__Cystofilobasidiales; f__Cystofilobasidiaceae; g__Cystofilobasidium	0.9999998871796172
5ff6847b3ebaf978207bcb83d5a76fa0	d__Bacteria; p__Proteobacteria; c__Alphaproteobacteria; o__Sphingomonadales; f__Sphingomonadaceae; g__Sphingomonas	0.9669611156248883
218a9fc8a60997c7f193520ce8f100b8	d__Bacteria; p__Firmicutes; c__Bacilli; o__Staphylococcales; f__Staphylococcaceae; g__Staphylococcus	0.9999709034161304
bfc8586fd461f1c88047cc95f2a238cf	d__Bacteria; p__Bacteroidota; c__Bacteroidia; o__Bacteroidales; f__Porphyromonadaceae; g__Porphyromonas; s__Porphyromonas_cangingivalis	0.9999355062277262
9d85e1f738529fa09a3a5e74d04aeff2	d__Archaea; p__Halobacterota; c__Halobacteria; o__Halobacterales; f__Halomicrobiaceae; g__Natronomonas; s__Natronomonas_sp.	0.7911135655632442
b0f956fbaaebad54cbb1dc5b87254342	d__Eukaryota; p__Phragmoplastophyta; c__Embryophyta; o__Magnoliophyta; f__Magnoliophyta; g__Magnoliophyta	0.9541017328914542
f134662d60c1859295c98661edcf4274	d__Bacteria; p__Bacteroidota; c__Bacteroidia; o__Bacteroidales; f__Porphyromonadaceae; g__Porphyromonas	0.9998326840532165
6edd42426a36381586a4e1794c125e9f	d__Bacteria; p__Acidobacteriota; c__Acidobacteriae; o__Bryobacterales; f__Bryobacteraceae; g__Bryobacter; s__Acidobacteria_bacterium	0.9990712617529912
a0b5e38ccdd7f3f02c16fa7c8ed6eb79	d__Bacteria; p__Firmicutes; c__Clostridia; o__Clostridia; f__Hungateiclostridiaceae; g__Fastidiosipila; s__Clostridiales_bacterium	0.9997843382828311
0846759aca0ce255fb29eb2bf0479e06	d__Bacteria; p__Firmicutes; c__Clostridia; o__Peptostreptococcales-Tissierellales; f__Peptostreptococcales-Tissierellales; g__Peptoniphilus	0.9999999979394549
705fb2cb384cbca66176e999dfb9a712	d__Eukaryota; p__Vertebrata; c__Mammalia; o__Mammalia; f__Mammalia; g__Mammalia; s__Homo_sapiens	0.9990172002785355
f9d93580363e4478f0e502a3a2ba8e26	d__Bacteria; p__Proteobacteria; c__Gammaproteobacteria; o__Pseudomonadales; f__Pseudomonadaceae; g__Pseudomonas	0.9999227760021853
865f334e9e6f00f9ba50056d074c64bd	d__Bacteria; p__Proteobacteria; c__Alphaproteobacteria; o__Rhizobiales; f__Rhizobiaceae	0.9901952468130827
dce3c56b895e7dbd9e5e710800a75892	d__Bacteria; p__Proteobacteria; c__Gammaproteobacteria; o__Enterobacterales; f__Erwiniaceae	0.9455566828566534
6ee356decca30a9d3a5fd4189ccb3454	d__Bacteria; p__Proteobacteria; c__Alphaproteobacteria; o__Sphingomonadales; f__Sphingomonadaceae; g__Sphingomonas	0.996722320764067
5c73261dd41ce106f48c1325760c1793	d__Bacteria; p__Proteobacteria; c__Gammaproteobacteria; o__Enterobacterales; f__Enterobacteriaceae	0.9060268227838503
d3d3eabfd6d1ac0d35d4759328b09730	d__Archaea; p__Halobacterota; c__Halobacteria; o__Halobacterales; f__Halomicrobiaceae; g__Halomicrobium; s__uncultured_archaeon	0.893357014543888
d8ee7ffb6f5ab5ab606e53dbdb571cfe	d__Bacteria; p__Firmicutes; c__Negativicutes; o__Veillonellales-Selenomonadales; f__Veillonellaceae; g__Veillonella; s__Veillonella_montpellierensis	0.9980533508986708
c796d21b8aa6b33f20f4b65f4622ac4f	d__Bacteria; p__Firmicutes; c__Clostridia; o__Peptostreptococcales-Tissierellales; f__Peptostreptococcales-Tissierellales; g__Peptoniphilus; s__Peptoniphilus_coxii	0.8166216999000115
c790a69842411aa5a8a091cdb32a7a2b	d__Bacteria; p__Bacteroidota; c__Bacteroidia; o__Flavobacteriales; f__Weeksellaceae; g__Chryseobacterium	0.9999683612781199
ffdfa7c821544d31cce5233048dc5060	d__Bacteria; p__Acidobacteriota; c__Vicinamibacteria; o__Subgroup_9; f__Subgroup_9; g__Subgroup_9; s__uncultured_bacterium	0.9963043880293903
142a3de4110f0968ce776ee9d0af9f57	d__Bacteria; p__Bacteroidota; c__Bacteroidia; o__Bacteroidales; f__Paludibacteraceae; g__F0058; s__uncultured_bacterium	0.9770930268234028
44d6a295fecab298406eedf822c1faf7	d__Bacteria; p__Chloroflexi; c__Anaerolineae; o__SBR1031; f__A4b; g__A4b	0.9999997474221497
fb9d975bdf7be30c26c83843ed497dc6	d__Bacteria; p__Proteobacteria; c__Alphaproteobacteria; o__Rhizobiales; f__Xanthobacteraceae; g__Bradyrhizobium	0.9844789827365729
302a411cc43fe5692fb4396c7f576403	d__Bacteria; p__Actinobacteriota; c__Coriobacteriia; o__Coriobacteriales; f__Atopobiaceae; g__Olsenella; s__Olsenella_sp.	0.8822468737758609
dbad20bce685b15cc100752a7aeab961	d__Bacteria; p__Actinobacteriota; c__Actinobacteria; o__Propionibacteriales; f__Propionibacteriaceae; g__Cutibacterium	0.9996783340383576
d6aa77264d54919391cfa71e147679c3	d__Bacteria; p__Firmicutes; c__Clostridia; o__Lachnospirales; f__Lachnospiraceae; g__Lachnoanaerobaculum; s__uncultured_bacterium	0.8080037978424968
901211a63653592b03e9d5738e536a33	d__Bacteria; p__Firmicutes; c__Clostridia; o__Peptostreptococcales-Tissierellales; f__Peptostreptococcales-Tissierellales; g__Peptoniphilus	0.9999999999981986
e076910b077b2d7bbd00a65ec38bb3e2	d__Bacteria; p__Proteobacteria; c__Gammaproteobacteria; o__Burkholderiales; f__Neisseriaceae; g__Simonsiella; s__Simonsiella_muelleri	0.9916495374425979
97ecc4e6cc225cd36258785637c8d412	d__Bacteria; p__Proteobacteria; c__Gammaproteobacteria; o__Enterobacterales; f__Enterobacteriaceae	0.9577605420333546
b218f0851ed8750485153b89d8cc7adc	d__Bacteria; p__Bacteroidota; c__Bacteroidia; o__Bacteroidales; f__Prevotellaceae; g__Prevotella; s__gut_metagenome	0.9118240197292581
9aa00569a686ec992668c60813c8d9a3	d__Bacteria; p__Proteobacteria; c__Alphaproteobacteria; o__Rickettsiales; f__Mitochondria; g__Mitochondria; s__Triticum_aestivum	0.8216325213491371
f0e31862756021b60ddd54125c00e279	d__Bacteria; p__Firmicutes; c__Clostridia; o__Peptostreptococcales-Tissierellales; f__Peptostreptococcales-Tissierellales; g__Ezakiella; s__Ezakiella_massiliensis	0.9250146206302784
8cd94423a76d27d91c74ff064dff9e34	d__Eukaryota; p__Ascomycota; c__Dothideomycetes; o__Pleosporales	0.9991600500387599
aa85b2d41e518a62e55c149f21ce322e	d__Bacteria; p__Actinobacteriota; c__Coriobacteriia; o__Coriobacteriales; f__Eggerthellaceae; g__DNF00809; s__Coriobacteriales_bacterium	0.9999999700500557
0beb1a1e9162d8bc0956c97e7825d50e	d__Bacteria; p__Proteobacteria; c__Gammaproteobacteria; o__Burkholderiales; f__Comamonadaceae; g__Comamonas	0.7241230839234823
278761326c3564983b44c84a32ca09fa	d__Bacteria; p__Proteobacteria; c__Gammaproteobacteria; o__Burkholderiales; f__Neisseriaceae; g__Neisseria; s__Neisseria_oralis	0.7234917896175198
ff22725b2aff341580b1854d4216e3c3	d__Bacteria; p__Proteobacteria; c__Gammaproteobacteria; o__Pseudomonadales; f__Moraxellaceae; g__Acinetobacter	0.9999999822204092
77d31a9ef9761887add92d174ae24487	d__Bacteria; p__Actinobacteriota; c__Actinobacteria; o__Corynebacteriales; f__Corynebacteriaceae; g__Corynebacterium; s__Corynebacterium_tuberculostearicum	0.7066297796196109
06163fb4a6c3664e5884058e63ef9cb5	d__Bacteria; p__Bacteroidota; c__Bacteroidia; o__Sphingobacteriales; f__Sphingobacteriaceae; g__Pedobacter	0.8195529199902101
cc8f2c3108a2b3e977ae3f47868ef3bc	d__Bacteria; p__Firmicutes; c__Bacilli; o__Lactobacillales; f__Aerococcaceae; g__Aerococcus	0.9999999043982134
fd7b17657043d6ed1f6f6d5e240156f7	d__Bacteria; p__Fusobacteriota; c__Fusobacteriia; o__Fusobacteriales; f__Leptotrichiaceae; g__Sneathia; s__Sneathia_sanguinegens	0.7793793514877465
a24746ba8414d572ab783c02bdcf3682	d__Bacteria; p__Actinobacteriota; c__Thermoleophilia; o__Gaiellales; f__uncultured; g__uncultured; s__uncultured_microorganism	0.9907440294949138
2fa22fde286d8f1ac142760eac563cc5	d__Bacteria; p__Bacteroidota; c__Bacteroidia; o__Bacteroidales; f__Porphyromonadaceae; g__Porphyromonas; s__uncultured_bacterium	0.7982678215543145
3995660c0ea5a49d9a132b6fb97d5e5b	d__Bacteria; p__Proteobacteria; c__Alphaproteobacteria; o__Acetobacterales; f__Acetobacteraceae; g__Roseomonas	0.9998872478749938
13ff2148ffef239d8803ea2c7b056810	d__Bacteria; p__Firmicutes; c__Bacilli; o__Bacillales; f__Planococcaceae	0.9380216743528729
694e9c62d6308ff10031c4bcb6ee29c8	d__Bacteria; p__Proteobacteria; c__Gammaproteobacteria; o__Enterobacterales; f__Enterobacteriaceae	0.9240594386132502
5b899c72899c08755d1f230715fd8863	d__Bacteria; p__Proteobacteria; c__Alphaproteobacteria; o__Sphingomonadales; f__Sphingomonadaceae; g__Sphingomonas; s__Sphingomonas_yunnanensis	0.7362206011972275
f0ec5f8c9ca89701cc1d9b484f75360b	d__Bacteria; p__Bacteroidota; c__Bacteroidia; o__Bacteroidales; f__Prevotellaceae; g__Alloprevotella; s__uncultured_Prevotellaceae	0.8365347828715486
e4693d6ea390c3fe3dcd5e67057a49fd	d__Bacteria; p__Proteobacteria; c__Alphaproteobacteria; o__Acetobacterales; f__Acetobacteraceae; g__Belnapia; s__uncultured_bacterium	0.7178425597768084
c14cd3bed4a8ef8214df7c37b95e920d	d__Bacteria; p__Firmicutes; c__Bacilli; o__Lactobacillales; f__Carnobacteriaceae; g__Marinilactibacillus	0.8399462289087863
a7033a5f93e00e3180c4aa5860eba983	d__Bacteria; p__Firmicutes; c__Clostridia; o__Monoglobales; f__Monoglobaceae; g__Monoglobus; s__uncultured_bacterium	0.9060010318030971
55e2be4d307d475a1552738e640c67f8	d__Bacteria; p__Actinobacteriota; c__Actinobacteria; o__Bifidobacteriales; f__Bifidobacteriaceae; g__Bifidobacterium	0.9999992907800914
e009bad286ea93039b989a48bed677a3	d__Eukaryota; p__Basidiomycota; c__Exobasidiomycetes; o__Microstromatales; f__Microstromatales; g__Quambalaria; s__Quambalaria_cyanescens	0.9935910258718814
56d390015af6d96c76140b21ce20a372	d__Bacteria; p__Bacteroidota; c__Bacteroidia; o__Bacteroidales; f__Porphyromonadaceae; g__Porphyromonas; s__Porphyromonas_bennonis	0.9853621410738244
803812291d903da888d636d143b562c6	d__Bacteria; p__Firmicutes; c__Bacilli; o__Staphylococcales; f__Staphylococcaceae; g__Staphylococcus	0.9999823221474802
f61b39b3e5511feac5a310b2aa831460	d__Bacteria; p__Deinococcota; c__Deinococci; o__Deinococcales; f__Deinococcaceae; g__Deinococcus; s__uncultured_organism	0.9528074534549632
3002b754bff0ca7a29712d65eecdb134	d__Bacteria; p__Actinobacteriota; c__Actinobacteria; o__Corynebacteriales; f__Corynebacteriaceae; g__Corynebacterium	0.9999913452202859
760620796a7d1f80ec143a2f9de015aa	d__Bacteria; p__Chloroflexi; c__Chloroflexia; o__Kallotenuales; f__AKIW781; g__AKIW781; s__uncultured_bacterium	0.9993395872591171
70c08fe17407d71ad2d9d626e16f492c	d__Bacteria; p__Firmicutes; c__Bacilli; o__Staphylococcales; f__Gemellaceae; g__Gemella	0.9999973286437878
281e6d083cd45df7a9a5bdeebfccdcca	d__Eukaryota; p__Vertebrata; c__Mammalia; o__Mammalia; f__Mammalia; g__Mammalia; s__Homo_sapiens	0.9970744092000837
1ef06c4d98af2e05b1adbf27f504a7c1	d__Bacteria; p__Actinobacteriota; c__Actinobacteria; o__Corynebacteriales; f__Corynebacteriaceae; g__Corynebacterium; s__Corynebacterium_urealyticum	0.9503478299609673
ee63f1b161756bd5908a60acb7e85c1b	d__Bacteria; p__Proteobacteria; c__Gammaproteobacteria; o__Xanthomonadales; f__Xanthomonadaceae; g__Luteimonas	0.9289754259633325
1ab8b38006acc089e3d77086bf08c01f	d__Bacteria; p__Actinobacteriota; c__Actinobacteria; o__Corynebacteriales; f__Corynebacteriaceae; g__Corynebacterium	0.9962951560250681
7887059f18abab521b6e28dbe658052d	d__Bacteria; p__Proteobacteria; c__Alphaproteobacteria; o__Sphingomonadales; f__Sphingomonadaceae	0.9999924412196898
76bcef0e36466a88b6032dc4ec2cd311	d__Eukaryota; p__Phragmoplastophyta; c__Embryophyta; o__Magnoliophyta; f__Magnoliophyta; g__Magnoliophyta; s__Restionaceae_environmental	0.9112165286285594
bd30659b316c2b59a79a9437ec7bdf40	d__Bacteria; p__Acidobacteriota; c__Vicinamibacteria; o__Vicinamibacterales; f__Vicinamibacteraceae; g__Vicinamibacteraceae	0.9994557833818418
57e0a8b68a864e823e17ca21227d49fe	d__Bacteria; p__Proteobacteria; c__Gammaproteobacteria; o__Pseudomonadales; f__Pseudomonadaceae; g__Pseudomonas	0.9923681213093278
cb52d83780beadf8c77703f5688723b8	d__Bacteria; p__Actinobacteriota; c__Actinobacteria; o__Propionibacteriales; f__Propionibacteriaceae; g__Cutibacterium	0.9998056622211696
aad25f440cf74e959e9f8e6c042a2f11	d__Bacteria; p__Proteobacteria; c__Gammaproteobacteria; o__Enterobacterales; f__Enterobacteriaceae	0.9122332350897681
578952cf281db3f40986e3e93d28ecdd	d__Bacteria; p__Proteobacteria; c__Gammaproteobacteria; o__Burkholderiales; f__Nitrosomonadaceae; g__DSSD61; s__uncultured_bacterium	0.9943555139173941
2e6cd816b6f95b724bc6e1a1bca7f986	d__Bacteria; p__Firmicutes; c__Bacilli; o__Lactobacillales; f__Streptococcaceae; g__Streptococcus	0.9999999761849138
680dcec678ff9ab1edf97dc4a5a361b0	d__Bacteria; p__Firmicutes; c__Bacilli; o__Staphylococcales; f__Staphylococcaceae; g__Staphylococcus	0.9999856004305511
bb7c07d12769d238217d669db7615ea2	d__Bacteria; p__Proteobacteria; c__Alphaproteobacteria; o__Sphingomonadales; f__Sphingomonadaceae; g__Sphingomonas	0.9007294805860839
08e3b8e5a684d8e79ad6efa60cdc0414	d__Bacteria; p__Actinobacteriota; c__Actinobacteria; o__Corynebacteriales; f__Nocardiaceae; g__Williamsia	0.9999496227282983
e9cb8be361d93012656f3c534ead545e	d__Bacteria; p__Proteobacteria; c__Alphaproteobacteria; o__Sphingomonadales; f__Sphingomonadaceae; g__Porphyrobacter	0.9135630308267497
f8b0d014a6f3317ac2520fe567e06af5	d__Bacteria; p__Abditibacteriota; c__Abditibacteria; o__Abditibacteriales; f__Abditibacteriaceae; g__Abditibacterium	0.9999999999999498
e8be92a986e30f984dfc2eb98e27f026	d__Bacteria; p__Actinobacteriota; c__Actinobacteria; o__Corynebacteriales; f__Nocardiaceae; g__Gordonia	0.9925956630389272
1063e7668766176afca2987dce5c8d83	d__Bacteria; p__Proteobacteria; c__Gammaproteobacteria; o__Xanthomonadales; f__Xanthomonadaceae; g__Pseudoxanthomonas	0.9999973312554017
f3459a1e70566fdca91d6e4b828cdc20	d__Bacteria; p__Cyanobacteria; c__Cyanobacteriia; o__Cyanobacteriales; f__Chroococcidiopsaceae; g__Chroococcidiopsis_PCC_7203; s__Chroococcidiopsis_sp.	0.758745693667716
0c364eba7ad5afdd6c41c6a60aa8bcac	d__Eukaryota; p__Apicomplexa; c__Conoidasida; o__Gregarinasina; f__Eugregarinorida; g__Gregarina; s__Gregarina_blattarum	0.9018893775182699
864e5f54ed1eff63b35ff753f994dbd2	d__Bacteria; p__Actinobacteriota; c__Actinobacteria; o__Actinomycetales; f__Actinomycetaceae; g__F0332; s__unidentified	0.9959924300843965
b84019025520cb72f2d52e3d7ccb0a98	d__Bacteria; p__Firmicutes; c__Bacilli; o__Lactobacillales; f__Lactobacillaceae; g__Lactobacillus	0.999999133075506
57420c119c316ea9b9c015d2a7f9ac66	d__Bacteria; p__Actinobacteriota; c__Actinobacteria; o__Micrococcales; f__Dermabacteraceae; g__Dermabacter; s__uncultured_bacterium	0.7854612348701352
f0ff5d3dc73066a2c80a68e8eea0df2c	d__Bacteria; p__Fusobacteriota; c__Fusobacteriia; o__Fusobacteriales; f__Leptotrichiaceae; g__Leptotrichia	0.9999999999995093
a002e04e2fc92f3a054f10702efb18ba	d__Bacteria; p__Proteobacteria; c__Alphaproteobacteria; o__Rhizobiales; f__Beijerinckiaceae; g__uncultured; s__uncultured_bacterium	0.7478389337554571
71c9dffcc5923eac7e8687cd787c519e	d__Bacteria; p__Proteobacteria; c__Alphaproteobacteria; o__Tistrellales; f__Geminicoccaceae; g__Candidatus_Alysiosphaera	0.9998856604659149
ab9dbb526d70ae2650987602edc90310	d__Bacteria; p__Proteobacteria; c__Alphaproteobacteria; o__Rhodobacterales; f__Rhodobacteraceae; g__Paracoccus	0.9774509816906248
0180ae18db67dd3f7844ec705ccbe874	d__Bacteria; p__Firmicutes; c__Bacilli; o__Thermoactinomycetales; f__Thermoactinomycetaceae; g__Planifilum; s__uncultured_compost	0.7613665253757198
9e62da39b0bc5df2cdb73a9039bf19e2	d__Bacteria; p__Proteobacteria; c__Alphaproteobacteria; o__Caulobacterales; f__Caulobacteraceae; g__Brevundimonas	0.9993352647675262
c0faa1635ffefea860ab31926ef9a34c	d__Bacteria; p__Firmicutes; c__Bacilli; o__Staphylococcales; f__Staphylococcaceae; g__Staphylococcus; s__Staphylococcus_sciuri	0.780930680789238
0a11ecf2bd823c40fdb7069c9359deeb	d__Bacteria; p__Actinobacteriota; c__Actinobacteria; o__Propionibacteriales; f__Nocardioidaceae; g__Nocardioides	0.8484125351855356
eafa5de69ac00abba4ee736c288fe08d	d__Eukaryota; p__Mucoromycota; c__Incertae_Sedis; o__Mucorales; f__Syncephalastraceae; g__Syncephalastrum; s__Syncephalastrum_racemosum	0.9999974833311405
ce68f6235a878f0e20ada4e1bd7cf9cd	d__Bacteria; p__Proteobacteria; c__Alphaproteobacteria; o__Rhizobiales; f__Xanthobacteraceae; g__Afipia	0.7587016056841566
4954ec02ab555bd76266676e55b20dbb	d__Bacteria; p__Actinobacteriota; c__Actinobacteria; o__Pseudonocardiales; f__Pseudonocardiaceae; g__Pseudonocardia	0.9983978644625928
077edde22458d28d3c3d0ddf6a08b258	d__Bacteria; p__Firmicutes; c__Clostridia; o__Oscillospirales; f__Ruminococcaceae; g__CAG-352; s__uncultured_bacterium	0.815656602060515
67c2c88774c680b6ad25602489a0687f	d__Bacteria; p__Bacteroidota; c__Bacteroidia; o__Bacteroidales; f__Porphyromonadaceae; g__Porphyromonas; s__Porphyromonas_cangingivalis	0.9999581775041754
960ebd21dac28889e6d08d6f6f5edb41	d__Bacteria; p__Actinobacteriota; c__Actinobacteria; o__Micrococcales; f__Microbacteriaceae; g__Curtobacterium	0.7744627189350102
c880ea5309070374286998debb0cede4	d__Bacteria; p__Actinobacteriota; c__Actinobacteria; o__Propionibacteriales; f__Propionibacteriaceae; g__Cutibacterium	0.9997831142304886
f4bde0aab9950bbf599b905bf56f0783	d__Bacteria; p__Firmicutes; c__Clostridia; o__Oscillospirales; f__Oscillospiraceae; g__UCG-005; s__uncultured_organism	0.9992179374185949
1006f3eeecc41f1faf03e87d66a97b19	d__Bacteria; p__Firmicutes; c__Clostridia; o__Oscillospirales; f__Ruminococcaceae; g__Faecalibacterium	0.9993964636405361
7b3cdd3b9d93dd1cfa77dbf7c035e927	d__Bacteria; p__Actinobacteriota; c__Actinobacteria; o__Kineosporiales; f__Kineosporiaceae; g__Quadrisphaera; s__Quadrisphaera_granulorum	0.845983533557701
2d5354c1c7d048599f1dc837e006382b	d__Bacteria; p__Firmicutes; c__Bacilli; o__Lactobacillales; f__Aerococcaceae; g__Facklamia; s__Facklamia_ignava	0.9998823572658938
6c5de646b8a0a7b1b4120737b62c925b	d__Bacteria; p__Bacteroidota; c__Bacteroidia; o__Bacteroidales; f__Porphyromonadaceae; g__Porphyromonas	0.9998511712153451
69962eed470077ae5991832623d28f93	d__Bacteria; p__Proteobacteria; c__Gammaproteobacteria; o__Burkholderiales; f__Burkholderiaceae; g__Ralstonia	0.9923752271092932
47f52fa36247521dc39dfc386a4c46ba	d__Bacteria; p__Actinobacteriota; c__Actinobacteria; o__Micromonosporales; f__Micromonosporaceae; g__Actinoplanes; s__Micromonosporaceae_bacterium	0.8513776191160791
8fcb8f190eb12f690ef07d4a726d7dd2	d__Bacteria; p__Proteobacteria; c__Alphaproteobacteria; o__Acetobacterales; f__Acetobacteraceae; g__uncultured; s__uncultured_Paracraurococcus	0.997473782130027
c3793cb13edd8b42a03e8a9945bbac63	d__Bacteria; p__Proteobacteria; c__Gammaproteobacteria; o__Burkholderiales; f__Methylophilaceae; g__Methylotenera	0.8921555746314049
52883f1140c7e0447a69450802d5ccfb	d__Bacteria; p__Firmicutes; c__Bacilli; o__Lactobacillales; f__Streptococcaceae; g__Streptococcus	0.9998286073029901
f1740bcea593843711b4f2338882e7ad	d__Bacteria; p__Actinobacteriota; c__Actinobacteria; o__Micrococcales; f__Microbacteriaceae; g__Microbacterium	0.9778348668457396
03cb3d8129bc3494a27f54042741ce56	d__Bacteria; p__Proteobacteria; c__Alphaproteobacteria; o__Rhizobiales; f__Rhizobiaceae; g__Allorhizobium-Neorhizobium-Pararhizobium-Rhizobium	0.9986650493663447
926e3bee60e9ad437a2f70360f89b248	d__Eukaryota; p__Basidiomycota; c__Tremellomycetes; o__Filobasidiales; f__Filobasidiaceae; g__Filobasidium	0.7395821677102798
982d9e94669c15ebb246d4ba7f3884c1	d__Bacteria; p__Actinobacteriota; c__Actinobacteria; o__Micrococcales; f__Intrasporangiaceae	0.9939000865511354
397db7aa4933c9e194e7ea342adc949c	d__Eukaryota; p__Basidiomycota; c__Tremellomycetes; o__Tremellales; f__Bulleribasidiaceae; g__Hannaella; s__Hannaella_sinensis	0.9269610162263143
b857c0878c77d83580abf91d07b353ec	d__Bacteria; p__Firmicutes; c__Bacilli; o__Lactobacillales; f__Aerococcaceae; g__Globicatella; s__uncultured_bacterium	0.9732919176329218
ff01df5e981a82064e8295b32f3e180c	d__Bacteria; p__Proteobacteria; c__Alphaproteobacteria; o__Rhodobacterales; f__Rhodobacteraceae; g__Rubellimicrobium; s__uncultured_bacterium	0.8954384917696232
dbbf192b0963f144656718fee95bc1ee	d__Bacteria; p__Bacteroidota; c__Bacteroidia; o__Bacteroidales; f__Prevotellaceae; g__Prevotella; s__Prevotella_oris	0.7823996889228257
d50f8169e61c75640ff71b565c80935f	d__Bacteria; p__Bacteroidota; c__Bacteroidia; o__Cytophagales; f__Hymenobacteraceae; g__Adhaeribacter	0.9999999199595645
781491676903c0eb851321eca38b772e	d__Bacteria; p__Actinobacteriota; c__Actinobacteria; o__Actinomycetales; f__Actinomycetaceae; g__Actinomycetaceae; s__Actinomycetaceae_bacterium	0.9145603645940431
f33b5a7faef0a8b882c112dd16f4d437	d__Bacteria; p__Firmicutes; c__Bacilli; o__Lactobacillales; f__Streptococcaceae; g__Streptococcus	0.9995570055753045
bd2f4857a15194895afc57b0bd44179c	d__Bacteria; p__Actinobacteriota; c__Actinobacteria; o__Micrococcales; f__Microbacteriaceae; g__Cryobacterium	0.7220936287972618
5c3265d27a63f35b438a65d68311395f	d__Bacteria; p__Actinobacteriota; c__Actinobacteria; o__Micrococcales; f__Microbacteriaceae	0.9999032822409484
7e1b2155d4ed808342aa0417838acd19	d__Bacteria; p__Bacteroidota; c__Bacteroidia; o__Cytophagales; f__Hymenobacteraceae; g__Hymenobacter	0.9999999810974727
f5dac1f406c212c13b4bcd4547b4cc01	d__Bacteria; p__Firmicutes; c__Bacilli; o__Staphylococcales; f__Gemellaceae; g__Gemella; s__Gemella_asaccharolytica	0.9746309889550556
d96f21345dc72faa7c72c6a62518e462	d__Bacteria; p__Firmicutes; c__Bacilli; o__Bacillales; f__Planococcaceae; g__Bhargavaea	0.985598687380693
6b21ec75e4cfb2817a8dd59b98a37e9a	d__Bacteria; p__Fusobacteriota; c__Fusobacteriia; o__Fusobacteriales; f__Leptotrichiaceae; g__Leptotrichia; s__uncultured_bacterium	0.9893913029210754
95ab7e69cd93432663805ba82ab470bc	d__Bacteria; p__Bacteroidota; c__Bacteroidia; o__Sphingobacteriales; f__Sphingobacteriaceae; g__Mucilaginibacter; s__uncultured_bacterium	0.7351122001454744
165dce73c25a9a3443f2abaa95197a38	d__Bacteria; p__Bacteroidota; c__Bacteroidia; o__Cytophagales; f__Hymenobacteraceae; g__Hymenobacter; s__uncultured_Bacteroidetes	0.9871619261635602
fb44ec24ba75a23f0f97f10f5b4d035a	d__Bacteria; p__Firmicutes; c__Clostridia; o__Lachnospirales; f__Lachnospiraceae; g__Roseburia; s__uncultured_Roseburia	0.9025602496290459
d6fb3188a2c184c00696d180695ee019	d__Bacteria; p__Firmicutes; c__Bacilli; o__Bacillales; f__Bacillaceae	0.9965302992359488
e799bf7ef9dfd834bf07e6766947a150	d__Bacteria; p__Bacteroidota; c__Bacteroidia; o__Bacteroidales; f__Tannerellaceae; g__Macellibacteroides	0.9999997470830123
cd48080eac9618bced97de2c70898d83	d__Bacteria; p__Proteobacteria; c__Gammaproteobacteria; o__Burkholderiales; f__Neisseriaceae; g__Conchiformibius; s__Conchiformibius_steedae	0.8250293495735448
7ec7f6258950388b3acae50a5efcfaf3	d__Bacteria; p__Firmicutes; c__Bacilli; o__Lactobacillales; f__Aerococcaceae	0.9978976018879556
3c6b8b0c7b4fb9d8411082e423b46ade	d__Bacteria; p__Actinobacteriota; c__Thermoleophilia; o__Solirubrobacterales; f__Solirubrobacteraceae; g__Solirubrobacter; s__uncultured_bacterium	0.8389352707352619
8b1c2c770f46cf486efab22fd2be6b92	d__Bacteria; p__Bacteroidota; c__Bacteroidia; o__Bacteroidales; f__Bacteroidaceae; g__Bacteroides; s__Bacteroides_thetaiotaomicron	0.7916459965037946
f4eb4d573edb886510deadb9005a42ed	d__Bacteria; p__Firmicutes; c__Bacilli; o__Bacillales; f__Bacillaceae; g__Bacillus	0.8909041289269642
7d796735555b378b79078d5bebab7bc4	d__Bacteria; p__Actinobacteriota; c__Actinobacteria; o__Micrococcales; f__Micrococcaceae; g__Arthrobacter	0.7260704615455905
30f510c9ab523363e4f7f06d8a161e2c	d__Bacteria; p__Cyanobacteria; c__Cyanobacteriia; o__Synechococcales; f__Synechococcales_Incertae_Sedis; g__Schizothrix_LEGE_07164; s__uncultured_cyanobacterium	0.9561918810662767
5c7babfa5cfaa972fa53f041f2d77ea4	d__Bacteria; p__Actinobacteriota; c__Actinobacteria; o__Propionibacteriales; f__Nocardioidaceae; g__Nocardioides; s__Nocardioides_lentus	0.9623401957567381
9cf7eb281e433414e4fc58bd7527c475	d__Bacteria; p__Firmicutes; c__Clostridia; o__Peptostreptococcales-Tissierellales; f__Peptostreptococcaceae; g__[Eubacterium]_yurii_group	0.9999998769936012
cfd0aa9f076d7d5bc663f5ba5f201e2e	d__Bacteria; p__Bacteroidota; c__Bacteroidia; o__Chitinophagales; f__Chitinophagaceae; g__Flaviaesturariibacter; s__uncultured_bacterium	0.8929287253785148
1d8655fb13d11f90bea02e46efc7d8e0	d__Bacteria; p__Cyanobacteria; c__Cyanobacteriia; o__Chloroplast; f__Chloroplast; g__Chloroplast	0.999999999999691
994c271c5eac4e3c821129604e4eb5a8	d__Bacteria; p__Firmicutes; c__Clostridia; o__Lachnospirales; f__Lachnospiraceae; g__Lachnoanaerobaculum	0.999999648222616
9f09701f09573825755bd1752bebc907	d__Bacteria; p__Proteobacteria; c__Alphaproteobacteria; o__Rhizobiales; f__Rhizobiaceae; g__Allorhizobium-Neorhizobium-Pararhizobium-Rhizobium	0.9327282194258885
994a184efa0b74c047d13277b2e0cca1	d__Bacteria; p__Bacteroidota; c__Bacteroidia; o__Flavobacteriales; f__Flavobacteriaceae; g__Capnocytophaga	0.9999999999989581
ba2251bebfbf40000f13ce4babd051b2	d__Bacteria; p__Actinobacteriota; c__Actinobacteria; o__Micrococcales; f__Microbacteriaceae	0.9999325476993881
a5e67e0a4ba68de94e4c58b22f4485be	d__Bacteria; p__Proteobacteria; c__Alphaproteobacteria; o__Sphingomonadales; f__Sphingomonadaceae; g__Novosphingobium	0.9919881988190203
a2e91fba79685e6bf7bb574e6f472936	d__Eukaryota; p__Phragmoplastophyta; c__Embryophyta; o__Magnoliophyta; f__Magnoliophyta; g__Magnoliophyta; s__Prunus_persica	0.9290600469707035
f2a7d5ed63b8d9962e8a7e69f2ffee47	d__Bacteria; p__Firmicutes; c__Bacilli; o__Lactobacillales; f__Carnobacteriaceae	0.995768682144129
b681842be0376b9e827a4c5d53c26776	d__Eukaryota; p__Basidiomycota; c__Agaricomycetes	0.9986369493838259
1f5e00ded106d4b021a572829547b98a	d__Bacteria; p__Actinobacteriota; c__Actinobacteria; o__Micrococcales; f__Micrococcaceae; g__Rothia; s__Rothia_mucilaginosa	0.9541575501143006
bae8355be4f126fb7809cbc8c5fe862b	d__Bacteria; p__Actinobacteriota; c__Actinobacteria; o__Corynebacteriales; f__Corynebacteriaceae; g__Corynebacterium	0.9999998985812005
c385abe87e29411bdd6c02a22cf44851	d__Eukaryota; p__Basidiomycota; c__Microbotryomycetes; o__Sporidiobolales; f__Sporidiobolaceae; g__Rhodotorula; s__Rhodotorula_glutinis	0.9665929393950943
99d1786b97f509565390e6ead31a997b	d__Bacteria; p__Proteobacteria; c__Gammaproteobacteria; o__Xanthomonadales; f__Xanthomonadaceae; g__Stenotrophomonas	0.9999968185292821
0630aa8990329a390ee5e56a955b592e	d__Bacteria; p__Gemmatimonadota; c__Longimicrobia; o__Longimicrobiales; f__Longimicrobiaceae; g__Longimicrobiaceae; s__metagenome	0.9827619574496058
41e1f1e0192a697c3347fc97db2e972c	d__Eukaryota; p__Basidiomycota; c__Ustilaginomycetes; o__Ustilaginales; f__Ustilaginaceae	0.9999999999997463
4ba8d424c54ea6e29b486d3e0aa74f9c	d__Bacteria; p__Actinobacteriota; c__Actinobacteria; o__Propionibacteriales; f__Nocardioidaceae; g__Nocardioides; s__uncultured_bacterium	0.7149101367459104
f67dcffbc0d30da03bbd5d55217175b0	d__Bacteria; p__Bacteroidota; c__Bacteroidia; o__Cytophagales; f__Hymenobacteraceae; g__Hymenobacter; s__uncultured_bacterium	0.756719486734812
2a8163935c6ab10317ffc986ecc4bf93	d__Bacteria; p__Proteobacteria; c__Gammaproteobacteria; o__Xanthomonadales; f__Xanthomonadaceae; g__Stenotrophomonas; s__Stenotrophomonas_rhizophila	0.8749611596075215
30e427856c0650ca40ccab2d83e7bcf6	d__Bacteria; p__Proteobacteria; c__Gammaproteobacteria; o__Burkholderiales; f__Oxalobacteraceae; g__Noviherbaspirillum	0.9580471747486052
79597c09ddbafa17a5ee09065ead0fa8	d__Bacteria; p__Actinobacteriota; c__Actinobacteria; o__Actinomycetales; f__Actinomycetaceae; g__Actinomyces	0.9999999993658715
e51a3f82bd7dadcddcb55cbab4c77dbf	d__Bacteria; p__Proteobacteria; c__Gammaproteobacteria; o__Burkholderiales; f__Burkholderiaceae; g__Ralstonia	0.9928771315621724
c898f1f86fb05e5706e6b4ba1c878aab	d__Eukaryota; p__Ascomycota; c__Sordariomycetes; o__Hypocreales	0.9992620970771791
8c593d0d58484baaaae64692734416d7	d__Bacteria; p__Cyanobacteria; c__Cyanobacteriia; o__Cyanobacteriales; f__Chroococcidiopsaceae; g__Chroococcidiopsis_CC1	0.9996918944831079
868221dab0a658131b34b1b0534e15d2	d__Bacteria; p__Proteobacteria; c__Alphaproteobacteria; o__Rhizobiales; f__Beijerinckiaceae; g__Microvirga	0.9997859769162133
f6c94d82f2f141a08d9a2aa40954e1e2	d__Bacteria; p__Firmicutes; c__Clostridia; o__Peptostreptococcales-Tissierellales; f__Peptostreptococcales-Tissierellales; g__Parvimonas	0.9999999913004204
64e817002451ff8b9cda20b44418f96b	d__Bacteria; p__Actinobacteriota; c__Actinobacteria; o__Streptomycetales; f__Streptomycetaceae; g__Streptomyces	0.9994938612980512
9a8308d2cc92e2b76058debccf7ec704	d__Bacteria; p__Proteobacteria; c__Alphaproteobacteria; o__Acetobacterales; f__Acetobacteraceae	0.9999937705504525
4e819860946a730089daffefabf849c0	d__Bacteria; p__Actinobacteriota; c__Actinobacteria; o__Propionibacteriales; f__Propionibacteriaceae; g__Cutibacterium	0.9997619568284873
caa884eb69ddc9eb965f2178c0431604	d__Bacteria; p__Bacteroidota; c__Bacteroidia; o__Sphingobacteriales; f__Sphingobacteriaceae; g__Pedobacter	0.8812765829034679
aa49170822254bd5804161f48d3f8e1c	d__Bacteria; p__Firmicutes; c__Bacilli; o__Alicyclobacillales; f__Alicyclobacillaceae; g__Tumebacillus	0.9999991332068149
d5cad99e7bcf9e8e74510a77da347573	d__Bacteria; p__Bacteroidota; c__Bacteroidia; o__Flavobacteriales; f__Flavobacteriaceae; g__Flavobacterium	0.9999756590121698
eeea9f5c5729b40ba6966579165bbd71	d__Bacteria; p__Proteobacteria; c__Gammaproteobacteria; o__Burkholderiales; f__Neisseriaceae; g__uncultured; s__uncultured_bacterium	0.9998237111045329
805eef8ec3724d2e8db7fe292d391224	d__Bacteria; p__Proteobacteria; c__Gammaproteobacteria; o__Pseudomonadales; f__Moraxellaceae; g__Acinetobacter	0.9999992214941329
25f448a6814f88e250f67bd4b35d7aa0	d__Eukaryota; p__Ascomycota; c__Sordariomycetes; o__Magnaporthales; f__Magnaporthaceae; g__Magnaporthe; s__Magnaporthe_oryzae	0.8442294302394414
6ae0194392a3ebc2e1fbde0b6c7f9831	d__Bacteria; p__Firmicutes; c__Clostridia; o__Peptostreptococcales-Tissierellales; f__Peptostreptococcaceae; g__Terrisporobacter	0.99855977114679
45879f2f486ce01803669a9bf683a353	d__Bacteria; p__Bacteroidota; c__Bacteroidia; o__Bacteroidales; f__Prevotellaceae; g__Prevotella; s__Prevotella_nanceiensis	0.9999995703950545
db10c6064e5b5ae1c0daf6c6c431e664	d__Bacteria; p__Actinobacteriota; c__Actinobacteria; o__Propionibacteriales; f__Propionibacteriaceae; g__Cutibacterium	0.9996430828833756
2e0ec805f320fe9e46191dbd8da2a4fc	d__Bacteria; p__Firmicutes; c__Bacilli; o__Bacillales; f__Bacillaceae; g__Bacillus	0.98018324275264
0361ddaf07195f61342cf53790313182	d__Bacteria; p__Bacteroidota; c__Bacteroidia; o__Bacteroidales; f__Prevotellaceae; g__Prevotella; s__Prevotella_loescheii	0.9999987897439061
3e0d9bceb3a4a59def2755e7bde3ff2c	d__Bacteria; p__Bacteroidota; c__Bacteroidia; o__Bacteroidales	0.9968914152252012
4912438a4c3e12be90e29a198c65a665	d__Bacteria; p__Firmicutes; c__Clostridia; o__Clostridia; f__Hungateiclostridiaceae; g__Anaerobacterium	0.9990045902875205
fc6db4b213660b696644b00bdf161e2d	d__Bacteria; p__Proteobacteria; c__Alphaproteobacteria; o__Rhizobiales; f__Rhizobiaceae; g__Allorhizobium-Neorhizobium-Pararhizobium-Rhizobium	0.987900505679896
547e8e61d2eba44680a3758b1b8b1878	d__Bacteria; p__Fusobacteriota; c__Fusobacteriia; o__Fusobacteriales; f__Leptotrichiaceae; g__Leptotrichia; s__Leptotrichia_shahii	0.8476341175441159
d4d64debb40bcc7f7a29f71cab67db95	d__Eukaryota; p__Basidiomycota; c__Tremellomycetes; o__Tremellales; f__Bulleribasidiaceae; g__Vishniacozyma	0.999975088282507
29850ca88901c743636dae5856b5b5f7	d__Bacteria; p__Firmicutes; c__Bacilli; o__Staphylococcales; f__Staphylococcaceae; g__Staphylococcus	0.9999846551253482
5c3d3ce6ef3779220b2059f211b5521e	d__Bacteria; p__Proteobacteria; c__Alphaproteobacteria; o__Sphingomonadales; f__Sphingomonadaceae; g__Sphingomonas	0.9998960620228279
ef00e294116e934e250a50d8ac8140ca	d__Bacteria; p__Gemmatimonadota; c__Longimicrobia; o__Longimicrobiales; f__Longimicrobiaceae; g__Longimicrobium; s__uncultured_bacterium	0.819253818123753
e5ca88dfccc4ea4f462adaab1e478d7c	d__Eukaryota; p__Apicomplexa; c__Conoidasida; o__Gregarinasina; f__Eugregarinorida; g__Gregarina; s__Heterocapsaceae_environmental	0.944664579625375
157c43b17bbb090af78b665b5d72a459	d__Bacteria; p__Myxococcota; c__Polyangia; o__Polyangiales; f__Polyangiaceae; g__Pajaroellobacter	0.9952981306642847
472f11a3a51e00f4fa215392be22de35	d__Bacteria; p__Actinobacteriota; c__Actinobacteria; o__Micrococcales; f__Microbacteriaceae	0.9997378387485172
0cc511398f14d07fa678cb17f2f3d7d0	d__Bacteria; p__Actinobacteriota; c__Coriobacteriia; o__Coriobacteriales; f__Atopobiaceae; g__Atopobium; s__uncultured_bacterium	0.8185212268088089
fc18b95bcd4540617de62fb4bb3e9fce	d__Bacteria; p__Chloroflexi; c__Dehalococcoidia; o__S085; f__S085; g__S085; s__metagenome	0.9560807329849221
ef558f818defc3e045da191038d10150	d__Bacteria; p__Proteobacteria; c__Alphaproteobacteria; o__Sphingomonadales; f__Sphingomonadaceae; g__Sphingomonas	0.9611122961569434
0b55cafb6adb57b968664390802018f3	d__Bacteria; p__Proteobacteria; c__Gammaproteobacteria; o__Pseudomonadales; f__Pseudomonadaceae; g__Pseudomonas	0.9986586221642731
266738786af4ae395953d9821845d58d	d__Bacteria; p__Actinobacteriota; c__Actinobacteria; o__Propionibacteriales; f__Nocardioidaceae; g__Nocardioides	0.9999419140322982
1d0c99995b12e9ea9f0c2616a359f648	d__Bacteria; p__Firmicutes; c__Bacilli; o__Staphylococcales; f__Staphylococcaceae; g__Staphylococcus	0.9999871686323247
7414bc724af9f988a0c297b1c7796563	d__Bacteria; p__Bacteroidota; c__Bacteroidia; o__Flavobacteriales; f__Weeksellaceae; g__Chryseobacterium	0.9997585534368674
8d12ff137c9c6a25c2d2755d7801218a	d__Bacteria; p__Firmicutes; c__Bacilli; o__Staphylococcales; f__Staphylococcaceae; g__Macrococcus	0.9539788373048579
2cd42fc6079c956a5fd91f75587a1604	d__Bacteria; p__Fusobacteriota; c__Fusobacteriia; o__Fusobacteriales; f__Leptotrichiaceae; g__Leptotrichia	0.9999999999995749
65da8c06917b8b992b6df644d05f4f07	d__Bacteria; p__Proteobacteria; c__Gammaproteobacteria; o__Pasteurellales; f__Pasteurellaceae; g__Pasteurella; s__Pasteurella_multocida	0.7895355695159406
8d05f3cc67b7ae56f3b3818ecb2d3037	d__Bacteria; p__Firmicutes; c__Bacilli; o__Bacillales; f__Planococcaceae; g__Psychrobacillus	0.9986260770953439
51eb27b53696bcec45543f65307c973e	d__Bacteria; p__Firmicutes; c__Bacilli; o__Lactobacillales; f__Leuconostocaceae; g__Weissella; s__Weissella_paramesenteroides	0.7795231886963986
786706965655009c164b57e257472fe8	d__Bacteria; p__Abditibacteriota; c__Abditibacteria; o__Abditibacteriales; f__Abditibacteriaceae; g__Abditibacterium; s__bacterium	0.9508057022771755
62c9694fd839113c0316bb4989cc0930	d__Bacteria; p__Bacteroidota; c__Bacteroidia; o__Bacteroidales; f__Tannerellaceae; g__Parabacteroides; s__Parabacteroides_distasonis	0.8150465822817876
771806c7a1058a6cacb08f5db1f1c530	d__Eukaryota; p__Basidiomycota; c__Agaricomycetes; o__Polyporales; f__Incertae_Sedis; g__Trametes; s__Trametes_versicolor	0.9604432517616046
ade030d8d6e7e8e2858bffe144040383	d__Bacteria; p__Proteobacteria; c__Alphaproteobacteria; o__Rhodobacterales; f__Rhodobacteraceae	0.9968475673548782
ebf74d0c01aa13ac08783baa49b1d417	d__Bacteria; p__Actinobacteriota; c__Actinobacteria; o__Micrococcales; f__Micrococcaceae; g__Kocuria; s__Rothia_kristinae	0.9968474953177417
35de6269e3d3b238ea6d06bd06dc1e4e	d__Bacteria; p__Bacteroidota; c__Bacteroidia; o__Bacteroidales; f__Prevotellaceae; g__Prevotella; s__Prevotella_pleuritidis	0.9972694962170384
be31d1b71cd7b656fce0694735a101e5	d__Bacteria; p__Proteobacteria; c__Alphaproteobacteria; o__Rhodobacterales; f__Rhodobacteraceae; g__Amaricoccus	0.7409884818910526
b37fa6f19e1564eadb63e45d938b5012	d__Bacteria; p__Proteobacteria; c__Alphaproteobacteria; o__Rhizobiales; f__Beijerinckiaceae; g__uncultured; s__uncultured_bacterium	0.7285470592844617
406cd5ec75577ece72accbd875a5e091	d__Bacteria; p__Firmicutes; c__Clostridia; o__Peptostreptococcales-Tissierellales; f__Peptostreptococcales-Tissierellales; g__Anaerococcus; s__Anaerococcus_rubeinfantis	0.928360598477586
5478af1df400ba555b2a600ac0feeb5d	d__Bacteria; p__Proteobacteria; c__Gammaproteobacteria; o__Burkholderiales; f__Burkholderiaceae; g__Burkholderia-Caballeronia-Paraburkholderia	0.9999725087398369
0c83507fdd593216b126c8dfbd76cfd1	d__Bacteria; p__Firmicutes; c__Negativicutes; o__Veillonellales-Selenomonadales; f__Veillonellaceae; g__Megasphaera; s__uncultured_organism	0.8124379048313838
5bf7be8f3db0ac62b273d0076e53718f	Unassigned	0.5356029353723752
5c9399e8dbc66401fa64ec16318350f5	d__Bacteria; p__Firmicutes; c__Clostridia; o__Peptostreptococcales-Tissierellales; f__Peptostreptococcales-Tissierellales; g__Anaerococcus; s__uncultured_bacterium	0.7978766435459473
c3636c65fa064c33eae6a347cbe8ce56	d__Bacteria; p__Firmicutes; c__Negativicutes; o__Veillonellales-Selenomonadales; f__Selenomonadaceae; g__uncultured; s__Mitsuokella_sp.	0.8604944339834824
e66ae30bb94d856c1fc99ca19188dbcd	d__Bacteria; p__Proteobacteria; c__Gammaproteobacteria; o__Xanthomonadales; f__Xanthomonadaceae	0.9999996410408526
249f31545d3e9c2b6a57b3aa1bbbe562	d__Bacteria; p__Proteobacteria; c__Alphaproteobacteria; o__Rhodobacterales; f__Rhodobacteraceae	0.9999489041247828
b3520c747e6227ea7ef8df216cf19560	d__Bacteria; p__Proteobacteria; c__Gammaproteobacteria; o__Xanthomonadales; f__Xanthomonadaceae; g__Lysobacter	0.9630024186901968
90e5d2a9dbc7cb2a33120e62ca26053a	d__Bacteria; p__Proteobacteria; c__Alphaproteobacteria; o__Caulobacterales; f__Hyphomonadaceae; g__SWB02	0.9999999981296488
b8f29ce249d129a828e9534595904294	d__Bacteria; p__Proteobacteria; c__Gammaproteobacteria; o__Burkholderiales; f__Comamonadaceae	0.9999977382944328
486004e6f2c1179513581849bbdec2c9	d__Eukaryota; p__Phragmoplastophyta; c__Embryophyta; o__Magnoliophyta; f__Magnoliophyta; g__Magnoliophyta; s__Allium_sativum	0.9990642498557902
2ae7e368e2922fcd0d5a42451807c87a	d__Bacteria; p__Proteobacteria; c__Gammaproteobacteria; o__Burkholderiales; f__Oxalobacteraceae; g__Massilia; s__Massilia_putida	0.7444347436149784
b7fce08b680b5d3e5e1b4276854efa34	d__Bacteria; p__Firmicutes; c__Clostridia; o__Clostridiales; f__Clostridiaceae; g__Clostridium_sensu_stricto_13	0.9994317806078306
8d1d244634d8ca3415b1bc967967be81	d__Bacteria; p__Proteobacteria; c__Gammaproteobacteria; o__Pasteurellales; f__Pasteurellaceae; g__Aggregatibacter	0.9256418251523117
308ccf9f461fdf2246ffb86c437bad97	d__Bacteria; p__Firmicutes; c__Clostridia; o__Peptostreptococcales-Tissierellales; f__Peptostreptococcaceae; g__Filifactor; s__Filifactor_alocis	0.7513696254013563
085ff663d0212d0738ccca2885d94af7	d__Bacteria; p__Proteobacteria; c__Alphaproteobacteria; o__Sphingomonadales; f__Sphingomonadaceae; g__Sphingomonas	0.8587948863086698
74f355241f0125ffccde3c0e3f03cbd9	d__Bacteria; p__Actinobacteriota; c__Actinobacteria; o__Corynebacteriales; f__Corynebacteriaceae; g__Corynebacterium	0.9999998766440122
332c74f2f69670d087e6daf0f7a43012	d__Bacteria; p__Proteobacteria; c__Gammaproteobacteria; o__Burkholderiales; f__Burkholderiaceae; g__Lautropia; s__Lautropia_sp.	0.8375276017607068
2536150097b9e9950631db7abca6234f	d__Eukaryota; p__Vertebrata; c__Mammalia; o__Mammalia; f__Mammalia; g__Mammalia	0.9999995385367305
9088df7d50ed0178fef2578de64230a0	d__Bacteria; p__Proteobacteria; c__Alphaproteobacteria; o__Acetobacterales; f__Acetobacteraceae; g__Roseomonas; s__Roseomonas_aerilata	0.7678805728038558
fa2de65a47228c706a695bf1abc7093d	d__Bacteria; p__Actinobacteriota; c__Actinobacteria; o__Corynebacteriales; f__Dietziaceae; g__Dietzia	0.9747605936375077
118dc2d22a7eb726352c216b0f69032d	d__Eukaryota; p__Basidiomycota; c__Agaricomycetes	0.9999955866304353
06776defff53e7557adee4a21aae6c41	d__Bacteria; p__Fusobacteriota; c__Fusobacteriia; o__Fusobacteriales; f__Leptotrichiaceae; g__Leptotrichia; s__Leptotrichia_hongkongensis	0.7597693431966132
a9aceb102f1f3345f8c5f4de177a4925	d__Bacteria; p__Firmicutes; c__Clostridia; o__Peptostreptococcales-Tissierellales; f__Peptostreptococcales-Tissierellales; g__Anaerococcus; s__Anaerococcus_vaginalis	0.7349387181289453
8dc01f7259d68d3a5f7a4d33edb42eda	d__Bacteria; p__Synergistota; c__Synergistia; o__Synergistales; f__Synergistaceae; g__Candidatus_Tammella; s__Synergistales_bacterium	0.9985991112227242
d505b0e6aea2635d02402c3e082b214c	d__Bacteria; p__Proteobacteria; c__Gammaproteobacteria; o__Burkholderiales; f__Comamonadaceae; g__Comamonas	0.764697729316594
7aacf825fa089674d396da1b8342bcb8	d__Bacteria; p__Cyanobacteria; c__Cyanobacteriia; o__Chloroplast; f__Chloroplast; g__Chloroplast	0.9999999999998319
1a866f2b8e31def6ea8fd4d80f3d817d	d__Bacteria; p__Proteobacteria; c__Alphaproteobacteria; o__Sphingomonadales; f__Sphingomonadaceae; g__Sphingobium	0.9995533391529364
df2c98e525a3f7c3aa3e197982fdaae0	d__Bacteria; p__Firmicutes; c__Bacilli; o__Acholeplasmatales; f__Acholeplasmataceae; g__Acholeplasma; s__Acholeplasma_axanthum	0.7949887341027674
de0267f70868f4f11e2fa1ddc88208c1	d__Bacteria; p__Firmicutes; c__Bacilli; o__Staphylococcales; f__Staphylococcaceae; g__Staphylococcus	0.9999873536136348
e1d1691de6c9c6d069f87646236a8bc3	d__Bacteria; p__Firmicutes; c__Bacilli; o__Bacillales; f__Bacillaceae; g__Bacillus	0.9820861407291515
c6143a1e15e15a2ec1f300d68db62762	d__Bacteria; p__Planctomycetota; c__Planctomycetes; o__Gemmatales; f__Gemmataceae; g__uncultured; s__uncultured_bacterium	0.97889793134199
dac69f367c0c9148863fc319802882fa	d__Bacteria; p__Bacteroidota; c__Rhodothermia; o__Balneolales; f__Balneolaceae; g__uncultured	0.9999125121935845
2842fba7813d273fec21a9c034deb373	d__Bacteria; p__Firmicutes; c__Negativicutes; o__Veillonellales-Selenomonadales; f__Selenomonadaceae	0.999999998696641
44eae315a2e70c042fe7318c3a888cd9	d__Bacteria; p__Actinobacteriota; c__Actinobacteria; o__Micrococcales; f__Micrococcaceae; g__Glutamicibacter	0.8183053613164467
d7c8a526180af6abb6c63133e56ca967	d__Bacteria; p__Bacteroidota; c__Bacteroidia; o__Sphingobacteriales; f__Sphingobacteriaceae; g__Pedobacter	0.9929511001359462
51c559855afa79ef6a441896594d0b47	d__Bacteria; p__Firmicutes; c__Clostridia; o__Peptostreptococcales-Tissierellales; f__Peptostreptococcales-Tissierellales; g__Anaerococcus	0.9999999999991916
eb65de74f5e00dc2769b2c1522be13d9	d__Bacteria; p__Bacteroidota; c__Bacteroidia; o__Flavobacteriales; f__Flavobacteriaceae; g__uncultured	0.9999963921182622
ec79e7199d7a027fc3dc44ee9e07a01a	d__Bacteria; p__Bacteroidota; c__Bacteroidia; o__Bacteroidales; f__Tannerellaceae; g__Tannerella; s__uncultured_bacterium	0.7680707415309828
e5e408778911f97a654ac0f9283a445c	d__Bacteria; p__Proteobacteria; c__Alphaproteobacteria; o__Rhizobiales; f__Rhizobiales_Incertae_Sedis; g__Nordella; s__Nordella_oligomobilis	0.9478769626246194
443f7433574b0d9918f020c2deb2a46a	d__Bacteria; p__Proteobacteria; c__Gammaproteobacteria; o__Enterobacterales; f__Enterobacteriaceae	0.9575442555894517
64a587c577f21a8607e9791e5b75636a	d__Bacteria; p__Acidobacteriota; c__Blastocatellia; o__Blastocatellales; f__Blastocatellaceae; g__uncultured	0.8909245561149496
ccef6a1143fcd12ced82d4883553ffa5	d__Bacteria; p__Chloroflexi; c__KD4-96; o__KD4-96; f__KD4-96; g__KD4-96	0.9999999926254377
0fa966397b9bd425f0f6642a881a118d	d__Bacteria; p__Proteobacteria; c__Gammaproteobacteria; o__Burkholderiales; f__Oxalobacteraceae; g__Duganella	0.9861102132388618
311db9de627768223efffed439932a1a	d__Bacteria; p__Firmicutes; c__Clostridia; o__Peptostreptococcales-Tissierellales; f__Peptostreptococcaceae; g__Peptoclostridium	0.9992789965165523
d0c34708b6cadabdaca13e85e13971fc	d__Bacteria; p__Firmicutes; c__Bacilli; o__Staphylococcales; f__Staphylococcaceae; g__Staphylococcus	0.9999924406789096
d2d2a592523496bfeeffb71db83477af	d__Bacteria; p__Proteobacteria; c__Alphaproteobacteria; o__Rickettsiales; f__Mitochondria; g__Mitochondria; s__Fragaria_x	0.8051916762396623
4f6c380cd88deeb5acbddc355e3044ce	d__Bacteria; p__Firmicutes; c__Clostridia; o__Oscillospirales; f__Butyricicoccaceae	0.9999992479801358
6cf3f38da0c12a5ff4b0b555f75f0a82	d__Bacteria; p__Actinobacteriota; c__Actinobacteria; o__Micrococcales; f__Micrococcaceae; g__Rothia; s__Rothia_sp.	0.8120930145399663
f353311948c71f1e96834b2f67676bf6	d__Bacteria; p__Firmicutes; c__Clostridia; o__Peptostreptococcales-Tissierellales; f__Peptostreptococcales-Tissierellales; g__Peptoniphilus	0.9999999999976679
97021f5c81daf5021f9472e8b3cd8578	d__Bacteria; p__Firmicutes; c__Clostridia; o__Peptostreptococcales-Tissierellales; f__Peptostreptococcales-Tissierellales; g__Parvimonas; s__Tissierellia_bacterium	0.8433566573103946
e72541d5e96e7533a675520d08a3a842	d__Bacteria; p__Actinobacteriota; c__Thermoleophilia; o__Solirubrobacterales; f__67-14; g__67-14; s__uncultured_Rubrobacteria	0.9304431453814359
ffe59126f10d0dffd9ef5272bf12e497	d__Bacteria; p__Proteobacteria; c__Alphaproteobacteria; o__Sphingomonadales; f__Sphingomonadaceae; g__uncultured	0.7451048965976066
bbed08d137b143df94d80bbc7a0d83ef	d__Bacteria; p__Bacteroidota; c__Bacteroidia; o__Bacteroidales; f__Prevotellaceae; g__Alloprevotella	0.9999999999999798
9ab966927c31f66e4df03ae41c957e46	d__Bacteria; p__Actinobacteriota; c__Actinobacteria; o__Micrococcales; f__Intrasporangiaceae; g__Arsenicicoccus; s__Arsenicicoccus_bolidensis	0.8397813454186948
1c9c57f8df6aa3950803a4535b994b61	d__Bacteria; p__Bacteroidota; c__Bacteroidia; o__Chitinophagales; f__Chitinophagaceae	0.9999997074002501
46e34f9740c44f75b27abf4cb3a32b45	d__Bacteria; p__Proteobacteria; c__Gammaproteobacteria; o__Pseudomonadales; f__Moraxellaceae; g__Acinetobacter	0.9999529218876497
9142d7ca812b8f177ae51515dbeb5f53	d__Bacteria; p__Firmicutes; c__Clostridia; o__Lachnospirales; f__Lachnospiraceae; g__Johnsonella; s__uncultured_bacterium	0.8344399122906745
c36e06daaaa7d33c5cff7700ecc3a173	d__Bacteria; p__Proteobacteria; c__Gammaproteobacteria; o__Pseudomonadales; f__Pseudomonadaceae; g__Pseudomonas	0.9999772622407808
dc3b4a36a119d7239c6cb9797f79a8df	d__Bacteria; p__Bacteroidota; c__Bacteroidia; o__Bacteroidales; f__Rikenellaceae; g__Rikenellaceae; s__uncultured_bacterium	0.9928257039042515
5dec712da40f6324490f4db70f9ea7a3	d__Bacteria; p__Firmicutes; c__Clostridia; o__Lachnospirales; f__Lachnospiraceae; g__uncultured	0.7758222586868666
08bcc26e6544cefef7858390aa607249	d__Bacteria; p__Firmicutes; c__Clostridia; o__Peptostreptococcales-Tissierellales; f__Peptostreptococcales-Tissierellales; g__Anaerococcus; s__uncultured_bacterium	0.8239605679671679
12aac839b0a265c8e5a5275141c48afc	d__Bacteria; p__Actinobacteriota; c__Actinobacteria; o__Pseudonocardiales; f__Pseudonocardiaceae; g__Actinomycetospora; s__uncultured_bacterium	0.7281137285331719
dcfd89c714aac53f55099eadbc958ec2	d__Bacteria; p__Actinobacteriota; c__Actinobacteria; o__Propionibacteriales; f__Propionibacteriaceae; g__Friedmanniella	0.9999654327234981
d64b3e868d4a8194d4550571e6c1a7dd	d__Bacteria; p__Firmicutes; c__Clostridia; o__Peptostreptococcales-Tissierellales; f__Anaerovoracaceae; g__Mogibacterium; s__Mogibacterium_timidum	0.9985710467170543
74e8ff1dc06ddf1de72c85dc2ba7d014	d__Bacteria; p__Proteobacteria; c__Gammaproteobacteria; o__Pseudomonadales; f__Moraxellaceae; g__Acinetobacter	0.9996512873444351
a6709456563abfdb89998dc8c659d332	d__Bacteria; p__Deinococcota; c__Deinococci; o__Deinococcales; f__Deinococcaceae; g__Deinococcus; s__uncultured_organism	0.9869742406766578
e2423c4c9a0dd6ead3496fc500f3351f	d__Bacteria; p__Bacteroidota; c__Bacteroidia; o__Bacteroidales; f__Prevotellaceae; g__Prevotella	0.9999887391766019
9bdb02c53cf64e87b62f46b08784c976	d__Bacteria; p__Firmicutes; c__Bacilli; o__Lactobacillales; f__Enterococcaceae; g__Enterococcus	0.9908033201514546
5980eb433e6715a3e37844e5e0e850e2	d__Eukaryota; p__Vertebrata; c__Mammalia; o__Mammalia; f__Mammalia; g__Mammalia; s__Pan_paniscus	0.9967487860910532
e451c57a669dca58a4c320db1a81fc34	d__Bacteria; p__Actinobacteriota; c__Actinobacteria; o__Micrococcales; f__Microbacteriaceae; g__Curtobacterium	0.8522086408953928
e25d0b3cec7758dac7231822f1a71737	d__Eukaryota; p__Ascomycota; c__Dothideomycetes; o__Pleosporales; f__Sporormiaceae; g__Preussia	0.8965573003762265
711ec0f815327f8b6a5a25d415fd3ca6	d__Bacteria; p__Bacteroidota; c__Bacteroidia; o__Bacteroidales; f__Prevotellaceae; g__Prevotella; s__Prevotella_timonensis	0.9999999460563359
bbb227e748a201babff89a9c2c907465	d__Bacteria; p__Proteobacteria; c__Alphaproteobacteria; o__Rickettsiales; f__Mitochondria; g__Mitochondria	0.9999999999198543
75216af3ee55a04de91429a2170902f6	d__Eukaryota; p__Phragmoplastophyta; c__Embryophyta; o__Magnoliophyta; f__Magnoliophyta; g__Magnoliophyta	0.9933306786793603
5196bee527efc6f798519c3ca6c952d7	d__Bacteria; p__Firmicutes; c__Bacilli; o__Staphylococcales; f__Staphylococcaceae; g__Nosocomiicoccus; s__Nosocomiicoccus_ampullae	0.7704078278198607
50f2309a5dbfda056c26dc0d48cb4e06	d__Bacteria; p__Synergistota; c__Synergistia; o__Synergistales; f__Synergistaceae; g__Pyramidobacter; s__Rarimicrobium_hominis	0.9993675025164062
2d82fe683d122f64b2528b0e60666147	d__Bacteria; p__Proteobacteria; c__Alphaproteobacteria; o__Rhizobiales; f__Devosiaceae; g__Devosia	0.8908863618244593
184f28e205331446fd7bc03112399676	d__Bacteria; p__Bacteroidota; c__Bacteroidia; o__Sphingobacteriales; f__Sphingobacteriaceae	0.9999999996855411
eb012eaf4b7d995e623ffb104f6f55b5	d__Bacteria; p__Proteobacteria; c__Gammaproteobacteria; o__Xanthomonadales; f__Xanthomonadaceae; g__Pseudoxanthomonas; s__Pseudoxanthomonas_mexicana	0.7958462918368657
7dd6f3a551351cf61532e84e43ab4986	d__Bacteria; p__Bacteroidota; c__Bacteroidia; o__Flavobacteriales	0.9791224522425684
3a30e37e17b9ed5bb7652f37755a9594	d__Bacteria; p__Bacteroidota; c__Bacteroidia; o__Bacteroidales; f__Prevotellaceae; g__Prevotella; s__unidentified_eubacterium	0.829184731808178
bd664bdc4d529b391aa322284c4e90c2	d__Bacteria; p__Proteobacteria; c__Alphaproteobacteria; o__Sphingomonadales; f__Sphingomonadaceae; g__Sphingomonas; s__Sphingomonas_koreensis	0.8488985220337638
23ca1bfe5d8e69a8ef2b3853ccac330d	d__Bacteria; p__Proteobacteria; c__Alphaproteobacteria; o__Rhizobiales; f__Devosiaceae; g__Devosia	0.981451886365068
d10653a1e01c2ee56f4a557b24edc70d	d__Bacteria; p__Actinobacteriota; c__Actinobacteria; o__Propionibacteriales; f__Nocardioidaceae; g__Marmoricola	0.9643160536578896
f59c756f1e36c7bcff045622c4e57c69	d__Eukaryota; p__Basidiomycota; c__Tremellomycetes; o__Filobasidiales; f__Filobasidiaceae	0.9999581301512394
cf75d48c6feebb934a396faa35006e81	d__Bacteria; p__Actinobacteriota; c__Actinobacteria; o__Micrococcales; f__Dermabacteraceae; g__Dermabacter	0.9995876312560927
6d1a63e28efbd52c60be54f8f0f70de1	d__Bacteria; p__Proteobacteria; c__Alphaproteobacteria; o__Sphingomonadales; f__Sphingomonadaceae; g__Novosphingobium	0.9934873547660668
22a69fc44871352144a14cbb8120b0fd	d__Bacteria; p__Bacteroidota; c__Bacteroidia; o__Bacteroidales; f__Prevotellaceae; g__Prevotella; s__Prevotella_shahii	0.99265066321961
9d69138defd061d151efcd5284fe6f3b	d__Bacteria; p__Bacteroidota; c__Bacteroidia; o__Flavobacteriales; f__Flavobacteriaceae; g__Capnocytophaga; s__Capnocytophaga_canimorsus	0.991013608498431
e0a4dee40f4e60f7afee6cf5f2e77fe6	d__Bacteria; p__Actinobacteriota; c__Actinobacteria; o__Actinomycetales; f__Actinomycetaceae; g__Actinomyces	0.9999996787596612
b40d392c282e9d7f3588c82107a82ad6	d__Eukaryota; p__Ascomycota; c__Dothideomycetes; o__Venturiales; f__Sympoventuriaceae; g__Ochroconis; s__Ochroconis_tshawytschae	0.8503807559789155
d048e75acfcda222eaf553d07a8a2c5a	d__Bacteria; p__Actinobacteriota; c__Actinobacteria; o__Corynebacteriales; f__Nocardiaceae; g__Gordonia	0.9795530524138683
c264a370e837d025ea18ab0e25a80dde	d__Bacteria; p__Proteobacteria; c__Gammaproteobacteria; o__Xanthomonadales; f__Xanthomonadaceae; g__Stenotrophomonas	0.9999976787708721
e03a6111418860b3423173eadf2d0966	d__Bacteria; p__Firmicutes; c__Bacilli; o__Brevibacillales; f__Brevibacillaceae; g__Brevibacillus	0.999998784995863
ab8afb5e1a544ff04b1f610a858619e9	d__Bacteria; p__Bacteroidota; c__Bacteroidia; o__Sphingobacteriales; f__Sphingobacteriaceae; g__Mucilaginibacter	0.9996592746116986
086f324ca9d09d88a8eaa48c2f5c815a	d__Bacteria; p__Bacteroidota; c__Bacteroidia; o__Cytophagales; f__Cyclobacteriaceae; g__Marinoscillum; s__metagenome	0.9999764489165194
897597b4cd80a4aca6c179505e40e195	d__Bacteria; p__Bacteroidota; c__Bacteroidia; o__Bacteroidales; f__Porphyromonadaceae; g__Porphyromonas	0.999763097062061
042af4c903ddc24ab3d8cb470dc69ddf	d__Bacteria; p__Firmicutes; c__Bacilli; o__Staphylococcales; f__Staphylococcaceae; g__Staphylococcus	0.9999859149125078
44554d0a5315d5d01ce1f640b30075ca	d__Bacteria; p__Actinobacteriota; c__Actinobacteria; o__Micrococcales; f__Intrasporangiaceae; g__Aquipuribacter; s__uncultured_bacterium	0.9095326002774792
96bbfb7489cb979780038b6c3cfdc099	d__Bacteria; p__Proteobacteria; c__Gammaproteobacteria; o__Xanthomonadales; f__Xanthomonadaceae	0.9999996141952913
ae7e08a660ec554899e586f98d399dab	d__Bacteria; p__Proteobacteria; c__Gammaproteobacteria; o__Xanthomonadales; f__Xanthomonadaceae; g__Vulcaniibacterium; s__uncultured_bacterium	0.9994287380716205
45cb0a0b19bdaac0ec0591c3c1ca7afb	d__Bacteria; p__Bacteroidota; c__Bacteroidia; o__Flavobacteriales; f__Flavobacteriaceae; g__Flavobacterium; s__Flavobacterium_johnsoniae	0.7323237677173975
245dfdb662553ffed831232c11018b70	d__Bacteria; p__Firmicutes; c__Bacilli; o__Exiguobacterales; f__Exiguobacteraceae; g__Exiguobacterium	0.9999604493366268
55ed1292f0a1fa0e1d46134bda0c2c85	d__Bacteria; p__Proteobacteria; c__Alphaproteobacteria; o__Sphingomonadales; f__Sphingomonadaceae	0.9917627836107624
02a1c6193a44f017d48a53e3bf4ae75d	d__Bacteria; p__Actinobacteriota; c__Actinobacteria; o__Micrococcales; f__Beutenbergiaceae	0.9954677985037921
90f4fb785deb485a9915961ddbd4e9a9	d__Bacteria; p__Proteobacteria; c__Alphaproteobacteria; o__Sphingomonadales; f__Sphingomonadaceae; g__Sphingomonas	0.9921621269941402
4af4ac1923928ce40ccb70a39b5e2550	d__Eukaryota; p__Ascomycota; c__Eurotiomycetes; o__Eurotiales; f__Thermoascaceae; g__Byssochlamys	0.8194276097701725
5280b3b588e932738f953030a96f0ed8	d__Eukaryota; p__Vertebrata; c__Mammalia; o__Mammalia; f__Mammalia; g__Mammalia	0.9999990570992742
84468830d248beda6de55447c34ea8b8	d__Bacteria; p__Bacteroidota; c__Bacteroidia; o__Flavobacteriales; f__Weeksellaceae; g__Bergeyella; s__uncultured_bacterium	0.9999242070166122
acf1006a8bd034e5a104efaf48c2b166	d__Bacteria; p__Bdellovibrionota; c__Oligoflexia; o__0319-6G20; f__0319-6G20; g__0319-6G20; s__metagenome	0.7454545615028121
8e50737b606a8b2bb114fbd768f9e022	d__Bacteria; p__Cyanobacteria; c__Cyanobacteriia; o__Chloroplast; f__Chloroplast; g__Chloroplast	0.999999999999903
d2acd706df30ab80e4b2ab429b473379	d__Bacteria; p__Firmicutes; c__Clostridia; o__Oscillospirales; f__Ruminococcaceae	0.9979720318731558
acea2737d0c032dd2d8b0034e48b3e68	d__Bacteria; p__Proteobacteria; c__Alphaproteobacteria; o__Rhizobiales; f__Rhizobiaceae; g__Mesorhizobium	0.9248026505581118
842fe269da9202241bd3dc8448fcf059	d__Bacteria; p__Proteobacteria; c__Alphaproteobacteria; o__Micavibrionales; f__uncultured; g__uncultured; s__metagenome	0.8127456668884222
05e15301860086b906ca7a1bd154ace5	d__Bacteria; p__Actinobacteriota; c__Actinobacteria; o__Micrococcales; f__Micrococcaceae; g__Arthrobacter	0.9430321229694411
ff5c00f1ff9f4223648d2626cba0ecf0	d__Bacteria; p__Proteobacteria; c__Alphaproteobacteria; o__Rhodobacterales; f__Rhodobacteraceae; g__Paracoccus	0.9950078476701324
d592fcd0b70de9ca07645c41de44f03c	d__Bacteria; p__Proteobacteria; c__Gammaproteobacteria; o__Burkholderiales; f__Neisseriaceae; g__Conchiformibius	0.9748579016362562
9404b79c73ae9ad20004fff97e26804e	d__Bacteria; p__Firmicutes; c__Bacilli; o__Lactobacillales; f__Leuconostocaceae; g__Leuconostoc	0.9999999553271638
aa9d1a57618c5377dc3d40e62b8f5341	d__Bacteria; p__Firmicutes; c__Negativicutes; o__Veillonellales-Selenomonadales; f__Selenomonadaceae; g__Centipeda	0.7863170227289349
4d85b6d96e96c1b9eccff362e4c7c693	d__Bacteria; p__Proteobacteria; c__Alphaproteobacteria; o__Rhizobiales; f__Rhizobiaceae	0.996820233999588
1fa362beffdb4fc4e37f6b8e017882e5	d__Eukaryota; p__Ascomycota; c__Sordariomycetes; o__Xylariales; f__Apiosporaceae; g__Arthrinium	0.9921619256128199
d0b71f2be691d4e0cd1e0ea3ebc13c3a	d__Bacteria; p__Firmicutes; c__Bacilli; o__Lactobacillales; f__Carnobacteriaceae; g__Desemzia	0.98715801254291
fc410884e9b603b7e90bb9a06416ceb5	d__Bacteria; p__Actinobacteriota; c__Actinobacteria; o__Actinomycetales; f__Actinomycetaceae; g__Actinomyces; s__uncultured_Actinomyces	0.7029605687097301
77ba695ec0dbc285c749c0ba60e90e4a	d__Bacteria; p__Firmicutes; c__Clostridia; o__Lachnospirales; f__Lachnospiraceae; g__Lachnoanaerobaculum	0.9999998861487763
735151a1c568ce25996d54077572e0f7	d__Bacteria; p__Firmicutes; c__Bacilli; o__Lactobacillales	0.9999920583210392
e0880d8a3858d3c2ef4fa55a42b72b5f	d__Bacteria; p__Bacteroidota; c__Bacteroidia; o__Bacteroidales; f__Prevotellaceae; g__Prevotella; s__Prevotella_denticola	0.9980127767159029
6c444b547a75a0f06cf9433555662516	d__Bacteria; p__Acidobacteriota; c__Vicinamibacteria; o__Vicinamibacterales; f__Vicinamibacteraceae; g__Luteitalea	0.989307393969207
8aa33bcb9bf883196f0a031476caef7f	d__Bacteria; p__Cyanobacteria; c__Cyanobacteriia; o__Oxyphotobacteria_Incertae_Sedis; f__Unknown_Family; g__uncultured; s__uncultured_bacterium	0.9975744289668392
0954bb9a9208f9478cdda346a7d0eb92	d__Eukaryota; p__Ascomycota; c__Dothideomycetes	0.9918716710720107
92eba14f565dbb57d6521bd93069f8da	d__Bacteria; p__Actinobacteriota; c__Actinobacteria; o__Propionibacteriales; f__Propionibacteriaceae; g__Cutibacterium	0.9992367825974396
112fb728e465c203e6b9858c0ee23e2a	d__Bacteria; p__Proteobacteria; c__Alphaproteobacteria; o__Rhizobiales; f__Rhizobiaceae; g__Allorhizobium-Neorhizobium-Pararhizobium-Rhizobium; s__Neorhizobium_sp.	0.9224209457964733
68719dc9828aa2a00eb82d8743d388ac	d__Bacteria; p__Firmicutes; c__Bacilli; o__Staphylococcales; f__Staphylococcaceae; g__Staphylococcus	0.9999846216004291
b31c438eb587eaa6b367e935ba5532f2	d__Bacteria; p__Firmicutes; c__Bacilli; o__Bacillales; f__Bacillaceae; g__Bacillus	0.974184923773259
7477ac2cd43bc8d886aae294b230adac	d__Bacteria; p__Proteobacteria; c__Alphaproteobacteria; o__Rhizobiales; f__Rhizobiaceae; g__Mesorhizobium	0.9003890336513971
669bc0f02f938dc5b221ed3277716b29	d__Bacteria; p__Firmicutes; c__Clostridia; o__Lachnospirales; f__Lachnospiraceae; g__[Ruminococcus]_torques_group	0.9955496053035212
cdb5c1966667fd0aeae195e3924501b8	d__Bacteria; p__Fusobacteriota; c__Fusobacteriia; o__Fusobacteriales; f__Leptotrichiaceae; g__Leptotrichia	0.9999999999991318
1d32327d9e0cd1355ce96d1d30d44db4	d__Bacteria; p__Actinobacteriota; c__Actinobacteria; o__Bifidobacteriales; f__Bifidobacteriaceae	0.9999999994620569
9db41ada3c984768e397d8d58ede9ad9	d__Bacteria; p__Proteobacteria; c__Alphaproteobacteria; o__Sphingomonadales; f__Sphingomonadaceae; g__Sphingomonas	0.9974009035226644
9d5b04340b2d75bca9203a551137bfee	d__Bacteria; p__Proteobacteria; c__Alphaproteobacteria; o__Rhizobiales; f__Xanthobacteraceae; g__uncultured	0.986541846763216
54f280d6fd175fd71c0e6fa099350c97	d__Bacteria; p__Firmicutes; c__Bacilli; o__Lactobacillales; f__Streptococcaceae; g__Streptococcus	0.9996367260451006
60deab1edced5f582de065e27ab3bbf8	d__Bacteria; p__Firmicutes; c__Bacilli; o__Staphylococcales; f__Staphylococcaceae; g__Staphylococcus	0.9999891138579121
dfb945216785708ca73da09ae227603d	d__Bacteria; p__Actinobacteriota; c__Actinobacteria; o__Propionibacteriales; f__Propionibacteriaceae; g__Cutibacterium	0.9998278026117138
4fe4b29e5979c953bdb9a55533531104	d__Bacteria; p__Proteobacteria; c__Alphaproteobacteria; o__Rhizobiales; f__Beijerinckiaceae; g__Methylobacterium-Methylorubrum; s__Methylobacterium_soli	0.9660669624730249
4f0bc9a3e9f039eeb53825e0bebc9ac5	d__Bacteria; p__Actinobacteriota; c__Actinobacteria; o__Micrococcales; f__Microbacteriaceae; g__Curtobacterium	0.8212901980532292
c843104ebb7e6a917010ff53323f2e13	d__Bacteria; p__Actinobacteriota; c__Actinobacteria; o__Micrococcales; f__Micrococcaceae; g__Arthrobacter	0.9675206578855963
12a9a94174f14285d86d5c64b0afe769	d__Eukaryota; p__Ascomycota; c__Dothideomycetes	0.8112056708807724
2135fd0a0d1f1755367e34a3b4b461d0	d__Bacteria; p__Cyanobacteria; c__Cyanobacteriia; o__Oxyphotobacteria_Incertae_Sedis; f__Unknown_Family; g__uncultured; s__uncultured_bacterium	0.8323099573226949
3c19802dcbecaeb7b125356936dcfc7e	d__Bacteria; p__Actinobacteriota; c__Actinobacteria; o__Corynebacteriales; f__Corynebacteriaceae; g__Corynebacterium	0.9964827002139934
a80c3cb372706a49446cb5851f0a3113	d__Bacteria; p__Firmicutes; c__Clostridia; o__Lachnospirales; f__Lachnospiraceae; g__Tyzzerella	0.9789241493781552
b1cc1b917c4e22f2b0cced52b7fc5157	d__Eukaryota; p__Basidiomycota; c__Tremellomycetes; o__Filobasidiales; f__Filobasidiaceae; g__Naganishia	0.999996367743059
e475e0d82ad92fa8afa343ac7c5413cd	d__Bacteria; p__Bacteroidota; c__Bacteroidia; o__Bacteroidales; f__Porphyromonadaceae; g__Porphyromonas; s__uncultured_bacterium	0.7647414693422159
f4ffdb223ce4a9a5024d0e5ddf589871	d__Eukaryota; p__Basidiomycota; c__Malasseziomycetes; o__Malasseziales; f__Malasseziaceae; g__Malassezia; s__Malassezia_slooffiae	0.9999999999375007
173963cd02c2a4a69ab8cd3ce11e69b7	d__Bacteria; p__Firmicutes; c__Clostridia; o__Peptostreptococcales-Tissierellales; f__Peptostreptococcales-Tissierellales; g__Finegoldia	0.9999999999738058
ef2788b96ee052cfcb5e1cf6b4673cec	d__Bacteria; p__Actinobacteriota; c__Actinobacteria; o__Propionibacteriales; f__Propionibacteriaceae; g__Cutibacterium	0.9997623788497525
1a777bb95d65501a05b2742c2f69df96	d__Bacteria; p__Firmicutes; c__Bacilli; o__Staphylococcales; f__Staphylococcaceae; g__Jeotgalicoccus	0.9981716129037114
73385af2c3e25ea09a19e86b971e88c8	d__Bacteria; p__Actinobacteriota; c__Actinobacteria; o__Corynebacteriales; f__Corynebacteriaceae; g__Corynebacterium	0.9995155336846607
336c031639788be6f6ae8dcd571fcf23	d__Bacteria; p__Firmicutes; c__Bacilli; o__Bacillales; f__Planococcaceae; g__Kurthia	0.9385502100680512
027d06f5415f8200808f72fc6826c10c	d__Bacteria; p__Firmicutes; c__Bacilli; o__Staphylococcales; f__Staphylococcaceae; g__Staphylococcus	0.9999893238779828
d2af2db7a0d30f2c4f7b7a836e85b7cb	d__Bacteria; p__Proteobacteria; c__Alphaproteobacteria; o__Rhodobacterales; f__Rhodobacteraceae; g__Paracoccus	0.9924039949580761
2d345ed5303fa7137398fd179dd1a177	d__Bacteria; p__Myxococcota; c__Myxococcia; o__Myxococcales; f__Myxococcaceae	0.8089251183927337
3a8548c05102be979182156e8d36f44d	d__Bacteria; p__Firmicutes; c__Bacilli; o__Lactobacillales; f__Listeriaceae; g__Brochothrix; s__Brochothrix_thermosphacta	0.9362746396284329
23ce33d06c6a8fab25887f02a18e39db	d__Bacteria; p__Cyanobacteria; c__Cyanobacteriia; o__Chloroplast; f__Chloroplast; g__Chloroplast; s__Myrmecia_israeliensis	0.9999957264262859
131d939ab8bf5392de8778384ebc430d	d__Bacteria; p__Bacteroidota; c__Bacteroidia; o__Cytophagales; f__Spirosomaceae; g__Rhabdobacter; s__uncultured_bacterium	0.9930492349735653
1e535009caba2fb40d5b9937bcd6b342	d__Bacteria; p__Actinobacteriota; c__Actinobacteria; o__Actinomycetales; f__Actinomycetaceae; g__Actinomyces; s__Schaalia_radingae	0.9999662416638259
40f0ffb60f054465adae5c35232a836d	d__Bacteria; p__Firmicutes; c__Bacilli; o__Staphylococcales; f__Staphylococcaceae; g__Staphylococcus	0.9999773072406719
3e87ce09f389465e10334a312521a128	d__Bacteria; p__Proteobacteria; c__Gammaproteobacteria; o__Gammaproteobacteria_Incertae_Sedis; f__Unknown_Family; g__uncultured; s__uncultured_microorganism	0.8125651785576353
731a47a9be1e97827f82c913bed081b0	d__Bacteria; p__Fusobacteriota; c__Fusobacteriia; o__Fusobacteriales; f__Leptotrichiaceae; g__Leptotrichia	0.9999999999962232
912f19fdb8a68953703de07d679061b3	d__Bacteria; p__Proteobacteria; c__Alphaproteobacteria; o__Acetobacterales; f__Acetobacteraceae; g__Roseomonas	0.9999573770075947
0a76ba8696d489eeb80dfd759d3b2c06	d__Bacteria; p__Fusobacteriota; c__Fusobacteriia; o__Fusobacteriales; f__Leptotrichiaceae; g__Leptotrichia; s__Leptotrichia_sp.	0.9998472993414653
157ce8e4f3f4d906d67d72f1e7c0d387	d__Bacteria; p__Actinobacteriota; c__Actinobacteria; o__Micrococcales; f__Brevibacteriaceae; g__Brevibacterium	0.9999993023593563
5a84120bf4de7beb9ae8bb01c26399db	d__Bacteria; p__Proteobacteria; c__Alphaproteobacteria; o__Sphingomonadales; f__Sphingomonadaceae; g__Sphingobium	0.998719210770179
a129e5b16ca4f30cf905002e1f733421	d__Eukaryota; p__Mucoromycota; c__Incertae_Sedis; o__Mucorales; f__Rhizopodaceae; g__Rhizopus; s__Rhizopus_stolonifer	0.9981431761516911
26579df976129ed4f8b159a5ad5657a2	d__Bacteria; p__Actinobacteriota; c__Actinobacteria; o__Micrococcales; f__Cellulomonadaceae; g__Cellulomonas	0.9970798164796196
6331b5b57f6f520938a251614c3c712b	d__Eukaryota; p__Ascomycota; c__Sordariomycetes; o__Microascales; f__Microascaceae; g__Microascus; s__Microascus_cirrosus	0.8871603352190337
28106944ec266d8c81420b70a13dec4b	d__Bacteria; p__Firmicutes; c__Clostridia; o__Peptostreptococcales-Tissierellales; f__Anaerovoracaceae; g__[Eubacterium]_nodatum_group; s__Eubacterium_sulci	0.8699003602639123
5d6cce2942199d95fb5ef29ec5357131	d__Bacteria; p__Actinobacteriota; c__Actinobacteria; o__Propionibacteriales; f__Nocardioidaceae; g__Nocardioides	0.9999515192886224
a2eab33f3916134a0391aa654db70baa	d__Bacteria; p__Proteobacteria; c__Alphaproteobacteria; o__Rhizobiales; f__Rhodomicrobiaceae; g__Rhodomicrobium; s__bacterium_YC-ZSS-LKJ79	0.7131739753498335
7217f70529c3dab256004837a73ca47c	d__Bacteria; p__Bacteroidota; c__Bacteroidia; o__Bacteroidales; f__Porphyromonadaceae; g__Porphyromonas; s__Porphyromonas_sp.	0.9996705058927763
55feeef11b4e00bfbe380bbbbcf2d533	d__Bacteria; p__Firmicutes; c__Bacilli; o__Bacillales; f__Bacillaceae; g__Bacillus	0.9938387045320879
a683eeaba6e6052ee96aeb1380eaa442	d__Bacteria; p__Proteobacteria; c__Alphaproteobacteria; o__Rhodobacterales; f__Rhodobacteraceae; g__Paracoccus	0.9973697475301033
ec428454f14252a9abd433b18ed7de55	d__Bacteria; p__Actinobacteriota; c__Actinobacteria; o__Micrococcales; f__Microbacteriaceae; g__Amnibacterium	0.7957766811944329
1adc3ba6ad28b487809e1d76a92dc5dc	d__Bacteria; p__Bacteroidota; c__Bacteroidia; o__Flavobacteriales; f__Flavobacteriaceae; g__Capnocytophaga	0.9999999999979694
0cf00a163bb8f009f7b0857db5e4f837	d__Archaea; p__Halobacterota; c__Halobacteria; o__Halobacterales; f__Halomicrobiaceae; g__uncultured; s__uncultured_archaeon	0.9788008643314179
06f99d950295f29967d8d7503f633783	d__Bacteria; p__Firmicutes; c__Clostridia; o__Lachnospirales; f__Lachnospiraceae; g__Coprococcus; s__Lachnospiraceae_bacterium	0.7782259765798198
39fda1b29146b2a62833933f1bf3a49e	d__Bacteria; p__Actinobacteriota; c__Actinobacteria; o__Micrococcales; f__Micrococcaceae; g__Rothia	0.9998473796967573
1cec16e6ae2d943714678cb3cfd05941	d__Bacteria; p__Proteobacteria; c__Gammaproteobacteria; o__Pseudomonadales; f__Moraxellaceae; g__Psychrobacter; s__Psychrobacter_aestuarii	0.7115134357226172
37992c90b64bef116228e5582c287c3d	d__Bacteria; p__Proteobacteria; c__Alphaproteobacteria; o__Rhodobacterales; f__Rhodobacteraceae; g__Rubellimicrobium	0.998621173088057
2667167cd9458b11488e9a617c658d88	d__Bacteria; p__Spirochaetota; c__Spirochaetia; o__Spirochaetales; f__Spirochaetaceae; g__Treponema; s__Treponema_medium	0.9703933889243906
72ad26a04604aff532aec0a3850fce66	d__Bacteria; p__Actinobacteriota; c__Thermoleophilia; o__Solirubrobacterales; f__67-14; g__67-14	0.9999155287111848
fd49bd4964d7ce3e971b058873e35c4c	d__Eukaryota; p__Basidiomycota; c__Pucciniomycetes; o__Pucciniales; f__Melampsoraceae; g__Melampsora; s__Melampsora_larici-populina	0.9954804286896246
fbd7488cce15982843f797e0bd36185b	d__Bacteria; p__Actinobacteriota; c__Actinobacteria; o__Corynebacteriales; f__Corynebacteriaceae; g__Corynebacterium	0.9915208295811752
1c38cb4996ebf40c3a29e4a64a22f37e	d__Bacteria; p__Fusobacteriota; c__Fusobacteriia; o__Fusobacteriales; f__Fusobacteriaceae; g__Fusobacterium; s__Fusobacterium_periodonticum	0.7874090378575147
b7e044991b45cbf0dbf4e6bda7043b60	d__Bacteria; p__Firmicutes; c__Bacilli; o__Paenibacillales; f__Paenibacillaceae; g__Saccharibacillus; s__uncultured_bacterium	0.7357754936392061
4a814d6bd244c90624365a0ca15a4076	d__Bacteria; p__Actinobacteriota; c__Actinobacteria; o__Frankiales; f__Geodermatophilaceae; g__Blastococcus	0.7737618035008127
b6e46f8471800960bc48e431c3baf224	d__Bacteria; p__Proteobacteria; c__Gammaproteobacteria; o__Burkholderiales; f__Burkholderiaceae; g__Ralstonia	0.995922456161097
9a4254161814a6df134515d1103517ce	d__Bacteria; p__Proteobacteria; c__Gammaproteobacteria; o__Pseudomonadales; f__Moraxellaceae; g__Psychrobacter	0.8139088736403609
abd3e6c81418d5d11156bc68e6dfdc78	d__Bacteria; p__Proteobacteria; c__Gammaproteobacteria; o__Burkholderiales; f__Neisseriaceae; g__Neisseria; s__Neisseria_meningitidis	0.7667305319521989
ebd6ff1fd056cb33a9965028fad95820	d__Bacteria; p__Firmicutes; c__Bacilli; o__Staphylococcales; f__Staphylococcaceae; g__Staphylococcus	0.9999815092836272
a4412fa50885869bb3ba6fec01f85aa1	d__Bacteria; p__Actinobacteriota; c__Actinobacteria; o__Propionibacteriales; f__Nocardioidaceae; g__Nocardioides; s__Nocardioides_halotolerans	0.8087175806590378
5bb123d29323b736a74fcc21c5be1fb3	d__Bacteria; p__Bacteroidota; c__Bacteroidia; o__Bacteroidales; f__Prevotellaceae; g__Alloprevotella	0.9999999917658325
1e9288e915518fd183059e2165454589	d__Bacteria; p__Firmicutes; c__Bacilli; o__Lactobacillales; f__Lactobacillaceae; g__Lactobacillus	0.9999664035954327
c0c64e6d375d19d2fd58752b32a3c075	d__Bacteria; p__Actinobacteriota; c__Actinobacteria; o__Corynebacteriales; f__Corynebacteriaceae; g__Corynebacterium; s__Corynebacterium_massiliense	0.9995452545679164
8bd60495b0cf021bdd441b8f8a7c5663	d__Bacteria; p__Proteobacteria; c__Alphaproteobacteria; o__Rhodobacterales; f__Rhodobacteraceae	0.9998917636190935
61be625186122d6acb3d67f2c40467b3	d__Bacteria; p__Proteobacteria; c__Alphaproteobacteria; o__Rhizobiales; f__Devosiaceae; g__Pelagibacterium; s__uncultured_Alphaproteobacteria	0.7200451566722601
94a20ca5fba86f5ab8ce6bcbda178e15	d__Bacteria; p__Firmicutes; c__Negativicutes; o__Veillonellales-Selenomonadales; f__Veillonellaceae; g__Veillonella	0.9999998912041406
45d705d834bc329047af968d5f8ffa67	d__Bacteria; p__Cyanobacteria; c__Cyanobacteriia; o__Chloroplast; f__Chloroplast; g__Chloroplast; s__Erodium_rupestre	0.9999874186128953
a784d95518bf66bc582686e7329fe2da	d__Bacteria; p__Proteobacteria; c__Gammaproteobacteria; o__Burkholderiales; f__Comamonadaceae; g__Variovorax	0.7922386623600405
38768132cefbd34d32bf89049e6eb81d	d__Bacteria; p__Proteobacteria; c__Gammaproteobacteria; o__Enterobacterales; f__Enterobacteriaceae	0.9673768993628781
14d3b2e9abb01258643938bbe6d88218	d__Bacteria; p__Proteobacteria; c__Alphaproteobacteria; o__Rhizobiales; f__Devosiaceae; g__Devosia; s__Devosia_sp.	0.8592289192674082
e1eaad0c7b28ccf848f02eb9d5f956e4	d__Bacteria; p__Firmicutes; c__Bacilli; o__Lactobacillales; f__Streptococcaceae; g__Streptococcus; s__Streptococcus_minor	0.9516474975937173
998c2b2c2a9e4e8ebf15ff7b51c97e8b	d__Bacteria; p__Bacteroidota; c__Rhodothermia; o__Balneolales; f__Balneolaceae; g__uncultured	0.9973000570003285
fee35e2b76c9046292fef53ab6b62e99	d__Eukaryota; p__Phragmoplastophyta; c__Embryophyta; o__Magnoliophyta; f__Magnoliophyta; g__Magnoliophyta; s__Plantago_patagonica	0.9885359132771722
ed658452c69bf0999e99acf4930d03be	d__Eukaryota; p__Phragmoplastophyta; c__Embryophyta; o__Magnoliophyta; f__Magnoliophyta; g__Magnoliophyta; s__Eucalyptus_grandis	0.9569938642474595
e2703d4a9aebbf98c583ae8d787dfa19	d__Bacteria; p__Proteobacteria; c__Gammaproteobacteria; o__Burkholderiales; f__Nitrosomonadaceae; g__MND1	0.9999999360731003
4c83898e415619566380565db9904187	d__Bacteria; p__Bacteroidota; c__Bacteroidia; o__Bacteroidales; f__Bacteroidaceae; g__Bacteroides; s__Bacteroides_stercoris	0.985913073394381
00ab0c6dcaf7221467fb1a8c0b967592	d__Bacteria; p__Firmicutes; c__Clostridia; o__Eubacteriales; f__Garciellaceae; g__Irregularibacter; s__uncultured_bacterium	0.9952426907228079
acfb256d33fc8f7c52dfa94b68ebedb5	d__Bacteria; p__Bacteroidota; c__Bacteroidia; o__Bacteroidales; f__Prevotellaceae; g__Prevotella; s__Prevotella_buccae	0.9999819968242164
77909e92213134c849b87f912d2026ca	d__Bacteria; p__Proteobacteria; c__Gammaproteobacteria; o__Burkholderiales; f__Comamonadaceae; g__Aquabacterium; s__Aquabacterium_citratiphilum	0.8898266029129407
78f46f10d19c2b2c3e510ee20c5e4bdc	d__Bacteria; p__Proteobacteria; c__Alphaproteobacteria; o__Sphingomonadales; f__Sphingomonadaceae	0.9999781920116888
b560c94994962d593e9fda54863d2ee1	d__Bacteria; p__Bacteroidota; c__Bacteroidia; o__Flavobacteriales; f__Flavobacteriaceae; g__Aequorivita	0.9996348123603002
3f94f7512511f547b963fe47e60a6f60	d__Bacteria; p__Actinobacteriota; c__Actinobacteria; o__Corynebacteriales; f__Nocardiaceae; g__Williamsia; s__Williamsia_sp.	0.7265981904775758
2150a143d630d8efbff8734dc7b6dc19	d__Bacteria; p__Proteobacteria; c__Alphaproteobacteria; o__Sphingomonadales; f__Sphingomonadaceae; g__Sphingopyxis	0.9966864396181316
f753eacbea6b29507dd09aae58b2ead3	d__Bacteria; p__Proteobacteria; c__Alphaproteobacteria; o__Sphingomonadales; f__Sphingomonadaceae; g__Sphingomonas	0.9793977899273661
5df187b3f405eee592ef22cb04e32f89	d__Bacteria; p__Proteobacteria; c__Gammaproteobacteria; o__Burkholderiales; f__Oxalobacteraceae; g__Herbaspirillum	0.973307635557963
5aecf4ffa368b2c74d63465de0cda06d	d__Bacteria; p__Firmicutes; c__Bacilli; o__Bacillales; f__Sporolactobacillaceae; g__Tuberibacillus; s__Tuberibacillus_calidus	0.9931385017811123
c6108fd209abcce364ee59e6c2e9f73f	d__Bacteria; p__Bacteroidota; c__Bacteroidia; o__Sphingobacteriales; f__Sphingobacteriaceae; g__Sphingobacterium; s__Sphingobacterium_alimentarium	0.8605870184156956
d89cf18fe1d018f0843cf24ebea1eb28	d__Bacteria; p__Actinobacteriota; c__Thermoleophilia; o__Solirubrobacterales; f__Solirubrobacteraceae; g__Solirubrobacter	0.9999376344198807
81e829b3c89a5ad9ba0d4f5f016efd29	d__Bacteria; p__Firmicutes; c__Bacilli; o__Staphylococcales; f__Staphylococcaceae; g__Staphylococcus	0.9999758885457086
ce02aa122e3191ff0695a688b27c49f7	d__Bacteria; p__Planctomycetota; c__Planctomycetes; o__Gemmatales; f__Gemmataceae; g__Gemmata; s__uncultured_planctomycete	0.9615555668958167
2b70fbe750aa84ddeb4e751440afc856	d__Eukaryota; p__Basidiomycota; c__Agaricomycetes; o__Russulales; f__uncultured; g__uncultured; s__uncultured_fungus	0.927793128166637
7d1e7198de25d19ba6ded57e462fce90	d__Bacteria; p__Firmicutes; c__Bacilli; o__Staphylococcales; f__Staphylococcaceae; g__Staphylococcus	0.9999861997629924
29a58fc10c39a0c81e399fb1d680cb70	d__Bacteria; p__Proteobacteria; c__Gammaproteobacteria; o__Burkholderiales; f__Burkholderiaceae; g__Lautropia; s__uncultured_bacterium	0.9216412518654556
0da55ee08cd434aa710f0abc5201c039	d__Bacteria; p__Firmicutes; c__Bacilli; o__Lactobacillales; f__Lactobacillaceae; g__Lactobacillus	0.9999997474130303
6dbd1560f8f0d4c78eebd540891b9af4	d__Bacteria; p__Actinobacteriota; c__Actinobacteria; o__Propionibacteriales; f__Nocardioidaceae; g__Nocardioides	0.9999973713598819
96da66ba0ea9ecfa6cc0f8050a983ee3	d__Eukaryota; p__Ascomycota; c__Eurotiomycetes; o__Eurotiales; f__Trichocomaceae; g__Thermomyces; s__Thermomyces_lanuginosus	0.9563508538049386
e393009e6161fb04d5b18e672ff03d16	d__Bacteria; p__Firmicutes; c__Negativicutes; o__Veillonellales-Selenomonadales; f__Veillonellaceae; g__Dialister; s__uncultured_bacterium	0.794867180371413
a264cf9f0a1cb10b99c5a9021b308714	d__Bacteria; p__Bacteroidota; c__Bacteroidia; o__Bacteroidales; f__Prevotellaceae; g__Prevotella; s__Prevotella_genomosp.	0.9923815909590604
38f5fab1350c1ccba7115189cbf61f3a	d__Bacteria; p__Actinobacteriota; c__Actinobacteria; o__Frankiales; f__uncultured; g__uncultured	0.9991645967908299
ae77571970668e7eb6b7ff9f0469c13b	d__Bacteria; p__Actinobacteriota; c__Actinobacteria; o__Corynebacteriales; f__Mycobacteriaceae; g__Mycobacterium	0.9999556477400223
66595035bfdb5bc6d78c80858d1b8016	d__Bacteria; p__Proteobacteria; c__Alphaproteobacteria; o__Caulobacterales; f__Caulobacteraceae; g__Brevundimonas	0.9999999641779073
f5456c4395129c2d31430be4becaf33e	d__Bacteria; p__Actinobacteriota; c__Actinobacteria; o__Propionibacteriales; f__Propionibacteriaceae; g__Cutibacterium	0.99974636403611
5666edadc93f28c973893e7f3d84736a	d__Bacteria; p__Proteobacteria; c__Alphaproteobacteria; o__Rhodobacterales; f__Rhodobacteraceae; g__Amaricoccus; s__uncultured_Amaricoccus	0.7015595217014342
354dfb230de72c1bbeb12d81aef03b9b	d__Bacteria; p__Firmicutes; c__Clostridia; o__Lachnospirales; f__Lachnospiraceae; g__uncultured; s__Eubacterium_sp.	0.9813789740830107
dc7e0886f5e0f463cdafe7e021d7efd5	d__Bacteria; p__Proteobacteria; c__Alphaproteobacteria; o__Acetobacterales; f__Acetobacteraceae; g__Craurococcus-Caldovatus	0.9999999955588295
bcbdb13f04135582e565053d1038f9e0	d__Bacteria; p__Firmicutes; c__Bacilli; o__Lactobacillales; f__Leuconostocaceae; g__Weissella; s__Weissella_viridescens	0.9966268804898256
ed125280500ad784d47cd4ecdb7661ea	d__Bacteria; p__Proteobacteria; c__Gammaproteobacteria; o__Burkholderiales; f__Neisseriaceae; g__uncultured; s__uncultured_bacterium	0.9996044264203277
603f9fd4f23e717bbb62366bb33839ff	d__Bacteria; p__Proteobacteria; c__Alphaproteobacteria; o__Rhodobacterales; f__Rhodobacteraceae; g__Rubellimicrobium; s__uncultured_bacterium	0.7781274714627604
ef2b63830312feb6a123770513031098	d__Bacteria; p__Cyanobacteria; c__Cyanobacteriia; o__Oxyphotobacteria_Incertae_Sedis; f__Unknown_Family; g__Pseudanabaena_NgrPSln22	0.7906194884395081
2209d4fc14f64327d213aa8f197d88a6	d__Bacteria; p__Actinobacteriota; c__Actinobacteria; o__Micrococcales; f__Microbacteriaceae; g__Curtobacterium	0.7941002413789161
125566fe612b9628bd7f1c9c6d038f56	d__Bacteria; p__Proteobacteria; c__Alphaproteobacteria; o__Caulobacterales; f__Caulobacteraceae; g__PMMR1	0.9996964389282207
b493dae2a053183bea106d00198f6265	d__Bacteria; p__Actinobacteriota; c__Coriobacteriia; o__Coriobacteriales; f__Atopobiaceae; g__Atopobium; s__Atopobium_minutum	0.7838713828601116
f87612ac27f3ad04f74f8d29642ef4fb	d__Bacteria; p__Bacteroidota; c__Bacteroidia; o__Flavobacteriales; f__Flavobacteriaceae; g__Flavobacterium; s__Flavobacterium_lindanitolerans	0.9596845517075596
deaf0d3f9414bd2c0327497689788080	d__Bacteria; p__Firmicutes; c__Bacilli; o__Staphylococcales; f__Staphylococcaceae; g__Staphylococcus	0.9992838946005959
46c92e7c978c3fbc53e6f6ae3f7c0559	d__Bacteria; p__Proteobacteria; c__Gammaproteobacteria; o__Pseudomonadales; f__Pseudomonadaceae; g__Pseudomonas	0.8718114570892428
0641faa28a40da39e703fda210840acd	d__Bacteria; p__Verrucomicrobiota; c__Verrucomicrobiae; o__Opitutales; f__Puniceicoccaceae; g__Pelagicoccus; s__uncultured_bacterium	0.8059194438542718
f0f04b18fc4cc04624f219fae6380f40	d__Bacteria; p__Actinobacteriota; c__Actinobacteria; o__Micrococcales; f__Microbacteriaceae; g__Agrococcus	0.9528864116994334
3e96a4c41ab6b59027bb9bb3d1b41ca5	d__Bacteria; p__Actinobacteriota; c__Actinobacteria; o__Kineosporiales; f__Kineosporiaceae; g__Quadrisphaera; s__uncultured_bacterium	0.995314748899114
555a08c11aed3ffe527631c3058553ef	d__Bacteria; p__WPS-2; c__WPS-2; o__WPS-2; f__WPS-2; g__WPS-2; s__uncultured_bacterium	0.8492922738514088
a2b1e90f1bbbfc1c9c2de154a7543cd9	d__Bacteria; p__Myxococcota; c__Myxococcia; o__Myxococcales; f__Myxococcaceae; g__Myxococcus	0.938186430579909
519eba4b608abee70e3911bd4fb9c338	d__Eukaryota; p__Ascomycota; c__Saccharomycetes; o__Saccharomycetales; f__Incertae_Sedis; g__Candida	0.9994377111031097
06337fc811431162aba82323667b6cc7	d__Bacteria; p__Proteobacteria; c__Gammaproteobacteria; o__Burkholderiales; f__Neisseriaceae	0.9999992933301449
bad949b29ac20ee0d84764bc1a0b3643	d__Bacteria; p__Proteobacteria; c__Gammaproteobacteria; o__Cellvibrionales; f__Cellvibrionaceae; g__Cellvibrio; s__metagenome	0.704758778180795
ae2c50d647041666d7ad18fe45853b7a	d__Bacteria; p__Actinobacteriota; c__Actinobacteria; o__Micrococcales; f__Intrasporangiaceae	0.9998420834355952
69b0e7bd77e1c6e209909e0f11ed0de1	d__Bacteria; p__Actinobacteriota; c__Actinobacteria; o__Propionibacteriales; f__Propionibacteriaceae; g__Cutibacterium	0.9976963058196867
60af79338d7ce2254f26d6400c11b724	d__Eukaryota; p__Phragmoplastophyta; c__Embryophyta; o__Magnoliophyta; f__Magnoliophyta; g__Magnoliophyta; s__Platanus_occidentalis	0.9987696919421365
9973867d9a6d00fca855403bc8a4ae7e	d__Bacteria; p__Proteobacteria; c__Alphaproteobacteria; o__Rhizobiales; f__Beijerinckiaceae; g__Methylobacterium-Methylorubrum	0.9992371913522642
0fc660821e6b50a59070aed1fb7cbe79	d__Bacteria; p__Proteobacteria; c__Alphaproteobacteria; o__Azospirillales; f__Azospirillaceae; g__Skermanella	0.9998384152081359
c75ea33428d10cd42d6b8f4e37d9cf15	d__Bacteria; p__Proteobacteria; c__Alphaproteobacteria; o__Rhizobiales; f__Rhizobiaceae; g__Aureimonas	0.8241361124359889
87a0103e40aaaa601267335bc630efa4	d__Bacteria; p__Proteobacteria; c__Gammaproteobacteria; o__Pasteurellales; f__Pasteurellaceae; g__Rodentibacter; s__Pasteurellaceae_bacterium	0.7618614888847327
cfe59369c28f0d4c8084daaa8b42e7f3	d__Bacteria; p__Firmicutes; c__Bacilli; o__Thermicanales; f__Thermicanaceae; g__Thermicanus; s__uncultured_bacterium	0.7950203945758214
42a94806200e972ca9744586f57e52dc	d__Eukaryota; p__Ascomycota; c__Dothideomycetes; o__Botryosphaeriales; f__Phyllostictaceae; g__Phyllosticta; s__Phyllosticta_capitalensis	0.8927438319379218
0e426beb5929f6ac364ca749f2f7c657	d__Bacteria; p__Firmicutes; c__Clostridia; o__Peptostreptococcales-Tissierellales; f__Peptostreptococcales-Tissierellales; g__Anaerococcus; s__Anaerococcus_sp.	0.925337484626948
c061488dc648255295b018269d730120	d__Bacteria; p__Bacteroidota; c__Bacteroidia; o__Chitinophagales; f__Chitinophagaceae; g__Flavisolibacter	0.8947272714699261
97923349d6ccdbf6045e2501fd6c85c6	d__Bacteria; p__Bacteroidota; c__Rhodothermia; o__Balneolales; f__Balneolaceae; g__uncultured	0.9998346756819598
2f948a1859e91b8119e5e3db8d7c4c26	d__Bacteria; p__Proteobacteria; c__Gammaproteobacteria; o__Enterobacterales; f__Enterobacteriaceae	0.9021996747244515
dbcf09cde5e9055ae778a56a7c8bc8fc	d__Bacteria; p__Proteobacteria; c__Gammaproteobacteria; o__Pseudomonadales; f__Pseudomonadaceae; g__Pseudomonas	0.9999998881641502
c4bd00a8c0c9997fc152cadc39159dd5	d__Bacteria; p__Actinobacteriota; c__Actinobacteria; o__Corynebacteriales; f__Corynebacteriaceae; g__Corynebacterium	0.9928202374756934
dceea7e8296fb9de088bb2585cf8932a	d__Bacteria; p__Actinobacteriota; c__Actinobacteria; o__Corynebacteriales; f__Corynebacteriaceae; g__Corynebacterium	0.9935307679273658
ef9ce7dc046e9200f86c9af25a349a9d	d__Bacteria; p__Proteobacteria; c__Gammaproteobacteria; o__Burkholderiales; f__Oxalobacteraceae; g__Massilia	0.7021817016392012
d593b3918633d10194c2f42811b27b01	d__Bacteria; p__Spirochaetota; c__Spirochaetia; o__Spirochaetales; f__Spirochaetaceae; g__Treponema; s__Treponema_sp.	0.9618036731382457
6c1a2c0786759d5827c9f976623d2088	d__Bacteria; p__Actinobacteriota; c__Actinobacteria; o__Corynebacteriales; f__Corynebacteriaceae; g__Corynebacterium	0.9994704988211169
5b19f45f544e649a4d460eab58b14780	d__Bacteria; p__Firmicutes; c__Clostridia; o__Peptostreptococcales-Tissierellales; f__Peptostreptococcaceae; g__Romboutsia	0.9776921009356504
59f573720aef29a1ca3076439b64ef2c	d__Bacteria; p__Verrucomicrobiota; c__Verrucomicrobiae; o__Chthoniobacterales; f__Chthoniobacteraceae; g__Chthoniobacter	0.9999969930168867
ad048dc68b119ab62446a60664abfb48	d__Bacteria; p__Actinobacteriota; c__Actinobacteria; o__Propionibacteriales; f__Nocardioidaceae; g__Nocardioides	0.9997436887866439
7e4ec1606b938af32db56353810d32e1	d__Bacteria; p__Proteobacteria; c__Gammaproteobacteria; o__Enterobacterales	0.9999867416128988
04cd05eae3b7100a8e7963100c77a4e5	d__Bacteria; p__Firmicutes; c__Clostridia; o__Peptostreptococcales-Tissierellales; f__Peptostreptococcaceae; g__Paeniclostridium	0.9348598063998064
364f266f01ed9e3b98ffd8feb464c441	d__Bacteria; p__Acidobacteriota; c__Acidobacteriae; o__Bryobacterales; f__Bryobacteraceae; g__Bryobacter; s__Acidobacteria_bacterium	0.9992498019589338
6df68b0026a487b2a6c4d4bd3b317f8b	d__Bacteria; p__Proteobacteria; c__Gammaproteobacteria; o__Xanthomonadales; f__Xanthomonadaceae; g__Xanthomonas	0.9948768410250712
8f16f48065eb99a14978ecca7c5652a3	d__Eukaryota; p__Phragmoplastophyta; c__Embryophyta; o__Magnoliophyta; f__Magnoliophyta; g__Magnoliophyta; s__Medicago_truncatula	0.8817376472640354
687e8722705e8bedfae08aa9e8a931e2	d__Bacteria; p__Firmicutes; c__Bacilli; o__Staphylococcales; f__Staphylococcaceae; g__Staphylococcus	0.9995630339684038
287215e8a8901a13f061efe9c09947df	d__Eukaryota; p__Ascomycota; c__Sordariomycetes; o__Hypocreales	0.9940718467440636
452fa90288bbf298136a995977687297	d__Bacteria; p__Actinobacteriota; c__Actinobacteria; o__Propionibacteriales; f__Nocardioidaceae; g__Nocardioides	0.9998100273875317
3b806de71c9b3ad1b11dfeaec524c248	d__Bacteria; p__Bacteroidota; c__Bacteroidia; o__Flavobacteriales; f__Flavobacteriaceae; g__Flavobacterium	0.9999958872041338
0343428e3b1f8f93cef3c54381d7c40e	d__Bacteria; p__Actinobacteriota; c__Actinobacteria; o__Streptomycetales; f__Streptomycetaceae; g__Streptomyces	0.9815722035658292
196155fbfe8e0be38e86506d1cafcdb9	d__Bacteria; p__Deinococcota; c__Deinococci; o__Deinococcales; f__Deinococcaceae; g__Deinococcus; s__Deinococcus_wulumuqiensis	0.9994880212047567
e7767f92cd87dfa07732177a575e4932	d__Bacteria; p__Proteobacteria; c__Alphaproteobacteria; o__Sphingomonadales; f__Sphingomonadaceae; g__Sphingomonas; s__Sphingomonas_aerophila	0.732047799569179
3801b1d613cba4516b37168f9b2784f2	d__Bacteria; p__Actinobacteriota; c__Actinobacteria; o__Micrococcales; f__Micrococcaceae; g__Pseudoglutamicibacter; s__Pseudoglutamicibacter_cumminsii	0.8611086687579715
ed1d55e50b380d8a363cbd81a1342af0	d__Bacteria; p__Actinobacteriota; c__Actinobacteria; o__Micrococcales	0.9859296183526699
a6ad512ef8660f27f7a59603c927809e	d__Bacteria; p__Proteobacteria; c__Gammaproteobacteria; o__Burkholderiales; f__Burkholderiaceae; g__Limnobacter	0.9987932444106671
dc44e9898c94ccc35b6301e4bad1b8b8	d__Bacteria; p__Actinobacteriota; c__Actinobacteria; o__Propionibacteriales; f__Propionibacteriaceae; g__Cutibacterium	0.9997653059956111
323e3fc24acd20449c377a2227f0d32b	d__Bacteria; p__Firmicutes; c__Bacilli; o__Lactobacillales; f__Streptococcaceae; g__Streptococcus	0.999999949258094
6d1c98f014577c9df740248db98914a7	d__Bacteria; p__Bacteroidota; c__Bacteroidia; o__Bacteroidales; f__Prevotellaceae; g__Prevotella; s__Prevotella_jejuni	0.8795268836887514
9ef8c8b91530fc3f38bf9f5fc8ffe3aa	d__Bacteria; p__Bacteroidota; c__Bacteroidia; o__Chitinophagales; f__Chitinophagaceae	0.9999998840834448
46a5c8c867fe2e43b2a813f123955648	d__Bacteria; p__Actinobacteriota; c__Actinobacteria; o__Streptomycetales; f__Streptomycetaceae; g__Streptomyces	0.9996947701798187
b06a3a5e3c0f734c123aaf9434fa27a1	d__Bacteria; p__Bacteroidota; c__Bacteroidia; o__Sphingobacteriales; f__Sphingobacteriaceae; g__Pedobacter	0.8414059999315201
35ce98a20dd10be29bc166c72c7c1fce	d__Bacteria; p__Acidobacteriota; c__Vicinamibacteria; o__Vicinamibacterales; f__uncultured; g__uncultured	0.9997538819286182
96ce44d9b0ed968a8166662d53b9228a	d__Bacteria; p__Planctomycetota; c__Planctomycetes; o__Pirellulales; f__Pirellulaceae; g__Pir4_lineage; s__uncultured_bacterium	0.7929722515103176
adc1ffb1788b8412c87ae52db27ba85c	d__Bacteria; p__Fusobacteriota; c__Fusobacteriia; o__Fusobacteriales; f__Leptotrichiaceae; g__Leptotrichia; s__Leptotrichia_buccalis	0.8411796252588337
9a8abd06a8a66ab8a9a10f55562f99f5	d__Bacteria; p__Proteobacteria; c__Alphaproteobacteria; o__Rhodobacterales; f__Rhodobacteraceae	0.9999346851079813
cf56e629512d44328549619e77f1df0e	d__Bacteria; p__Proteobacteria; c__Alphaproteobacteria; o__Rhodobacterales; f__Rhodobacteraceae; g__Rubellimicrobium; s__uncultured_bacterium	0.970995331022304
886136d45b577411351aa5b2a8e11af3	d__Bacteria; p__Actinobacteriota; c__Actinobacteria; o__Pseudonocardiales; f__Pseudonocardiaceae; g__Actinomycetospora; s__Actinomycetospora_sp.	0.7144546542631313
ffe456d80dfa4aac5fadfaedd26ea8fd	d__Bacteria; p__Actinobacteriota; c__Actinobacteria; o__Corynebacteriales; f__Corynebacteriaceae; g__Corynebacterium	0.9906165414645539
0f05fb9dc811efd288501a741b416b83	d__Bacteria; p__Actinobacteriota; c__Actinobacteria; o__Propionibacteriales; f__Propionibacteriaceae; g__Cutibacterium	0.9998568197703835
54dad3001713574877078689b9304d64	d__Bacteria; p__Proteobacteria; c__Alphaproteobacteria; o__Rhodobacterales; f__Rhodobacteraceae	0.9999104907606301
e5d76ef32f6d6b2ff5a2476edf9fb5b4	d__Bacteria; p__Firmicutes; c__Clostridia; o__Lachnospirales; f__Lachnospiraceae; g__[Ruminococcus]_torques_group; s__uncultured_bacterium	0.7058917445374163
6bcc794269d1a18e1d70389dbc04981c	d__Bacteria; p__Bacteroidota; c__Bacteroidia; o__Bacteroidales; f__Prevotellaceae; g__Prevotella; s__Prevotella_micans	0.9999999082938202
c34e1fd313a3d9fc9d938cde64616ae3	d__Bacteria; p__Actinobacteriota; c__Coriobacteriia; o__Coriobacteriales; f__Atopobiaceae; g__Atopobium	0.9999994658399809
b6ef3e3c70972200ab461757921cd35d	d__Bacteria; p__Bacteroidota; c__Bacteroidia; o__Flavobacteriales; f__Flavobacteriaceae; g__Salinimicrobium; s__uncultured_Bacteroidetes	0.9731186077755252
00879bdd4f246e211db3f8e4cd5d0612	d__Bacteria; p__Proteobacteria; c__Alphaproteobacteria; o__Micropepsales; f__Micropepsaceae; g__uncultured; s__metagenome	0.8348660279872947
3d7998ede23c7b55c11e2c6f94afc187	d__Bacteria; p__Bacteroidota; c__Bacteroidia; o__Cytophagales; f__Hymenobacteraceae; g__Adhaeribacter	0.9999999966383053
242f64f87bec213b953b011eb70fbd9e	d__Bacteria; p__Spirochaetota; c__Spirochaetia; o__Spirochaetales; f__Spirochaetaceae; g__Treponema; s__Treponema_socranskii	0.9845953431720428
be995cc278fa3ae05949e2ce635be6d5	d__Bacteria; p__Proteobacteria; c__Gammaproteobacteria; o__Burkholderiales; f__Burkholderiaceae; g__Burkholderia-Caballeronia-Paraburkholderia	0.9999632611047617
a1759dd5c1adcf3984f59004f6e2558c	d__Bacteria; p__Proteobacteria; c__Alphaproteobacteria; o__Rhodobacterales; f__Rhodobacteraceae; g__Rubellimicrobium; s__uncultured_bacterium	0.9846540303098823
9cde712f7c59f265e07d61049406ec69	d__Bacteria; p__Proteobacteria; c__Gammaproteobacteria; o__Pseudomonadales; f__Pseudomonadaceae; g__Pseudomonas	0.9841316601168675
78a8af079c4bf866aeeac33b8150d3c1	d__Bacteria; p__Firmicutes; c__Clostridia; o__Peptostreptococcales-Tissierellales; f__Peptostreptococcaceae; g__Romboutsia; s__Romboutsia_sp.	0.8650442258406541
252e80def508c02314c6ca0e42246484	d__Bacteria; p__Actinobacteriota; c__Actinobacteria; o__Pseudonocardiales; f__Pseudonocardiaceae; g__Actinomycetospora	0.9980685596777756
45639a6fabf6886c871cda3b6a0aa834	d__Bacteria; p__Firmicutes; c__Clostridia; o__Peptostreptococcales-Tissierellales; f__Acidaminobacteraceae; g__Acidaminobacter; s__uncultured_bacterium	0.7699487830823808
a15dcf13640b50665970a6680f9bb4d1	d__Bacteria; p__Cyanobacteria; c__Cyanobacteriia; o__Chloroplast; f__Chloroplast; g__Chloroplast	0.9999999999995485
f59fb51713b39f2dfc7b1a93ef34728d	d__Bacteria; p__Actinobacteriota; c__Actinobacteria; o__Propionibacteriales; f__Propionibacteriaceae; g__Naumannella; s__Naumannella_halotolerans	0.9991545358457173
725e884a3f79968a343e21186aee6041	d__Bacteria; p__Firmicutes; c__Bacilli; o__Bacillales; f__Bacillaceae; g__Bacillus	0.9808760225444425
dce7ba452476d194e99e3a67b08af737	d__Bacteria; p__Actinobacteriota; c__Actinobacteria; o__Propionibacteriales; f__Propionibacteriaceae; g__Cutibacterium	0.9993287070130671
ca170d5f1b0114557a6c6e08b369df52	Unassigned	0.470363218108354
fe9e26e929ba2a5bb2234f9539837118	d__Bacteria; p__Actinobacteriota; c__Actinobacteria; o__Micrococcales; f__Microbacteriaceae; g__Curtobacterium	0.7024364011951003
e000a566fd3d41e11842655f3140b555	d__Bacteria; p__Actinobacteriota; c__Actinobacteria; o__Micrococcales; f__Micrococcaceae; g__Micrococcus	0.9953479132872323
a66197e273812aa1d20a5ac8e3149e2e	d__Bacteria; p__Cyanobacteria; c__Cyanobacteriia; o__Cyanobacteriales; f__Nostocaceae; g__Mastigocladopsis_PCC-10914	0.9999843198916245
ed7af0b7685dedb306bce8f5bd4dbc48	d__Bacteria; p__Firmicutes; c__Bacilli; o__Bacillales; f__Planococcaceae	0.9849811458388262
4418b2809388384c02650391f33cb151	d__Bacteria; p__Bacteroidota; c__Bacteroidia; o__Sphingobacteriales; f__Sphingobacteriaceae; g__Sphingobacterium	0.9999999982722894
8f79c3dc57fa1b00e19f4466a2db2818	d__Bacteria; p__Bacteroidota; c__Bacteroidia; o__Chitinophagales; f__Chitinophagaceae; g__Segetibacter	0.9989069112772669
f8e9af7eb5a51948aeea7531e74188af	d__Bacteria; p__Firmicutes; c__Clostridia; o__Lachnospirales; f__Lachnospiraceae; g__Anaerostipes	0.9999996694038639
4b4f361d83c2da441cc70bf03e294e6b	d__Bacteria; p__Firmicutes; c__Clostridia; o__Oscillospirales; f__Oscillospiraceae; g__Colidextribacter	0.9999609506328992
ab1e3bc0cd167019f9b7379cd8e1be15	d__Bacteria; p__Proteobacteria; c__Alphaproteobacteria; o__Sphingomonadales; f__Sphingomonadaceae; g__Altererythrobacter	0.9997190194023188
43f8c72e4386ed1c1f2f838e00c7dbe9	d__Bacteria; p__Actinobacteriota; c__Actinobacteria; o__Propionibacteriales; f__Propionibacteriaceae; g__Cutibacterium	0.9998196698452719
aaa71c009ab6c6b94407dc46b32c809e	d__Bacteria; p__Actinobacteriota; c__Actinobacteria; o__Corynebacteriales; f__Mycobacteriaceae; g__Mycobacterium	0.999999962002669
6eb8b15d3cdf950e6b249de717ab5c89	d__Bacteria; p__Proteobacteria; c__Alphaproteobacteria; o__Rhizobiales; f__Devosiaceae; g__Devosia	0.9623487626199315
f817a9cbb945aa6480523cbad3a8c1dd	d__Eukaryota; p__Phragmoplastophyta; c__Embryophyta; o__Magnoliophyta; f__Magnoliophyta; g__Magnoliophyta; s__Brassica_oleracea	0.8269612371936627
8aa388e2ade284d4735db5408b7f110a	d__Bacteria; p__Actinobacteriota; c__Actinobacteria; o__Propionibacteriales; f__Propionibacteriaceae; g__Cutibacterium	0.9998252997813352
2adbf5ce9fe5c9eda10b25fb59a5a7bc	d__Bacteria; p__Firmicutes; c__Clostridia; o__Peptostreptococcales-Tissierellales; f__Peptostreptococcales-Tissierellales; g__Anaerococcus; s__Anaerococcus_nagyae	0.7235063956701365
d164043370afa614ef0fee1b2f4c2b99	d__Bacteria; p__Proteobacteria; c__Gammaproteobacteria; o__Salinisphaerales; f__Salinisphaeraceae; g__Salinisphaera; s__Salinisphaera_sp.	0.7828842623378222
78ee740369494644b5b4f0f4861f1d0e	d__Eukaryota; p__Ascomycota; c__Saccharomycetes; o__Saccharomycetales; f__Saccharomycodaceae; g__Hanseniaspora; s__Hanseniaspora_uvarum	0.9823655659052266
b44415a9b6f6ded60974b08e4ab4a17a	d__Bacteria; p__Proteobacteria; c__Gammaproteobacteria; o__Pseudomonadales; f__Moraxellaceae; g__Acinetobacter; s__Acinetobacter_ursingii	0.9516887005823124
1772efabade4f19a007013d9f55c5cf7	d__Bacteria; p__Proteobacteria; c__Gammaproteobacteria; o__Pasteurellales; f__Pasteurellaceae; g__Haemophilus	0.8572831480408688
15d85837cf07da96a329811e84c3a1fc	d__Eukaryota; p__Phragmoplastophyta; c__Embryophyta; o__Magnoliophyta; f__Magnoliophyta; g__Magnoliophyta; s__Cecropia_ficifolia	0.8721284839315941
ef507c31447ba5b571e75cdf61401e26	d__Bacteria; p__Actinobacteriota; c__Actinobacteria; o__Propionibacteriales; f__Propionibacteriaceae; g__Cutibacterium	0.9998431924621707
6e71e50b73fdd94248e16dc052fcc3a6	d__Bacteria; p__Firmicutes; c__Bacilli; o__Erysipelotrichales; f__Erysipelatoclostridiaceae; g__Catenibacterium	0.999999846371142
bab0e7b1b12e64a7252a1570115cbab7	d__Bacteria; p__Proteobacteria; c__Gammaproteobacteria; o__Pseudomonadales; f__Pseudomonadaceae; g__Pseudomonas	0.9998259935040359
a7f168e09cee1e0cf3066082a111a296	d__Bacteria; p__Proteobacteria; c__Gammaproteobacteria; o__Burkholderiales; f__Oxalobacteraceae; g__Massilia	0.996753892769183
18a7c6773a01a33eae9db72cdf751e13	d__Bacteria; p__Firmicutes; c__Bacilli; o__Lactobacillales; f__Leuconostocaceae; g__Leuconostoc; s__Leuconostoc_gelidum	0.8416195722913836
7652a903b94b3c1d369be5b4e527b878	d__Bacteria; p__Proteobacteria; c__Alphaproteobacteria; o__Sphingomonadales; f__Sphingomonadaceae; g__Sphingobium	0.9995202448656172
ec2427c2a4f82039818e6d995eda7895	d__Bacteria; p__Proteobacteria; c__Alphaproteobacteria; o__Acetobacterales; f__Acetobacteraceae; g__Acetobacter	0.9990579880275048
0372fe1068f2bb4be5f85252a248ab7b	d__Bacteria; p__Proteobacteria; c__Alphaproteobacteria; o__Rhizobiales; f__Devosiaceae; g__Devosia	0.9972256437780467
258f73d1d648fb0fcccedebe5a4f2023	d__Bacteria; p__Firmicutes; c__Clostridia; o__Clostridia_UCG-014; f__Clostridia_UCG-014; g__Clostridia_UCG-014	0.822977125667048
0b85a735ad67b28c0198758b159e54b5	d__Bacteria; p__Actinobacteriota; c__Actinobacteria; o__Micrococcales; f__Cellulomonadaceae; g__Cellulomonas	0.9998872431283289
bd09a0db48d050597f03bc3a00e804e5	d__Bacteria; p__Actinobacteriota; c__Actinobacteria; o__Micrococcales; f__Bogoriellaceae; g__Georgenia	0.9964821495696299
231c9c753f67f7bdf6435f878a31dd07	d__Bacteria; p__Proteobacteria; c__Gammaproteobacteria; o__Oceanospirillales; f__Halomonadaceae; g__Salinicola	0.9969336026720163
f35e5b5a10437126ce35cc1c41c8b49e	d__Bacteria; p__Actinobacteriota; c__Actinobacteria; o__Micrococcales; f__Microbacteriaceae	0.999038818882805
b0688bb2923da4e41685482f8e32fcc2	d__Bacteria; p__Firmicutes; c__Negativicutes; o__Veillonellales-Selenomonadales; f__Veillonellaceae; g__Veillonella; s__uncultured_methanogenic	0.9976083661944827
9d42304b753956d94128262be32ba4d5	d__Bacteria; p__Fusobacteriota; c__Fusobacteriia; o__Fusobacteriales; f__Leptotrichiaceae; g__Leptotrichia	0.9999999999967298
8b8555532b0ea2cdb6a9324e86d9f142	d__Bacteria; p__Cyanobacteria; c__Cyanobacteriia; o__Cyanobacteriales; f__Chroococcidiopsaceae; g__Gloeocapsa_PCC-7428	0.9999900589601805
d575048c618020600134b23dbf051a86	d__Bacteria; p__Spirochaetota; c__Spirochaetia; o__Spirochaetales; f__Spirochaetaceae; g__Treponema	0.9999999999999843
d19389d6b83dcde06057c1055fd6015e	d__Eukaryota; p__Phragmoplastophyta; c__Embryophyta; o__Pinophyta; f__Pinophyta; g__Pinophyta; s__Pinus_taeda	0.8562798880241773
4ff6e7e8d90de04f3bb540ad51c1f455	d__Bacteria; p__Bacteroidota; c__Bacteroidia; o__Bacteroidales; f__Prevotellaceae; g__Prevotella; s__Massiliprevotella_massiliensis	0.9826987777152898
a6e560d9eed84f23deffaf56510416f9	d__Bacteria; p__Bacteroidota; c__Bacteroidia; o__Bacteroidales; f__Porphyromonadaceae; g__Porphyromonas; s__Porphyromonas_bennonis	0.9800771857225085
1743c64824e96a65c622d6a27f84f6ab	d__Bacteria; p__Proteobacteria; c__Alphaproteobacteria; o__Rhizobiales; f__Rhizobiaceae	0.9999853156619628
6a1af74e2f49c927de584d3e8bd7fd8a	d__Bacteria; p__Proteobacteria; c__Alphaproteobacteria; o__Caulobacterales; f__Caulobacteraceae; g__Brevundimonas	0.9999996781006897
211daa3d25ae657c7cd97b9bfd847a40	d__Bacteria; p__Actinobacteriota; c__Coriobacteriia; o__Coriobacteriales; f__Atopobiaceae; g__Olsenella; s__Olsenella_uli	0.9574850542915537
911ff13faaeab320cca51c77ede603ea	d__Bacteria; p__Actinobacteriota; c__Actinobacteria; o__Corynebacteriales; f__Corynebacteriaceae; g__Lawsonella	0.9999999969463047
ca491256184a37cc6608edf4e6f31d98	d__Bacteria; p__Actinobacteriota; c__Actinobacteria; o__Propionibacteriales; f__Propionibacteriaceae; g__Cutibacterium	0.9997614761680292
a0effb81a214c6cdbf7c34193604067f	d__Eukaryota; p__Phragmoplastophyta; c__Embryophyta; o__Magnoliophyta; f__Magnoliophyta; g__Magnoliophyta; s__Prunus_persica	0.7061917201482681
426ef4a919e323df4a52371938e388d0	d__Bacteria; p__Acidobacteriota; c__Vicinamibacteria; o__Vicinamibacterales; f__uncultured; g__uncultured; s__uncultured_Acidobacteria	0.9399574912748409
048f7996f1c94900e25f843417df19bd	d__Bacteria; p__Bacteroidota; c__Bacteroidia; o__Cytophagales; f__Hymenobacteraceae; g__Adhaeribacter	0.999999841285263
107a8746f6eee0fa555f3f9a89ee5626	d__Bacteria; p__Proteobacteria; c__Alphaproteobacteria; o__Rhodobacterales; f__Rhodobacteraceae; g__Amaricoccus; s__uncultured_bacterium	0.8430047090294002
c7468730aae301e1b97b66a5dc0d79e6	d__Bacteria; p__Proteobacteria; c__Gammaproteobacteria; o__Xanthomonadales; f__Xanthomonadaceae; g__Xanthomonas	0.9967102744645533
9a5b384f0efc1d535cbe7d9c9671334c	d__Bacteria; p__Bacteroidota; c__Bacteroidia; o__Flavobacteriales; f__Flavobacteriaceae; g__Marixanthomonas; s__Marinirhabdus_gelatinilytica	0.9975114028405337
5169fa6b3dbef70e364c571aeceaf8d7	d__Bacteria; p__Actinobacteriota; c__Actinobacteria; o__Propionibacteriales; f__Propionibacteriaceae; g__Cutibacterium; s__Cutibacterium_acnes	0.7152004790648666
95bb2b399bbf89d680316115269dcc7e	d__Bacteria; p__Actinobacteriota; c__Actinobacteria; o__Micrococcales; f__Microbacteriaceae; g__Curtobacterium	0.7775469847599904
37cb576986824032206ea6b7c8e0a788	d__Bacteria; p__Firmicutes; c__Bacilli; o__Bacillales	0.9995641375407995
aca7fba774b1dbc27ced5ac1d9dfffbb	d__Bacteria; p__Bacteroidota; c__Bacteroidia; o__Cytophagales; f__Hymenobacteraceae; g__Hymenobacter; s__Parahymenobacter_ocellatus	0.8172570603029464
627be61c0172fec066d853f8424be4cc	d__Bacteria; p__Firmicutes; c__Bacilli; o__Staphylococcales; f__Staphylococcaceae; g__Staphylococcus	0.9999819526593358
04fe6bc837327f2ffd474ea573f0b05a	d__Bacteria; p__Actinobacteriota; c__Actinobacteria; o__Micrococcales; f__Microbacteriaceae; g__Curtobacterium	0.8031416288706218
1b8df695b4669f9f2f922523b0011cd8	d__Bacteria; p__Actinobacteriota; c__Actinobacteria; o__Actinomycetales; f__Actinomycetaceae; g__Actinomyces	0.9999999985693838
621709c09a52be726f41cb4585b4f17d	d__Bacteria; p__Proteobacteria; c__Alphaproteobacteria; o__Rhizobiales; f__Xanthobacteraceae; g__Xanthobacter	0.8774205730611919
dad50e24e269ce81771d251fd5379f49	Unassigned	0.3319757501366529
36090c11e0a1924df4d110b7554906e7	d__Bacteria; p__Actinobacteriota; c__Actinobacteria; o__Propionibacteriales; f__Propionibacteriaceae; g__Cutibacterium	0.9997619984852627
2854c01e8fecd31fea849328230fe8b8	d__Bacteria; p__Chloroflexi; c__Ktedonobacteria; o__C0119; f__C0119; g__C0119; s__uncultured_bacterium	0.7510348684707802
cbe7c25d931bc7cb82cdff26a44543c1	d__Bacteria; p__Firmicutes; c__Bacilli; o__Mycoplasmatales; f__Mycoplasmataceae; g__Ureaplasma	1.0000000000000047
19752479e0d7615c4f7834bc3508f285	d__Bacteria; p__Proteobacteria; c__Alphaproteobacteria; o__Rhizobiales; f__Beijerinckiaceae; g__Microvirga	0.982741914650927
6d5aedc8ba51dc32aa5d5a85d924dd3d	d__Bacteria; p__Proteobacteria; c__Gammaproteobacteria; o__Xanthomonadales; f__Xanthomonadaceae; g__Luteimonas; s__Stenotrophomonas_sp.	0.7239576166852155
8d86590414a8b431c4df8bb5a48dc9e3	d__Bacteria; p__Proteobacteria; c__Gammaproteobacteria; o__Diplorickettsiales; f__Diplorickettsiaceae; g__uncultured; s__uncultured_Coxiellaceae	0.9988738362933554
e2dcac709b18c3c4819cf8b6b186b972	d__Bacteria; p__Cyanobacteria; c__Cyanobacteriia; o__Chloroplast; f__Chloroplast; g__Chloroplast	0.9999999999986476
8a47fbba1ac9b8b8d173cb6ca6c5a3b5	d__Bacteria; p__Proteobacteria; c__Gammaproteobacteria; o__Burkholderiales; f__Comamonadaceae	0.9999660089976886
2cbb0a253dae85966e09a17ff61e06d9	d__Bacteria; p__Proteobacteria; c__Alphaproteobacteria; o__Caulobacterales; f__Caulobacteraceae; g__Brevundimonas	0.9999999237933361
5e12b8119c14354d061463537c649775	d__Bacteria; p__Firmicutes; c__Bacilli; o__Bacillales; f__Planococcaceae; g__Chryseomicrobium	0.9874731335848178
f52af98b09a9df1731be171fdac1304d	d__Bacteria; p__Actinobacteriota; c__Actinobacteria; o__Actinomycetales; f__Actinomycetaceae; g__Actinomyces	0.9999993637163753
3249084e5f62503538627a078bba01ff	d__Bacteria; p__Myxococcota; c__Myxococcia; o__Myxococcales; f__Myxococcaceae; g__P3OB-42	0.9828151874139608
d02b9144aea7b8b96e41c89980c2cb4d	d__Bacteria; p__Firmicutes; c__Clostridia; o__Peptostreptococcales-Tissierellales; f__Peptostreptococcales-Tissierellales; g__Finegoldia	0.9999999999684178
680e167eff08fb35f3641e965b14ec42	d__Bacteria; p__Firmicutes; c__Bacilli; o__Staphylococcales; f__Staphylococcaceae; g__Staphylococcus	0.9999894511101076
0fccf037c6205506c17e5c89426694e1	d__Bacteria; p__Fusobacteriota; c__Fusobacteriia; o__Fusobacteriales; f__Leptotrichiaceae; g__Leptotrichia; s__Leptotrichia_sp.	0.9998438157905072
0897e2f14b3957c0103d8b4e85e7e2c3	d__Eukaryota; p__Arthropoda; c__Arachnida; o__Acari; f__Acari; g__Acari; s__Dermatophagoides_evansi	0.9993250126839287
25bcbfd237538cd914854047422eba67	d__Bacteria; p__Acidobacteriota; c__Acidobacteriae; o__Acidobacteriales; f__Koribacteraceae; g__Candidatus_Koribacter; s__uncultured_Acidobacteria	0.8079290635182834
b119f94050ff838b6498202a2f5e009d	d__Eukaryota; p__Cnidaria; c__Anthozoa; o__Actiniaria; f__Actiniaria; g__Actiniaria	0.91004521298439
aa4091ce805f50cbd74ab04a9d9fcaec	d__Bacteria; p__Proteobacteria; c__Alphaproteobacteria; o__Sphingomonadales; f__Sphingomonadaceae; g__Sphingomonas	0.9773812302478561
38097ba6dd78f6bfe7bc76cae161b2ef	d__Bacteria; p__Bacteroidota; c__Bacteroidia; o__Sphingobacteriales; f__Sphingobacteriaceae; g__Mucilaginibacter	0.9998209188416478
645e7f7a3b04df68b695e9bc5d022c82	d__Eukaryota; p__Basidiomycota; c__Agaricomycetes; o__Cantharellales; f__Clavulinaceae; g__Clavulina; s__Clavulina_cristata	0.8241331138360526
a5260d06803a6c00047e3331eff79545	d__Bacteria; p__Bacteroidota; c__Bacteroidia; o__Bacteroidales; f__Bacteroidaceae; g__Bacteroides	0.9999999951913655
908ed6a473b61a892d2c6f32296e276b	d__Eukaryota; p__Phragmoplastophyta; c__Embryophyta; o__Magnoliophyta; f__Magnoliophyta; g__Magnoliophyta	0.9999993284195936
fd2b7fff0cabd8978e422767da7712d4	d__Bacteria; p__Proteobacteria; c__Alphaproteobacteria; o__Azospirillales; f__Azospirillaceae; g__Skermanella	0.9999442250194733
423dd58ee321e121a3a4b34529a4e2d3	d__Bacteria; p__Fusobacteriota; c__Fusobacteriia; o__Fusobacteriales; f__Leptotrichiaceae; g__Leptotrichia	0.9999969344965208
8809072bc16c1a2684785e35644c1885	d__Bacteria; p__Actinobacteriota; c__Actinobacteria; o__Micrococcales; f__Microbacteriaceae	0.9998840730972117
56a8fe6ccf6c96b0748cabf67b0c1785	d__Bacteria; p__Bacteroidota; c__Bacteroidia; o__Flavobacteriales; f__Weeksellaceae; g__Chryseobacterium	0.9998654468165116
073e7f0b7923df2afafc1ce593d5c553	d__Bacteria; p__Bdellovibrionota; c__Oligoflexia; o__Oligoflexales; f__Oligoflexales; g__Oligoflexus	0.999999422798406
2a9c7fa9f1e813615be75c554592d247	d__Bacteria; p__Firmicutes; c__Bacilli; o__Staphylococcales; f__Staphylococcaceae; g__Staphylococcus	0.999974128107683
4fd2a3968cd86fa1c884b4071d860a0c	d__Bacteria; p__Firmicutes; c__Clostridia; o__Lachnospirales; f__Lachnospiraceae; g__Blautia	0.9620463062839637
6c1169cc2661bb4ffa07e91fc23730b1	d__Bacteria; p__Proteobacteria; c__Gammaproteobacteria; o__Burkholderiales; f__Comamonadaceae; g__Hydrogenophaga	0.943972569919513
825e514b54d875148d731f4be32596ae	d__Eukaryota; p__Ascomycota; c__Dothideomycetes	0.9878613024129219
9a54ef7cb4a4c0a0ee3bbfdf5500df20	d__Bacteria; p__Firmicutes; c__Bacilli; o__Bacillales; f__Bacillaceae; g__Bacillus	0.9944565923749116
7f08bbe6c740ee03673f14abaeb007a8	d__Bacteria; p__Firmicutes; c__Bacilli; o__Staphylococcales; f__Staphylococcaceae; g__Staphylococcus	0.9999865359963076
f8f83ce796e959190db6628cb7ac8fd2	d__Bacteria; p__Firmicutes; c__Clostridia; o__Clostridia_UCG-014; f__Clostridia_UCG-014; g__Clostridia_UCG-014; s__uncultured_bacterium	0.7123636486138015
947e1756d536dcec52e2b5367c623b2a	d__Bacteria; p__Chloroflexi; c__KD4-96; o__KD4-96; f__KD4-96; g__KD4-96; s__metagenome	0.7047938830772019
2e630fb4d2673ccc275fa151a0a25ab1	d__Bacteria; p__Fusobacteriota; c__Fusobacteriia; o__Fusobacteriales; f__Leptotrichiaceae; g__Leptotrichia; s__unidentified	0.8234046521497195
6e2ad38e6994704b42c08ccdd40b224b	d__Bacteria; p__Firmicutes; c__Negativicutes; o__Veillonellales-Selenomonadales; f__Veillonellaceae; g__Anaeroglobus; s__uncultured_organism	0.9226382056532411
df91fa9f0d03e380c25c56bf7a0c7312	d__Bacteria; p__Bacteroidota; c__Bacteroidia; o__Bacteroidales; f__Porphyromonadaceae; g__Porphyromonas; s__Porphyromonas_sp.	0.9985274470987137
d4f6d4e407e98544edf7913d5cd32553	d__Bacteria; p__Actinobacteriota; c__Actinobacteria; o__Micrococcales; f__Microbacteriaceae; g__Curtobacterium	0.7952285578946785
ac11ff6f738caa4c0cb125629fdeb9b8	d__Eukaryota; p__Basidiomycota; c__Tremellomycetes; o__Tremellales; f__Rhynchogastremataceae; g__Papiliotrema; s__Papiliotrema_aurea	0.9878295293033128
ac1677d126e1f64b4cdae3796f4c6388	d__Eukaryota; p__Basidiomycota; c__Malasseziomycetes; o__Malasseziales; f__Malasseziaceae; g__Malassezia	0.9999999984045821
22e3a2906aa4e0839b15d5e9a743caf2	d__Bacteria; p__Bacteroidota; c__Bacteroidia; o__Bacteroidales; f__Dysgonomonadaceae; g__Proteiniphilum	0.9844124765418604
ca67c0a551bbfd5b1bb27eb1370e54bb	d__Bacteria; p__Proteobacteria; c__Alphaproteobacteria; o__Rhizobiales; f__Rhizobiaceae	0.9918082114439042
d67640f09be79916ee879bd597ec2d88	d__Bacteria; p__Proteobacteria; c__Alphaproteobacteria; o__Rhizobiales; f__Devosiaceae; g__Devosia	0.9722397580842951
92d33d462b0f5c98f9b4f102128941ed	d__Bacteria	0.7238239296462282
1e8d8260a0d942f3cc70e1fac3b71a68	d__Bacteria; p__Actinobacteriota; c__Actinobacteria; o__Propionibacteriales; f__Propionibacteriaceae; g__Cutibacterium	0.999852336307521
786997fcdd9f5985e85665cf7b9caaed	d__Bacteria; p__Bacteroidota; c__Bacteroidia; o__Bacteroidales; f__Prevotellaceae; g__Prevotella; s__Prevotella_paludivivens	0.9773083133483123
443695a5875c1a638ca6597016495601	d__Bacteria; p__Bacteroidota; c__Bacteroidia; o__Chitinophagales; f__Chitinophagaceae; g__Segetibacter; s__uncultured_bacterium	0.7014079464792179
a084d74201654093c2bf7e7864fa44e2	d__Bacteria; p__Firmicutes; c__Clostridia; o__Peptostreptococcales-Tissierellales; f__Peptostreptococcales-Tissierellales; g__Finegoldia; s__Finegoldia_magna	0.8051993773533895
9c4d543a7a973f451102647de293223e	d__Bacteria; p__Proteobacteria; c__Gammaproteobacteria; o__Burkholderiales; f__Comamonadaceae; g__Pseudorhodoferax; s__uncultured_bacterium	0.7350143022608286
d14ee7d85fc2e4cfd8960a4cdc56043e	d__Bacteria; p__Firmicutes; c__Clostridia; o__Peptostreptococcales-Tissierellales; f__Anaerovoracaceae; g__[Eubacterium]_brachy_group; s__[Eubacterium]_brachy	0.9029184134866772
b5a6c65ac7f7fb6357612001657c136c	d__Bacteria; p__Proteobacteria; c__Alphaproteobacteria; o__Sphingomonadales; f__Sphingomonadaceae; g__Novosphingobium	0.9482336330344827
971cb5fc747724049dda0846ab5c9faf	d__Bacteria; p__Proteobacteria; c__Alphaproteobacteria; o__Rickettsiales; f__Mitochondria; g__Mitochondria	0.9999999999999953
5314f9a0e186237c2b24fff16348302f	d__Bacteria; p__Actinobacteriota; c__Actinobacteria; o__Actinomycetales; f__Actinomycetaceae; g__Actinomyces	0.9999999979593366
ff892c127fcd627d4646df9fae6527d6	d__Bacteria; p__Actinobacteriota; c__Acidimicrobiia; o__Microtrichales; f__Ilumatobacteraceae; g__uncultured	0.9407794898323715
20bd72461795b8798d4659dc7add10bc	d__Bacteria; p__Proteobacteria; c__Gammaproteobacteria; o__Burkholderiales; f__Comamonadaceae	0.9999968094694043
95cebaf7b86c7c4c25e2cf3b65456a19	d__Bacteria; p__Actinobacteriota; c__Actinobacteria; o__Bifidobacteriales; f__Bifidobacteriaceae; g__Bifidobacterium; s__Bifidobacterium_bifidum	0.9749960955741617
4747400d95afef8345591e31daa191d3	d__Bacteria; p__Proteobacteria; c__Gammaproteobacteria; o__Pseudomonadales; f__Pseudomonadaceae; g__Pseudomonas	0.9403339409354378
21d9dd7c4e9d2bad732c94b660b4fe1a	d__Bacteria; p__Firmicutes; c__Bacilli; o__Lactobacillales; f__Streptococcaceae; g__Lactococcus	0.9999996802675789
fa00831f0dcbdf23e287b6df4d71164b	d__Bacteria; p__Bacteroidota; c__Bacteroidia; o__Cytophagales; f__Hymenobacteraceae; g__Hymenobacter	0.9999999999463426
bd6348c2b4555d91e24afe19892a0449	d__Bacteria; p__Actinobacteriota; c__Actinobacteria; o__Micrococcales; f__Microbacteriaceae	0.9999899687037029
3f1bba5c4e3bab6bf4e82e47a897d88e	d__Bacteria; p__Firmicutes; c__Negativicutes; o__Veillonellales-Selenomonadales; f__Veillonellaceae; g__Negativicoccus; s__Negativicoccus_massiliensis	0.9527395682405477
78e67ab1b7d74b3748bab28a0693dd1e	d__Bacteria; p__Actinobacteriota; c__Actinobacteria; o__Streptomycetales; f__Streptomycetaceae; g__Streptomyces	0.9999841817940278
8fb9619ebc9be828913b2ca28f6fcca2	d__Bacteria; p__Chloroflexi; c__Anaerolineae; o__SBR1031; f__A4b; g__A4b; s__uncultured_soil	0.9970286198765324
cd3e74d24d40632edf71e24e9f050139	d__Bacteria; p__Actinobacteriota; c__Actinobacteria; o__Micrococcales; f__Intrasporangiaceae	0.9972328520367707
4be56182307eeaecde20c149e09d35fc	d__Bacteria; p__Actinobacteriota; c__Actinobacteria; o__Propionibacteriales; f__Nocardioidaceae; g__Nocardioides	0.9998900614718189
b7338e4d869f0540f093d402d9d34b99	d__Bacteria; p__Actinobacteriota; c__Actinobacteria; o__Propionibacteriales; f__Propionibacteriaceae; g__Cutibacterium	0.9998148292238632
9ea2271f50d1be23f7c161477753bafa	d__Bacteria; p__Firmicutes; c__Negativicutes; o__Veillonellales-Selenomonadales; f__Selenomonadaceae; g__Selenomonas; s__Selenomonas_sp.	0.9342971709878712
fb07c77dbcec4df9d13f4044f47dbdc6	d__Bacteria; p__Bacteroidota; c__Bacteroidia; o__Flavobacteriales; f__Weeksellaceae; g__Chryseobacterium	0.9998481911079523
b82e9305705276a4dba5d4134fbfafac	d__Bacteria; p__Bacteroidota; c__Bacteroidia; o__Bacteroidales; f__Prevotellaceae; g__Prevotella; s__Prevotella_oris	0.8485769453570766
522c589b8b2deaf58e3804e56057b86f	d__Bacteria; p__Actinobacteriota; c__Actinobacteria; o__Propionibacteriales; f__Nocardioidaceae	0.9999255682838012
ae1963e90078dd8c83fa7b89e6936aa6	d__Eukaryota; p__Ascomycota; c__Dothideomycetes; o__Pleosporales; f__Pleosporaceae	0.9994700414903248
c946b5f0ae6c3c9e002cfd22a0fc4ebc	d__Bacteria; p__Bacteroidota; c__Bacteroidia; o__Flavobacteriales; f__Weeksellaceae; g__Bergeyella	0.9999621943364151
bd3c1454fd9ebf42d19d541cd5becdd8	d__Bacteria; p__Bacteroidota; c__Bacteroidia; o__Cytophagales; f__Hymenobacteraceae; g__Adhaeribacter; s__uncultured_soil	0.8217500173667353
27a1910412f98acb137c4082ed180b96	d__Eukaryota; p__Phragmoplastophyta; c__Embryophyta; o__Magnoliophyta; f__Magnoliophyta; g__Magnoliophyta; s__metagenome	0.8408095151195927
56d99c39e6dbe949684130a473134a49	d__Eukaryota; p__Phragmoplastophyta; c__Embryophyta; o__Magnoliophyta; f__Magnoliophyta; g__Magnoliophyta	0.9993627547726041
a9ab2ce9ff1836f1dc379170f45ed1e3	d__Bacteria; p__Firmicutes; c__Clostridia; o__Peptostreptococcales-Tissierellales; f__Peptostreptococcales-Tissierellales; g__Anaerococcus; s__uncultured_bacterium	0.8878448636669921
c9451f76377d31ed8db54816994a4a9f	d__Bacteria; p__Proteobacteria; c__Alphaproteobacteria; o__Sphingomonadales; f__Sphingomonadaceae; g__Sphingomonas	0.9776939726106595
792f44a7048a7dfa7948a3d0fee3d623	d__Bacteria; p__Actinobacteriota; c__Actinobacteria; o__Propionibacteriales; f__Propionibacteriaceae; g__Cutibacterium	0.9996904585862161
200834c9833206b82ff05288a7abc421	d__Bacteria; p__Proteobacteria; c__Alphaproteobacteria; o__Acetobacterales; f__Acetobacteraceae; g__Belnapia; s__uncultured_bacterium	0.8721150785037445
d7942a7e6d4a623b1b878fd902538a3a	d__Bacteria; p__Actinobacteriota; c__Actinobacteria; o__Corynebacteriales; f__Corynebacteriaceae; g__Lawsonella; s__uncultured_bacterium	0.805286790558311
94dbe48d8a652c1401244c52bd80b0bb	d__Eukaryota; p__Basidiomycota; c__Tremellomycetes; o__Tremellales; f__Rhynchogastremataceae; g__Papiliotrema; s__Papiliotrema_flavescens	0.8877395029851014
9f1227d63154ef6e09f46fc913211235	d__Bacteria; p__Proteobacteria; c__Gammaproteobacteria; o__Legionellales; f__Legionellaceae; g__Legionella	0.9999638207940986
02f671c415841a4cc7ad9bc74ba97589	d__Bacteria; p__Proteobacteria; c__Alphaproteobacteria; o__Rhizobiales; f__Beijerinckiaceae; g__Microvirga	0.9997266392878158
cc44f498eb623bf272f4dbe040233262	d__Eukaryota; p__Vertebrata; c__Actinopterygii; o__Teleostei; f__Teleostei; g__Teleostei; s__Salmo_salar	0.72856405381406
c71ed3708fa472104f05b44279ff0826	d__Bacteria; p__Firmicutes; c__Clostridia; o__Peptostreptococcales-Tissierellales; f__Peptostreptococcaceae; g__Romboutsia	0.9665456198490645
c37dc1e2f8ad5d48814ff49fe5056cda	d__Bacteria; p__Bacteroidota; c__Bacteroidia; o__Bacteroidales; f__Prevotellaceae; g__Prevotella; s__Prevotella_buccalis	0.999827900758526
f935471e01effdb80314c168d80bbfbc	d__Bacteria; p__Proteobacteria; c__Alphaproteobacteria; o__Rhodobacterales; f__Rhodobacteraceae; g__Paracoccus	0.9480915660345706
bdf283b80bfd62a653a02d65abd3c67d	d__Bacteria; p__Firmicutes; c__Bacilli; o__Bacillales; f__Bacillaceae; g__Bacillus; s__Bacillus_coagulans	0.9901573057788964
abdf24235506c29ea6546e82a1686a78	d__Eukaryota; p__Phragmoplastophyta; c__Embryophyta; o__Magnoliophyta; f__Magnoliophyta; g__Magnoliophyta; s__Litchi_chinensis	0.7713224295956868
306c373db9bf35d4e6adeb8aee15ddd9	d__Bacteria; p__Actinobacteriota; c__Actinobacteria; o__Actinomycetales; f__Actinomycetaceae; g__Actinomyces; s__Actinomyces_israelii	0.9170234261253067
1cd98a08daca53fd0d568446c3601c2d	d__Bacteria; p__Bacteroidota; c__Bacteroidia; o__Bacteroidales; f__Prevotellaceae; g__Prevotella; s__Prevotella_melaninogenica	0.9922632312153987
c679e09dacb4d77ac398f8836510e684	d__Bacteria; p__Proteobacteria; c__Gammaproteobacteria; o__Enterobacterales; f__Enterobacteriaceae	0.9588614235517886
061c7108a4ebb7dfe5560a03e45046e1	d__Eukaryota; p__Ascomycota; c__Eurotiomycetes; o__Eurotiales; f__Aspergillaceae	0.9887121400937314
4f92cb88ee54191dbb9d55dafa870ff1	d__Bacteria; p__Proteobacteria; c__Alphaproteobacteria; o__Sphingomonadales; f__Sphingomonadaceae; g__Novosphingobium	0.9384363856576784
f056ff2697780d0e3c153fcbf08749f6	d__Bacteria; p__Bacteroidota; c__Bacteroidia; o__Flavobacteriales; f__Flavobacteriaceae; g__Flavobacterium	0.9999998118770385
3a3a577febf5ee5de9b4204fec753643	d__Bacteria; p__Proteobacteria; c__Alphaproteobacteria; o__Rickettsiales; f__Mitochondria; g__Mitochondria; s__Noccaea_caerulescens	0.9994259056264457
371f7010e812efb989fb4ac3a13c3fc0	d__Bacteria; p__Bacteroidota; c__Bacteroidia; o__Bacteroidales; f__Tannerellaceae; g__Parabacteroides; s__Parabacteroides_distasonis	0.7816113251630867
e7d57ae36468038c92721fb075c8ee14	d__Eukaryota; p__Phragmoplastophyta; c__Embryophyta; o__Magnoliophyta; f__Magnoliophyta; g__Magnoliophyta; s__Lolium_perenne	0.8292311026605323
d0d33680b93c47e27316f8122a42228f	d__Bacteria; p__Proteobacteria; c__Alphaproteobacteria; o__Rhizobiales; f__Devosiaceae; g__Devosia	0.8338613689992566
fa844283ca3b5bae9a5bc3fc577a8ae9	d__Bacteria; p__Proteobacteria; c__Gammaproteobacteria; o__Pseudomonadales; f__Pseudomonadaceae; g__Pseudomonas	0.9952876008711018
417914f34823bbfb9b250c2998bde4b7	d__Eukaryota; p__Ascomycota; c__Eurotiomycetes; o__Chaetothyriales; f__Herpotrichiellaceae; g__Exophiala	0.998258593076373
9f55db7582fb6432fe3b63cc37c9f28e	d__Bacteria; p__Firmicutes; c__Bacilli; o__Staphylococcales; f__Staphylococcaceae; g__Staphylococcus	0.9917960511214365
351cfcdd0a0016383cd5090151298375	d__Bacteria; p__Proteobacteria; c__Alphaproteobacteria; o__Sphingomonadales; f__Sphingomonadaceae; g__Polymorphobacter	0.9999998756618473
a64689b6b3f75c56897b5b63bd7eaf2e	d__Bacteria; p__Proteobacteria; c__Gammaproteobacteria; o__Burkholderiales; f__Neisseriaceae; g__Conchiformibius; s__Conchiformibius_steedae	0.9406828876760093
bbc5ce49ee327df7d333dab6b06bb2d4	d__Bacteria; p__Proteobacteria; c__Alphaproteobacteria; o__Rhizobiales; f__Rhizobiaceae; g__Pseudochrobactrum	0.9926813414738084
8d84ed4c64448d182ad0e7a99943e5f9	d__Bacteria; p__Proteobacteria; c__Alphaproteobacteria; o__Rickettsiales; f__Rickettsiaceae; g__Rickettsia	0.9931063708828526
b584bc66885e8b5e9bd6387ac567a589	d__Bacteria; p__Firmicutes; c__Bacilli; o__Bacillales; f__Bacillaceae; g__Geobacillus	0.9948260157699342
b35f095925029a98b2864672ceff3acb	d__Bacteria; p__Bacteroidota; c__Bacteroidia; o__Chitinophagales; f__Chitinophagaceae; g__Segetibacter; s__uncultured_Segetibacter	0.7913357820769694
7c4cdde8805ea2e54dd82fdc7fef4cac	d__Bacteria; p__Firmicutes; c__Bacilli; o__Bacillales; f__Planococcaceae; g__Sporosarcina	0.9999778542803901
2c5ad4d6f97bc10ec2e3e383c1daf9fe	d__Bacteria; p__Proteobacteria; c__Gammaproteobacteria; o__Diplorickettsiales; f__Diplorickettsiaceae; g__Aquicella; s__uncultured_bacterium	0.8189146540144701
9e5c59d0959c4b3bbd2cab36a3cd7b7c	d__Bacteria; p__Actinobacteriota; c__Actinobacteria; o__Propionibacteriales; f__Nocardioidaceae; g__Nocardioides	0.9993403005197017
f91ee7897daa2f8bb37b8439090e8ef5	d__Bacteria; p__Proteobacteria; c__Alphaproteobacteria; o__Rhodobacterales; f__Rhodobacteraceae; g__Amaricoccus; s__uncultured_bacterium	0.9170032943480563
e921a1606fb9db0241739d2a5d834aed	d__Eukaryota; p__Phragmoplastophyta; c__Embryophyta; o__Pinophyta; f__Pinophyta; g__Pinophyta; s__Pinus_taeda	0.8819346143929635
a541358d6f26990b7cfd220cf69541d5	d__Bacteria; p__Cyanobacteria; c__Cyanobacteriia; o__Chloroplast; f__Chloroplast; g__Chloroplast	0.999999999999993
0f3f6bc86f06a7be827fa50b4e3f3d1e	d__Bacteria; p__Proteobacteria; c__Alphaproteobacteria; o__Sphingomonadales; f__Sphingomonadaceae; g__Sphingopyxis	0.9950622839967916
b37651cdd18ec622d90e15600e09ca29	d__Bacteria; p__Firmicutes; c__Bacilli; o__Lactobacillales; f__Streptococcaceae; g__Streptococcus	0.9995360667202877
4be8213981b5f3d192e09cf09216167e	d__Bacteria; p__Firmicutes; c__Bacilli; o__Lactobacillales; f__Lactobacillaceae; g__Lactobacillus; s__Lactobacillus_amylovorus	0.9720863350763673
c88c2a78aa9400de94c116b6e150b33c	d__Bacteria; p__Actinobacteriota; c__Actinobacteria; o__Micrococcales; f__Micrococcaceae	0.9999967557435728
b16a26764084d34e1b40ca7305e782de	d__Bacteria; p__Planctomycetota; c__Planctomycetes; o__Planctomycetales; f__Planctomycetales; g__Planctomycetales; s__uncultured_planctomycete	0.9999968229102357
526d9cad5446b8255e6aee655350ffa8	d__Eukaryota; p__Chlorophyta; c__Trebouxiophyceae; o__Trebouxiophyceae; f__Trebouxiophyceae; g__Trebouxiophyceae	0.9434034343540699
630ef8388ce7cd24958ceac3e6c040a8	d__Bacteria; p__Proteobacteria; c__Gammaproteobacteria; o__Xanthomonadales; f__Rhodanobacteraceae; g__Tahibacter; s__uncultured_bacterium	0.9659415673789941
2c2e0bba796b3f87c93acce3eaf2604f	d__Bacteria; p__Firmicutes; c__Clostridia; o__Peptostreptococcales-Tissierellales; f__Peptostreptococcales-Tissierellales; g__Anaerococcus; s__Anaerococcus_octavius	0.9779798841635926
587e8f2a51b2417b4c54cc70c8d5890d	d__Bacteria; p__Firmicutes; c__Bacilli; o__Lactobacillales; f__Leuconostocaceae; g__Weissella; s__Weissella_jogaejeotgali	0.9861599897806715
aa47e2803ccb565f7558927ca2454311	d__Bacteria; p__Proteobacteria; c__Gammaproteobacteria; o__Pseudomonadales; f__Pseudomonadaceae; g__Pseudomonas	0.9998935814101757
02a91d3259ade6ac71ac781cae4e6905	d__Bacteria; p__Proteobacteria; c__Gammaproteobacteria; o__Pseudomonadales; f__Moraxellaceae; g__Psychrobacter; s__Psychrobacter_aestuarii	0.7741591334547959
1b5441f883ec0c24fbdd05affc6fd310	d__Bacteria; p__Deinococcota; c__Deinococci; o__Thermales; f__Thermaceae; g__Thermus; s__Thermus_thermophilus	0.9613959733727246
60fa9cf2f151056fa20e7f04d2ebce12	d__Bacteria; p__Proteobacteria; c__Gammaproteobacteria; o__Pseudomonadales; f__Pseudomonadaceae; g__Pseudomonas	0.9703861982368955
5c55576211fb24cba28ab68bc8df500a	d__Eukaryota	0.9999684377359526
674de18c232cc07c260f4c4980aae892	d__Eukaryota; p__Ascomycota; c__Eurotiomycetes; o__Eurotiales; f__Aspergillaceae; g__Aspergillus	0.7819863161219784
33349004daa1c19a54fe1040228448b3	d__Bacteria; p__Proteobacteria; c__Gammaproteobacteria; o__Pseudomonadales; f__Pseudomonadaceae; g__Pseudomonas; s__Pseudomonas_psychrotolerans	0.7330718322429074
259e328d9572a7439e377cfdaee47b44	d__Bacteria; p__Proteobacteria; c__Gammaproteobacteria; o__Burkholderiales; f__Comamonadaceae	0.9999952119489145
c13e71eaaa0188e99878cb8335f370b2	d__Bacteria; p__Proteobacteria; c__Gammaproteobacteria; o__Burkholderiales; f__Comamonadaceae; g__Delftia	0.9426155948454313
e90036a7d2c3455791fda9c717580afc	d__Bacteria; p__Firmicutes; c__Clostridia; o__Lachnospirales; f__Lachnospiraceae; g__Fusicatenibacter; s__uncultured_organism	0.7023338875010086
d76d12b55a50081b6a7a8b558b5c361c	d__Bacteria; p__Actinobacteriota; c__Actinobacteria; o__Micrococcales; f__Micrococcaceae; g__Micrococcus	0.9939094207034483
16f2d267342276aa9bdedc91d2041352	d__Eukaryota; p__Ascomycota; c__Saccharomycetes; o__Saccharomycetales; f__Saccharomycetaceae	0.8580388762229062
001392e67ea9a4829a6c7a93839a3959	d__Bacteria; p__Proteobacteria; c__Gammaproteobacteria; o__Legionellales; f__Legionellaceae; g__Legionella	0.9999998613041254
d9d3279a20dc82efd01d4021d1272c7b	d__Bacteria; p__Proteobacteria; c__Gammaproteobacteria; o__Xanthomonadales; f__Xanthomonadaceae; g__SN8; s__uncultured_Xanthomonas	0.7614446909894598
d8eb8d8ca2bf68e2c7135f233a4178cb	d__Bacteria; p__Firmicutes; c__Clostridia; o__Peptostreptococcales-Tissierellales; f__Peptostreptococcales-Tissierellales; g__Anaerococcus	0.9999999999972083
380039c12ce8658dd64dda41bf9a68d4	d__Bacteria; p__Spirochaetota; c__Spirochaetia; o__Spirochaetales; f__Spirochaetaceae; g__Treponema; s__Treponema_maltophilum	0.9999990185936964
1538ac947e6573f96d16f98f215bcd2f	d__Bacteria; p__Proteobacteria; c__Gammaproteobacteria; o__Pasteurellales; f__Pasteurellaceae; g__Rodentibacter	0.9175941573394644
96cefaac6b4f0a0d7c491db92f80736e	d__Bacteria; p__Proteobacteria; c__Alphaproteobacteria; o__Rhizobiales; f__Devosiaceae; g__uncultured	0.7803661830432793
643e986b9b40dae095c673a37001f658	d__Bacteria; p__Firmicutes; c__Bacilli; o__Staphylococcales; f__Gemellaceae; g__Gemella; s__Gemella_asaccharolytica	0.9777051942670758
6aa1034ed5975b9b727b6718f6a4e7bf	d__Bacteria; p__Proteobacteria; c__Alphaproteobacteria; o__Sphingomonadales; f__Sphingomonadaceae	0.9989506297646931
ab7224f9d217995ca4d771c3257215e6	d__Bacteria; p__Proteobacteria; c__Alphaproteobacteria; o__Rhizobiales; f__Beijerinckiaceae; g__Neo-b11; s__uncultured_bacterium	0.8010075984863982
bf71e0808aa4f2ccefe512a1a4e55182	d__Bacteria; p__Proteobacteria; c__Gammaproteobacteria; o__Pasteurellales; f__Pasteurellaceae; g__Haemophilus	0.8826037202294764
08863dbc37de99fc788bae5c9a9c93b1	d__Bacteria; p__Proteobacteria; c__Alphaproteobacteria; o__Rhizobiales; f__Beijerinckiaceae	0.9981882313438273
b93e4c15246bfc0b825747d51b14fc75	d__Bacteria; p__Verrucomicrobiota; c__Verrucomicrobiae; o__Opitutales; f__uncultured; g__uncultured; s__soda_lake	0.9999947276171506
8d1e15ffb4b14e241e5023492eb669e5	d__Bacteria; p__Proteobacteria; c__Gammaproteobacteria; o__Xanthomonadales; f__Xanthomonadaceae; g__Xanthomonas	0.9999176559204593
135a570b6f114b4bb879cf7b4ba727b4	d__Bacteria; p__Proteobacteria; c__Alphaproteobacteria; o__Rhizobiales; f__Rhizobiaceae	0.9998566651686941
9741eafadefc18678783e118aaf3335b	d__Bacteria; p__Actinobacteriota; c__Actinobacteria; o__Micrococcales; f__Micrococcaceae; g__Nesterenkonia	0.9943752711826173
1810d24d730c0430ccdc093b1134677b	d__Bacteria; p__Actinobacteriota; c__Actinobacteria; o__Corynebacteriales; f__Corynebacteriaceae; g__Corynebacterium	0.9999317206566065
70c74afe01b37dae420d19bf9da2ba5a	d__Bacteria; p__Firmicutes; c__Bacilli; o__Staphylococcales; f__Staphylococcaceae; g__Staphylococcus	0.9999213850291531
6547bb0b4044bf3b434a2c493c76c83b	d__Bacteria; p__Actinobacteriota; c__Actinobacteria; o__Propionibacteriales; f__Propionibacteriaceae; g__Cutibacterium	0.9994542714531941
13b419fc81c2602c12ae4c1c0424f34b	d__Bacteria; p__Proteobacteria; c__Gammaproteobacteria; o__Enterobacterales; f__Enterobacteriaceae	0.959298168174329
8d087590e154a7bea90b5695a1408127	d__Bacteria; p__Proteobacteria; c__Gammaproteobacteria; o__Burkholderiales; f__Comamonadaceae; g__Hydrogenophaga	0.9924797988086705
b55cd0dce842d764475789449d452577	d__Bacteria; p__Proteobacteria; c__Gammaproteobacteria; o__Enterobacterales; f__Morganellaceae; g__Providencia	0.9987812286132483
c00271b6574d93bf7aad1c7f444df4a7	d__Bacteria; p__Deinococcota; c__Deinococci; o__Deinococcales; f__Deinococcaceae; g__Deinococcus	0.9999999972483367
2c839c5b8f064687d23339e0f4fd3cf3	d__Bacteria; p__Actinobacteriota; c__Actinobacteria; o__Frankiales; f__uncultured; g__uncultured	0.8155998876016756
4d4b564b4f43f4d33792ebe30d1a8917	d__Bacteria; p__Firmicutes; c__Bacilli; o__Staphylococcales; f__Staphylococcaceae; g__Staphylococcus	0.999986388507381
cc3192ace4d641204ddb105ee1fdf722	d__Bacteria; p__Firmicutes; c__Bacilli; o__Lactobacillales; f__Streptococcaceae; g__Streptococcus	0.9999997037102739
dd933b97c4411bf28ad3ae3136b52bbd	d__Bacteria; p__Proteobacteria; c__Alphaproteobacteria; o__Rhodobacterales; f__Rhodobacteraceae; g__Rubellimicrobium; s__uncultured_bacterium	0.989433782961851
43d7dbc6f131fb1e521a1f969a76b896	d__Bacteria; p__Bacteroidota; c__Bacteroidia; o__Sphingobacteriales; f__Sphingobacteriaceae; g__Sphingobacterium; s__Sphingobacterium_mizutaii	0.716076714366323
96d304476940f3a10b9eaf6f624abaed	d__Bacteria; p__Actinobacteriota; c__Actinobacteria; o__Corynebacteriales; f__Corynebacteriaceae; g__Corynebacterium	0.9997757591837831
ccd251f4edc8a8d1b511d40f1e6d5a81	d__Bacteria; p__Actinobacteriota; c__Actinobacteria; o__Propionibacteriales; f__Propionibacteriaceae; g__Cutibacterium	0.9998076213782777
634edf1a2283534f3a3da0dd6d191ed2	d__Bacteria; p__Actinobacteriota; c__Actinobacteria; o__Propionibacteriales; f__Propionibacteriaceae; g__Cutibacterium	0.9995021752734047
d7408066af833c38f25315fece1fae62	d__Eukaryota; p__Vertebrata; c__Mammalia; o__Mammalia; f__Mammalia; g__Mammalia; s__Homo_sapiens	0.9134500927509535
9d0f1e87ea1530e222e672228f8d8d5b	d__Bacteria; p__Proteobacteria; c__Gammaproteobacteria; o__Enterobacterales; f__Enterobacteriaceae	0.9517120641405086
357866869cd4988ff93884d4ae2f520a	d__Eukaryota; p__Ascomycota; c__Saccharomycetes; o__Saccharomycetales; f__Incertae_Sedis; g__Starmerella-Candida_clade	0.999887993738332
0b1686853160c029803496004c63c324	d__Bacteria; p__Actinobacteriota; c__Actinobacteria; o__Micrococcales; f__Microbacteriaceae	0.996376264329444
d5a5c51eda1ac9d6fa3e170b5b5de470	d__Bacteria; p__Proteobacteria; c__Alphaproteobacteria; o__Sphingomonadales; f__Sphingomonadaceae; g__Sphingomonas	0.9842111939885794
5bbca083bb0e961ea10c1c0f2469742b	d__Bacteria; p__Fusobacteriota; c__Fusobacteriia; o__Fusobacteriales; f__Leptotrichiaceae; g__Sneathia; s__Sneathia_amnii	0.999499206765829
18600b6509508add65d52a408362f139	d__Bacteria; p__Proteobacteria; c__Alphaproteobacteria; o__Sphingomonadales; f__Sphingomonadaceae; g__Sphingomonas	0.9956768245234618
39beece1cf0bcc4e51af6a54abd7ae94	d__Bacteria; p__Proteobacteria; c__Gammaproteobacteria; o__Pseudomonadales; f__Moraxellaceae	0.9999999999148466
6c624e8d533ec52ec51098b143ebb1d3	d__Bacteria; p__Actinobacteriota; c__Actinobacteria; o__Corynebacteriales; f__Corynebacteriaceae; g__Corynebacterium; s__Corynebacterium_tuberculostearicum	0.7227991130475824
7e7516839b682abb33d9922365f4f30f	d__Bacteria; p__Actinobacteriota; c__Actinobacteria; o__Propionibacteriales; f__Propionibacteriaceae; g__Cutibacterium	0.9998705970864917
37befb78d6a87bb5408969f707aeb4f9	d__Bacteria; p__Firmicutes; c__Bacilli; o__Staphylococcales; f__Staphylococcaceae; g__Staphylococcus	0.999983350636695
f2f7b0d3a26acc42c206cc1d4b9e415f	d__Bacteria; p__Proteobacteria; c__Alphaproteobacteria; o__Caulobacterales; f__Caulobacteraceae; g__Brevundimonas	0.9999562589084436
8c553be588c80c8289aff541711efede	d__Bacteria; p__Proteobacteria; c__Gammaproteobacteria; o__Burkholderiales; f__Methylophilaceae; g__Methylobacillus; s__Methylobacillus_pratensis	0.9678637919344079
3212f978e51dbc08c9df9882eefca2f3	d__Bacteria; p__Proteobacteria; c__Gammaproteobacteria; o__Diplorickettsiales; f__Diplorickettsiaceae; g__Rickettsiella; s__uncultured_Diplorickettsia	0.7755024379618353
ca7ded53a7d298dec3b4e02e087d6203	d__Bacteria; p__Actinobacteriota; c__Actinobacteria; o__Propionibacteriales; f__Nocardioidaceae; g__Nocardioides	0.9990427815144485
2eb79302c06f210199c4a2617afd90fe	d__Bacteria; p__Actinobacteriota; c__Actinobacteria; o__Corynebacteriales; f__Corynebacteriaceae; g__Corynebacterium	0.9628164631757706
3ef399a0582d8cbecb95ddca63b77721	d__Bacteria; p__Actinobacteriota; c__Actinobacteria; o__Bifidobacteriales; f__Bifidobacteriaceae; g__Bifidobacterium	0.9997759589067802
4c6797ace8a5926186a184455c580a18	d__Bacteria; p__Proteobacteria; c__Gammaproteobacteria; o__Burkholderiales; f__Rhodocyclaceae; g__Azovibrio; s__uncultured_Rhodocyclaceae	0.9250471833321838
93535fd73d7bf9faf83aa809a0d1db92	d__Bacteria; p__Firmicutes; c__Bacilli; o__Bacillales; f__Bacillaceae	0.9987405076596432
466a6eff8e1db1b6787308b27f52dcd9	d__Bacteria; p__Firmicutes; c__Bacilli; o__Bacillales; f__Bacillaceae; g__Ureibacillus	0.9912723389525251
999ab93ddc71b9c0490fd80be5cbb2b6	d__Bacteria; p__Firmicutes; c__Bacilli; o__Staphylococcales; f__Staphylococcaceae; g__Staphylococcus	0.9999869404986405
5e18b0938611949f7c9bc212ec1240e1	d__Bacteria; p__Proteobacteria; c__Alphaproteobacteria; o__Sphingomonadales; f__Sphingomonadaceae; g__Altererythrobacter; s__Porphyrobacter_mercurialis	0.9998055843953486
0e59a16478fd3c3caa42c9c0886add80	d__Bacteria; p__Cyanobacteria; c__Cyanobacteriia; o__Oxyphotobacteria_Incertae_Sedis; f__Unknown_Family; g__uncultured; s__uncultured_bacterium	0.881982332178213
01c8fa46dfd51ce65887577b6e47c485	d__Bacteria; p__Actinobacteriota; c__Actinobacteria; o__Micrococcales; f__Microbacteriaceae	0.9998708653885231
4fe94845853b4370b84c558b75a372ad	d__Bacteria; p__Proteobacteria; c__Alphaproteobacteria; o__Rhizobiales; f__Beijerinckiaceae; g__Psychroglaciecola; s__uncultured_bacterium	0.9994414391241896
3d78f5b3fc28218a850f8047f787263d	d__Bacteria; p__Firmicutes; c__Bacilli; o__Staphylococcales; f__Staphylococcaceae; g__Staphylococcus	0.9998573241586984
243bbd047b7a92be87f3b78fd45112b0	d__Bacteria; p__Proteobacteria; c__Alphaproteobacteria; o__Acetobacterales; f__Acetobacteraceae; g__Roseomonas; s__Roseomonas_pecuniae	0.979095052504605
0b73a4e9ba4d75a060e860e5fb7a23b5	d__Bacteria; p__Proteobacteria; c__Gammaproteobacteria; o__Enterobacterales; f__Erwiniaceae	0.8948999572061561
65901563a83ab15d3c228e6dc12f656e	d__Bacteria; p__Proteobacteria; c__Alphaproteobacteria; o__Sphingomonadales; f__Sphingomonadaceae; g__Sphingomonas	0.9925236719242685
51e3bdaa820881599e17e06b839304ec	d__Eukaryota; p__Ascomycota; c__Saccharomycetes; o__Saccharomycetales; f__Debaryomycetaceae; g__Debaryomyces	0.9305228404078048
51d698055b11d5d8495a1984610338ef	d__Bacteria; p__Proteobacteria; c__Alphaproteobacteria; o__Rhodobacterales; f__Rhodobacteraceae; g__uncultured; s__uncultured_Amaricoccus	0.7757672935607448
c3196dfb02e9d9fd9562f5ab08c1bcfd	d__Eukaryota; p__Ascomycota; c__Saccharomycetes; o__Saccharomycetales; f__Debaryomycetaceae; g__Candida-Lodderomyces_clade	0.9777216376324527
ebdea251d64a8da7e49788b202e68278	d__Bacteria; p__Bacteroidota; c__Bacteroidia; o__Cytophagales; f__Spirosomaceae; g__Larkinella; s__Larkinella_sp.	0.9867186881832363
fbdf007a044c7141cba569e4f3e7dc1e	d__Eukaryota; p__Mucoromycota; c__Incertae_Sedis; o__Mucorales; f__Lichtheimiaceae; g__Circinella; s__Circinella_muscae	0.9891005312487146
b0194c558a55dcbf9300ba8b76775d35	d__Bacteria; p__Proteobacteria; c__Alphaproteobacteria; o__Sphingomonadales; f__Sphingomonadaceae; g__Polymorphobacter	0.7866572189961069
39dfb251f7962148941fef5138c72c03	d__Bacteria; p__Bacteroidota; c__Bacteroidia; o__Chitinophagales; f__Chitinophagaceae; g__Niastella; s__uncultured_bacterium	0.7316241372916429
7ddc07c5d3933644485886f978bad368	d__Eukaryota; p__Basidiomycota; c__Agaricomycetes; o__Corticiales; f__Corticiaceae; g__Hyphodontia; s__uncultured_fungus	0.9987050929787752
0c02bdd19e7eb9864c29b14aaa5a80c3	d__Bacteria; p__Actinobacteriota; c__Thermoleophilia; o__Solirubrobacterales; f__67-14; g__67-14; s__uncultured_actinobacterium	0.9096579344264653
225276cae7b3dffa37a49f8707666473	d__Bacteria; p__Firmicutes; c__Clostridia; o__Christensenellales; f__Christensenellaceae; g__Christensenellaceae_R-7_group	0.9963564007407724
316587616ae4175fe3a0f42383c152f8	d__Bacteria; p__Proteobacteria; c__Alphaproteobacteria; o__Caulobacterales; f__Caulobacteraceae; g__Phenylobacterium	0.8747165106160417
f2cd52090a36a613428d0255fbee674e	d__Bacteria; p__Firmicutes; c__Clostridia; o__Peptostreptococcales-Tissierellales; f__Peptostreptococcales-Tissierellales; g__Finegoldia; s__Finegoldia_magna	0.734519827843345
046405f4ec331db89e893d399b139ab1	d__Bacteria; p__Actinobacteriota; c__Actinobacteria; o__Corynebacteriales; f__Corynebacteriaceae; g__Corynebacterium; s__Corynebacterium_tuberculostearicum	0.712940640904756
6226383d63ffa65006783a9d55d20b0c	d__Bacteria; p__Firmicutes; c__Bacilli; o__Staphylococcales; f__Staphylococcaceae; g__Staphylococcus	0.9999828046068147
6445bd2681bf569ab2568af00f837e1f	d__Bacteria; p__Firmicutes; c__Bacilli; o__Staphylococcales; f__Staphylococcaceae; g__Staphylococcus	0.9999816046317976
fa7121aafc2b59ea03857b90890b0aa0	d__Bacteria; p__Proteobacteria; c__Alphaproteobacteria; o__Kiloniellales; f__Kiloniellaceae; g__Pelagibius; s__uncultured_Alphaproteobacteria	0.8708275487864634
3196e8d4c5a7b17a72129966724d3a4a	d__Bacteria; p__Firmicutes; c__Bacilli; o__Mycoplasmatales; f__Mycoplasmataceae; g__Mycoplasma; s__Metamycoplasma_hominis	0.7052566553580145
fb5ff0b28c7f3ed9eb20b37787110384	d__Bacteria; p__Bacteroidota; c__Bacteroidia; o__Bacteroidales; f__Prevotellaceae; g__Prevotella; s__Prevotella_colorans	0.9998539023454903
f00905e0de597012a2e0cbc187496585	d__Bacteria; p__Proteobacteria; c__Gammaproteobacteria; o__Burkholderiales; f__Alcaligenaceae; g__Achromobacter	0.7586321627354942
f8a6c6052e708c5f86d8942ef1b01f29	d__Bacteria; p__Proteobacteria; c__Gammaproteobacteria; o__Burkholderiales; f__Comamonadaceae; g__Rhizobacter	0.8116755130156172
ecc7ecc180552f5706386bc7050fb7b4	d__Bacteria; p__Bacteroidota; c__Bacteroidia; o__Chitinophagales; f__Chitinophagaceae; g__Ferruginibacter	0.7735242313882961
30395fbde3f08dfd7fbfc50662a9e534	d__Bacteria; p__Actinobacteriota; c__Actinobacteria; o__Propionibacteriales; f__Propionibacteriaceae; g__Pseudopropionibacterium; s__uncultured_bacterium	0.7722991357474327
3fff190e157234d7a50336f99dbea540	d__Bacteria; p__Actinobacteriota; c__Acidimicrobiia; o__Actinomarinales; f__uncultured; g__uncultured; s__uncultured_compost	0.7409489179590422
6af89ee362114362532d5beabdfd8851	d__Bacteria; p__Proteobacteria; c__Alphaproteobacteria; o__Rhizobiales; f__Devosiaceae; g__Devosia	0.8647337489232932
2c2b75a5dc7570c093341c6e4124150f	d__Bacteria; p__Actinobacteriota; c__Actinobacteria; o__Micrococcales; f__Micrococcaceae	0.9999965915294186
7c9bb1e8efad056e2f106852d6f8c536	d__Bacteria; p__Bacteroidota; c__Bacteroidia; o__Chitinophagales; f__Chitinophagaceae; g__Chitinophagaceae; s__Flavisolibacter_sp.	0.7292829067800449
d01095bceb4c965d7dbbd67b1826f9bc	d__Bacteria; p__Firmicutes; c__Bacilli; o__Lactobacillales; f__Streptococcaceae; g__Streptococcus	0.9998153103660736
f2ced133aa316daa25a4c6c1fb8ad399	d__Bacteria; p__Fusobacteriota; c__Fusobacteriia; o__Fusobacteriales; f__Fusobacteriaceae; g__Fusobacterium	0.9999999999790001
dca40b9fdd8d7057c7c00108ac7b722d	d__Bacteria; p__Fusobacteriota; c__Fusobacteriia; o__Fusobacteriales; f__Fusobacteriaceae; g__Fusobacterium; s__Fusobacterium_periodonticum	0.7100751736516439
e3f4bccb88e56319da8ec3de018fc033	d__Bacteria; p__Bacteroidota; c__Bacteroidia; o__Flavobacteriales; f__Flavobacteriaceae; g__Capnocytophaga; s__Capnocytophaga_sputigena	0.9527022725318978
c24105bc36d31ce72c6ff02b238b29e0	d__Bacteria; p__Bacteroidota; c__Bacteroidia; o__Bacteroidales; f__Porphyromonadaceae; g__Porphyromonas	0.9999999558987869
fb9b2ae68976e253a0e3092178026d10	d__Eukaryota; p__Ascomycota; c__Saccharomycetes; o__Saccharomycetales; f__Phaffomycetaceae; g__Cyberlindnera-Candida_clade; s__Cyberlindnera_jadinii	0.9999999111847626
d5328a9c4bcf29d3eab9253de7139717	d__Bacteria; p__Firmicutes; c__Clostridia; o__Peptostreptococcales-Tissierellales; f__Peptostreptococcales-Tissierellales; g__Anaerococcus	0.9999999999895046
8aabf281129c46927a4fc594e8016116	d__Bacteria; p__Firmicutes; c__Bacilli; o__Lactobacillales; f__Aerococcaceae; g__Aerococcus; s__Aerococcus_christensenii	0.9940401161921204
9839c7d53302e7cfd7bd2b8e4b05578f	d__Bacteria; p__Actinobacteriota; c__Actinobacteria; o__Propionibacteriales; f__Propionibacteriaceae; g__Cutibacterium	0.9997457790904217
1a23da1f15cab6c1e7d1b8472684d5cd	d__Bacteria; p__Proteobacteria; c__Gammaproteobacteria; o__Pseudomonadales; f__Pseudomonadaceae; g__Pseudomonas	0.9314791605199326
a5a559a77a323d58546b4b065f565752	d__Bacteria; p__Firmicutes; c__Bacilli; o__Bacillales; f__Bacillaceae; g__Bacillus	0.7774271972536543
903c5a76d11221df4ec0f410be5440c7	d__Bacteria; p__Proteobacteria; c__Alphaproteobacteria; o__Rhodobacterales; f__Rhodobacteraceae; g__Paracoccus	0.8521282069258388
c5271feadfc9dcfb479dee69b6a271a1	d__Bacteria; p__Firmicutes; c__Clostridia; o__Peptostreptococcales-Tissierellales; f__Peptostreptococcales-Tissierellales; g__Anaerococcus; s__Anaerococcus_mediterraneensis	0.7777817686726713
e49c16e5d6fa5f43fec6faee5c660523	d__Bacteria; p__Proteobacteria; c__Alphaproteobacteria; o__Sphingomonadales; f__Sphingomonadaceae; g__Altererythrobacter	0.9988365866271054
e114f96e29d06af609a13128d13ceb29	d__Bacteria; p__Proteobacteria; c__Gammaproteobacteria; o__Burkholderiales; f__Sutterellaceae; g__Parasutterella	0.9999999980579238
caa610df0658ae897786b41f7633cac5	d__Bacteria; p__Actinobacteriota; c__Actinobacteria; o__Actinomycetales; f__Actinomycetaceae; g__Actinomyces	0.9999996860546706
5fcf11322d873c90a8901d32776a98eb	d__Bacteria; p__Actinobacteriota; c__Actinobacteria; o__Actinomycetales; f__Actinomycetaceae; g__Actinotignum; s__uncultured_bacterium	0.9992473409463777
7c2ec1424aa3307a067dc27dbe963ffb	d__Bacteria; p__Firmicutes; c__Bacilli; o__Lactobacillales; f__Carnobacteriaceae; g__Alkalibacterium	0.8477630314674099
9b370f432bcdb3434511c96eb08ef5c3	d__Bacteria; p__Proteobacteria; c__Alphaproteobacteria; o__Sphingomonadales; f__Sphingomonadaceae; g__Sphingopyxis	0.9999952603367545
ee90e80dd82802c72e641c9030f0f281	d__Eukaryota; p__Ascomycota; c__Saccharomycetes; o__Saccharomycetales; f__Saccharomycetaceae; g__Torulaspora; s__Torulaspora_delbrueckii	0.7217028297363011
6684bd70a27c5857aa3adbe5da14cd25	d__Bacteria; p__Actinobacteriota; c__Actinobacteria; o__Micrococcales; f__Micrococcaceae; g__Arthrobacter; s__Arthrobacter_woluwensis	0.9940434236441416
9ef9d17f82dc18e0222f58d7a0852035	d__Eukaryota; p__Ascomycota; c__Eurotiomycetes; o__Eurotiales; f__Aspergillaceae; g__Aspergillus; s__Aspergillus_penicillioides	0.8562881832200743
7382980a1e59c1f6e25e3232e0a36ca4	d__Bacteria; p__Actinobacteriota; c__Actinobacteria; o__Corynebacteriales; f__Corynebacteriaceae; g__Lawsonella	0.9999999973923799
f23bbb8a763034f1da2150b6fba26238	d__Bacteria; p__Fusobacteriota; c__Fusobacteriia; o__Fusobacteriales; f__Fusobacteriaceae; g__Fusobacterium	0.9999999999949808
d17f77518bb6cbaee52c29b75b60bbf9	d__Eukaryota; p__Basidiomycota; c__Malasseziomycetes; o__Malasseziales; f__Malasseziaceae; g__Malassezia; s__Malassezia_globosa	0.8183347246489706
d0397cd154d15821997dea5fd0bff80b	d__Bacteria; p__Actinobacteriota; c__Actinobacteria; o__Micrococcales; f__Microbacteriaceae	0.9995472646693674
d6515a3448f375739ec125764f7ade16	d__Bacteria; p__Actinobacteriota; c__Actinobacteria; o__Propionibacteriales; f__Nocardioidaceae; g__Nocardioides	0.9997925744462154
66ac09eaec1f675942b4a5999720e3f4	d__Eukaryota; p__Ascomycota; c__Leotiomycetes; o__Helotiales; f__Sclerotiniaceae; g__Sclerotinia; s__Sclerotinia_sclerotiorum	0.8118155353497754
a2fc60087f1810347ae6b8a61cec8823	d__Bacteria; p__Bacteroidota; c__Bacteroidia; o__Bacteroidales; f__Porphyromonadaceae; g__Porphyromonas	0.9999999933654287
91203cae9591acca8f6ebb6e024e9e43	d__Bacteria; p__Proteobacteria; c__Gammaproteobacteria; o__Burkholderiales; f__Burkholderiaceae; g__Ralstonia	0.9925377057292696
c3268aacb80b0bf18874abde1f3128e4	d__Bacteria; p__Firmicutes; c__Clostridia; o__Peptostreptococcales-Tissierellales; f__Peptostreptococcales-Tissierellales; g__Anaerococcus	0.9999999999955584
14cb9f7957e9b89e1094a1d7fbb66943	d__Bacteria; p__Firmicutes; c__Bacilli; o__Staphylococcales; f__Staphylococcaceae; g__Staphylococcus	0.9999559948605249
4d4b33255aeced93b1813886bc902471	d__Bacteria; p__Firmicutes; c__Bacilli; o__Staphylococcales; f__Staphylococcaceae; g__Staphylococcus	0.9999713888484238
c7f3cf452911abfb605b25aaae80cdca	d__Bacteria; p__Actinobacteriota; c__Actinobacteria; o__Bifidobacteriales; f__Bifidobacteriaceae; g__Scardovia; s__Scardovia_wiggsiae	0.9999536734012708
0a2c7ae976a2b17528f0ac20e6c686d9	d__Bacteria; p__Actinobacteriota; c__Actinobacteria; o__Propionibacteriales; f__Nocardioidaceae; g__Nocardioides	0.9997039335716799
cdfd3bea5958ba2c6b25145203b68646	d__Bacteria; p__Proteobacteria; c__Alphaproteobacteria; o__Rhizobiales; f__Devosiaceae; g__Devosia	0.9097736152287762
987064f734516be413b9f8028c2f5126	d__Bacteria; p__Proteobacteria; c__Gammaproteobacteria; o__Gammaproteobacteria_Incertae_Sedis; f__Unknown_Family; g__Marinicella; s__uncultured_bacterium	0.9501195346143287
4305e81c07493861581117934050d7e8	d__Bacteria; p__Bacteroidota; c__Bacteroidia; o__Bacteroidales; f__Rikenellaceae; g__Alistipes; s__gut_metagenome	0.9489564831635681
21fb945a1c7ed7e57806307a98eab32b	d__Bacteria; p__Myxococcota; c__Myxococcia; o__Myxococcales; f__Myxococcaceae	0.9999001074995169
623e748752ac62991d4d0e25d17bcc75	d__Bacteria; p__Proteobacteria; c__Alphaproteobacteria; o__Sphingomonadales; f__Sphingomonadaceae; g__Altererythrobacter; s__Porphyrobacter_mercurialis	0.9945480667145317
61a11f2be7297832d9d716b843bd33ac	d__Bacteria; p__Firmicutes; c__Clostridia; o__Peptostreptococcales-Tissierellales; f__Peptostreptococcales-Tissierellales; g__Peptoniphilus	0.9999999999989209
8a810c1b033b831881c3121b05308370	d__Eukaryota; p__Phragmoplastophyta; c__Embryophyta; o__Magnoliophyta; f__Magnoliophyta; g__Magnoliophyta; s__Restionaceae_environmental	0.9479810348134585
4554703c4fd1e9a68a7936d299ae2840	d__Bacteria; p__Actinobacteriota; c__Actinobacteria; o__Corynebacteriales; f__Corynebacteriaceae; g__Corynebacterium	0.9998336848385171
b3a135f53e428213eb39415ce751b25a	d__Bacteria; p__Proteobacteria; c__Gammaproteobacteria; o__Enterobacterales; f__Enterobacteriaceae	0.9604653797498517
95e817e239b5b2577a549e2ce28b7412	d__Eukaryota; p__Ascomycota; c__Dothideomycetes; o__Pleosporales	0.9999824704763005
01ad62eb769999bc4dee897ee19e8134	d__Bacteria; p__Proteobacteria; c__Gammaproteobacteria; o__Burkholderiales; f__Comamonadaceae	0.9999624346801083
f1261c4084776e62415878091a7d4b7f	d__Eukaryota; p__Apicomplexa; c__Conoidasida; o__Gregarinasina; f__Eugregarinorida; g__Gregarina; s__Gregarina_blattarum	0.8568310014338263
14fb98a931848ce0abaa1108be12d91e	d__Bacteria; p__Bacteroidota; c__Bacteroidia; o__Bacteroidales; f__Rikenellaceae; g__Alistipes; s__Alistipes_onderdonkii	0.7555667839518733
05e72a8a37ce44e2c721c7912b6d5dba	d__Bacteria; p__Firmicutes; c__Bacilli; o__Staphylococcales; f__Staphylococcaceae; g__Staphylococcus	0.9999552993470356
53dd094b8ecb23abd00b4574f11e2d68	d__Bacteria; p__Actinobacteriota; c__Actinobacteria; o__Actinomycetales; f__Actinomycetaceae; g__Actinomyces	0.9999998646194583
90cb6069f86262a57398663c8b62b519	d__Bacteria; p__Bacteroidota; c__Bacteroidia; o__Flavobacteriales; f__Flavobacteriaceae; g__Gramella	0.9999363902388121
9b9bf485ac369a12013acda25b1ee3e4	d__Bacteria; p__Bacteroidota; c__Bacteroidia; o__Flavobacteriales; f__Flavobacteriaceae; g__Flavobacterium	0.999978689008844
4bbdc6134d77f2f2ac8464f19a5b8f41	d__Bacteria; p__Actinobacteriota; c__Actinobacteria; o__Micrococcales; f__Micrococcaceae; g__Micrococcus	0.9933257350063234
9d2b1be8746dcbe300fdc53ad2d11253	d__Bacteria; p__Firmicutes; c__Bacilli; o__Lactobacillales; f__Aerococcaceae	0.925676355885107
94299089db363d6e93fa19b9a979e737	d__Bacteria; p__Firmicutes; c__Bacilli; o__Staphylococcales; f__Staphylococcaceae; g__Staphylococcus	0.9999834687065429
2ffa5222c390eee3712f31b5fb3a328e	d__Bacteria; p__Actinobacteriota; c__Actinobacteria; o__Propionibacteriales; f__Propionibacteriaceae; g__Cutibacterium	0.9999319536842873
23994f19ea576f3900249487857e520d	d__Bacteria; p__Fusobacteriota; c__Fusobacteriia; o__Fusobacteriales; f__Leptotrichiaceae; g__Oceanivirga; s__uncultured_bacterium	0.9357526822815003
0f09af308583c97592429614c2fda84e	d__Bacteria; p__Proteobacteria; c__Gammaproteobacteria; o__Burkholderiales; f__Comamonadaceae; g__Variovorax	0.8219872596458959
93fbfa36e661a1161b9a0d67d3593669	d__Bacteria; p__Actinobacteriota; c__Actinobacteria; o__Micrococcales; f__Microbacteriaceae	0.999460304339815
5ad039087dd546956fe10839f46ac21a	d__Bacteria; p__Firmicutes; c__Bacilli; o__Lactobacillales; f__Enterococcaceae; g__Enterococcus	0.9237199936373394
a88f31aa6aa8421ac017401ec61e09d1	d__Eukaryota; p__Vertebrata; c__Mammalia; o__Mammalia; f__Mammalia; g__Mammalia; s__Homo_sapiens	0.7500393064653127
05b775611d7bf057dbfa9d74c9d5a2d5	d__Bacteria; p__Bacteroidota; c__Bacteroidia; o__Chitinophagales; f__Chitinophagaceae	0.999999999506894
5a371d6d783b9f2d82c9a16df4899d5e	d__Bacteria; p__Firmicutes; c__Negativicutes; o__Veillonellales-Selenomonadales; f__Selenomonadaceae; g__Selenomonas	0.8095135648657801
150faefaf00940e18b117aaecb4703c8	d__Bacteria; p__Campilobacterota; c__Campylobacteria; o__Campylobacterales; f__Campylobacteraceae; g__Campylobacter	0.9999999999998981
2b60f22249018ebff5ec553ea03d1c06	d__Eukaryota; p__Ascomycota; c__Sordariomycetes; o__Hypocreales; f__Incertae_Sedis; g__Acremonium; s__uncultured_fungus	0.8922340246890741
521287f243efd45d32e41b3a465fc118	d__Bacteria; p__Actinobacteriota; c__Actinobacteria; o__Corynebacteriales; f__Nocardiaceae; g__Nocardia; s__Nocardia_cyriacigeorgica	0.960905278895989
4d832732711398ffa863d873964a2416	d__Bacteria; p__Actinobacteriota; c__Actinobacteria; o__Micrococcales; f__Micrococcaceae; g__Kocuria	0.9836972948286371
353a7a5628b744bdbf5f25de230e6612	d__Bacteria; p__Cyanobacteria; c__Cyanobacteriia; o__Cyanobacteriales; f__Xenococcaceae; g__Pleurocapsa_PCC-7319; s__Pleurocapsa_sp.	0.9112943891380746
0568762ce4510f191966bf1c82d7def4	d__Bacteria; p__Proteobacteria; c__Alphaproteobacteria; o__Sphingomonadales; f__Sphingomonadaceae; g__Sphingobium	0.999594127713434
320e685f5ad3215bfe780aff717e3539	d__Bacteria; p__Proteobacteria; c__Gammaproteobacteria; o__Pseudomonadales; f__Pseudomonadaceae; g__Pseudomonas	0.9976853030162203
8674e057c41ecb010bc828081b919a3f	d__Bacteria; p__Cyanobacteria; c__Cyanobacteriia; o__Chloroplast; f__Chloroplast; g__Chloroplast	0.9999999999992825
922c456532d06874ed6cf4c4aabcfd22	d__Bacteria; p__Proteobacteria; c__Alphaproteobacteria; o__Rhizobiales; f__Xanthobacteraceae	0.999999952874794
c1bdbbe9a6bfeb26329891472566febe	d__Bacteria; p__Actinobacteriota; c__Actinobacteria; o__Propionibacteriales; f__Propionibacteriaceae; g__Cutibacterium	0.999789907801367
14ba98564c46040ba14d81a7742fef31	d__Bacteria; p__Firmicutes; c__Bacilli; o__Staphylococcales; f__Staphylococcaceae; g__Staphylococcus	0.9999335226863778
b28409e1136ab3c2c8cb57f3bcf7c0d0	d__Bacteria; p__Actinobacteriota; c__Actinobacteria; o__Micrococcales; f__Microbacteriaceae; g__Curtobacterium	0.8593102185270776
85140fda9e0267f144e144c6a0fccd19	d__Bacteria; p__Proteobacteria; c__Alphaproteobacteria; o__Sphingomonadales; f__Sphingomonadaceae	0.999210388641256
0c734b1b9dd4026e5cf93ec491604b41	d__Bacteria; p__Proteobacteria; c__Alphaproteobacteria; o__Sphingomonadales; f__Sphingomonadaceae; g__Altererythrobacter	0.9994876916470145
ece30c9f7ed840bd63fbeab060949e3d	d__Bacteria; p__Actinobacteriota; c__Actinobacteria; o__Propionibacteriales; f__Propionibacteriaceae; g__Cutibacterium	0.9997669746073905
749882e2f981a4071add9de72d177166	d__Bacteria; p__Proteobacteria; c__Gammaproteobacteria; o__Pseudomonadales; f__Pseudomonadaceae; g__Pseudomonas	0.9561061585648272
a1eed880e10a61bd71d0ab4d1682caf0	d__Bacteria; p__Firmicutes; c__Clostridia; o__Peptostreptococcales-Tissierellales; f__Peptostreptococcales-Tissierellales; g__Finegoldia; s__Finegoldia_magna	0.81247394171897
b12b64cfb8aaf9cbaaee1954931b369b	d__Bacteria; p__Proteobacteria; c__Alphaproteobacteria; o__Rhizobiales; f__Devosiaceae; g__Devosia	0.998516325607889
d79296ea0b754f80d597d1e763bdee60	d__Bacteria; p__Myxococcota; c__Polyangia; o__Polyangiales; f__BIrii41; g__BIrii41; s__metagenome	0.795384873302707
d5c5ffe3189d74645c9272810e7a0530	d__Bacteria; p__Firmicutes; c__Clostridia; o__Clostridia; f__Hungateiclostridiaceae; g__Ruminiclostridium	0.8313266543444011
e9e1d2a9d6b2b576c37da7f3b909efe2	d__Bacteria; p__Proteobacteria; c__Gammaproteobacteria; o__Enterobacterales; f__Enterobacteriaceae	0.9041004495780435
50f8b67dd468a586e2c42fad41cb08e3	d__Bacteria; p__Firmicutes; c__Clostridia; o__Peptostreptococcales-Tissierellales; f__Peptostreptococcales-Tissierellales; g__Anaerococcus	0.9999999999996277
833a387cf9da2fb87b2b96bdf6989fe1	d__Eukaryota; p__Phragmoplastophyta; c__Embryophyta; o__Magnoliophyta; f__Magnoliophyta; g__Magnoliophyta; s__Quercus_lobata	0.9469063014958737
4f3b81435f7a6448e9a9374fbaaf5fe7	d__Bacteria; p__Proteobacteria; c__Alphaproteobacteria; o__Rhizobiales; f__Beijerinckiaceae; g__Methylobacterium-Methylorubrum	0.9998977658975987
784b9cbab54ae891dc32c8ddada93a1c	d__Bacteria; p__Proteobacteria; c__Alphaproteobacteria; o__Sphingomonadales; f__Sphingomonadaceae; g__Novosphingobium	0.9013818759595351
0c395cd9035c698b0bfbc9d52594cb31	d__Bacteria; p__Firmicutes; c__Clostridia; o__Peptostreptococcales-Tissierellales; f__Peptostreptococcales-Tissierellales; g__Finegoldia	0.9999999999722352
d1eb1bcb62c047a9ca963588d44c711f	d__Bacteria; p__Proteobacteria; c__Gammaproteobacteria; o__Pseudomonadales; f__Moraxellaceae; g__Psychrobacter	0.9999593590462923
0c345791174c7182f21bda5e0e44afbb	d__Bacteria; p__Proteobacteria; c__Gammaproteobacteria; o__Burkholderiales; f__Rhodocyclaceae; g__Azovibrio; s__uncultured_Rhodocyclaceae	0.9103506346054608
1316fa0ebdd23229d2e82073344a71b5	d__Bacteria; p__Firmicutes; c__Clostridia; o__Peptostreptococcales-Tissierellales; f__Peptostreptococcales-Tissierellales; g__Finegoldia	0.9999999998238064
d23a5b733dc915f02a629ada1b7e3226	d__Bacteria; p__Firmicutes; c__Bacilli; o__Lactobacillales; f__Carnobacteriaceae; g__Granulicatella	0.850889598167802
ce6bfface21dda8d1c9b197837292570	d__Bacteria; p__Firmicutes; c__Bacilli; o__Lactobacillales; f__Carnobacteriaceae; g__Granulicatella	0.700809812501433
b57b7192aae7699c9e49ab956e95a648	d__Bacteria; p__Bacteroidota; c__Bacteroidia; o__Chitinophagales; f__Chitinophagaceae; g__Segetibacter	0.9999971765876801
dc8623f1100856a66268ca57ba5a6854	d__Bacteria; p__Acidobacteriota; c__Acidobacteriae; o__Bryobacterales; f__Bryobacteraceae; g__Bryobacter	0.996832595577108
55858966ee316df70ac13a73cd489f78	d__Bacteria; p__Actinobacteriota; c__Actinobacteria; o__Propionibacteriales; f__Propionibacteriaceae; g__Cutibacterium	0.9991192726292126
17762c13d2c5ae9546aefe4b6b15e109	d__Bacteria; p__Proteobacteria; c__Gammaproteobacteria; o__Xanthomonadales; f__Xanthomonadaceae; g__Xanthomonas	0.9999268910744395
5421ee0490477ebb56735e58e195f3a2	d__Bacteria; p__Actinobacteriota; c__Actinobacteria; o__Propionibacteriales; f__Propionibacteriaceae; g__Microlunatus	0.9975687007309862
7231eb9584c4ade3876e7bb58fa2bcbb	d__Bacteria; p__Firmicutes; c__Clostridia; o__Lachnospirales; f__Lachnospiraceae; g__uncultured	0.8115410506096077
b362a201d7194f2d9cfc497149b06e6d	d__Bacteria; p__Cyanobacteria; c__Cyanobacteriia; o__Chloroplast; f__Chloroplast; g__Chloroplast	0.9999999999998236
8c76bd33f9f2e05dbf8af87f1336622c	d__Bacteria; p__Proteobacteria; c__Alphaproteobacteria; o__Sphingomonadales; f__Sphingomonadaceae; g__Porphyrobacter	0.9447535575433278
3214c515e340c8c8c443c7462d8e0124	d__Bacteria; p__Firmicutes; c__Clostridia; o__Lachnospirales; f__Lachnospiraceae; g__Lachnoclostridium	0.8791641967301149
68218955a362f56b67e01780a3fed707	d__Bacteria; p__Planctomycetota; c__Planctomycetes; o__Pirellulales; f__Pirellulaceae; g__uncultured; s__uncultured_bacterium	0.8843601112914824
5e9d7e623e9f04cb6f261dc66c2014ad	d__Eukaryota; p__Basidiomycota; c__Malasseziomycetes; o__Malasseziales; f__Malasseziaceae; g__Malassezia; s__Malassezia_globosa	0.8189949306233005
b2a1521934dca983d49dfa631547a35a	d__Bacteria; p__Firmicutes; c__Bacilli; o__Staphylococcales; f__Staphylococcaceae; g__Staphylococcus	0.9999892672107651
4117a049b1e2520cf3b7c0a02a555f09	d__Bacteria; p__Actinobacteriota; c__Actinobacteria; o__Micrococcales; f__Micrococcaceae	0.9999909969052786
8c3cf863f422af6d229a8cbbe747206c	d__Bacteria; p__Firmicutes; c__Clostridia; o__Peptostreptococcales-Tissierellales; f__Anaerovoracaceae; g__Mogibacterium	0.9999998748310401
6a63e0185fea861417dfbef85ad280a1	d__Bacteria; p__Gemmatimonadota; c__Gemmatimonadetes; o__Gemmatimonadales; f__Gemmatimonadaceae	0.9999999733572075
67072b6d6aea663463f44fb7f6b92125	d__Bacteria; p__Firmicutes; c__Clostridia; o__Oscillospirales; f__Ruminococcaceae; g__Ruminococcus; s__Ruminococcus_bicirculans	0.7112379382701304
f4be51347373ce3bd642a70331520312	d__Bacteria; p__Actinobacteriota; c__Actinobacteria; o__Corynebacteriales; f__Corynebacteriaceae; g__Corynebacterium	0.9999158913651807
2b12f136e73c308e88ce2863e26c1a86	d__Bacteria; p__Actinobacteriota; c__Actinobacteria; o__Micrococcales; f__Microbacteriaceae; g__Curtobacterium	0.7108567533286853
111516922e98d8dae8c59d3bc8abbf00	d__Bacteria; p__Proteobacteria; c__Gammaproteobacteria; o__Xanthomonadales; f__Xanthomonadaceae	0.8219580946381935
2549808290dc0644922ae455ec493a1c	d__Bacteria; p__Bacteroidota; c__Bacteroidia; o__Flavobacteriales; f__Weeksellaceae; g__Chryseobacterium	0.9998941785887472
6f3c773d03a8af9eca48104d9f02d476	d__Bacteria; p__Firmicutes; c__Bacilli; o__Lactobacillales; f__Carnobacteriaceae; g__Dolosigranulum	0.9999999999926283
e1068d90f5ca0a687789f978283c4347	d__Bacteria; p__Bacteroidota; c__Bacteroidia; o__Chitinophagales; f__Chitinophagaceae; g__uncultured	0.8739516782564989
2ee55c18182c3d72e6d1472779af1f4e	d__Bacteria; p__Bacteroidota; c__Bacteroidia; o__Flavobacteriales; f__Weeksellaceae; g__Chryseobacterium	0.9999902128126111
e3ea7e8ca43459438ccd57d8c9af0d8b	d__Bacteria; p__Proteobacteria; c__Alphaproteobacteria; o__Rhizobiales; f__Rhizobiaceae; g__Aureimonas	0.8563116687859729
16838d0d5429ee31341802511c0edfa0	d__Bacteria; p__Firmicutes; c__Bacilli; o__Staphylococcales; f__Staphylococcaceae; g__Staphylococcus	0.9999661716500643
f54dcbbdbf5bbb5f191377951b0ac00e	d__Bacteria; p__Actinobacteriota; c__Actinobacteria; o__Micrococcales; f__Microbacteriaceae; g__Curtobacterium	0.7535313076371505
ae73b4a59dac4be95569ab4160a17d76	d__Bacteria; p__Firmicutes; c__Clostridia; o__Peptostreptococcales-Tissierellales; f__Peptostreptococcales-Tissierellales; g__Anaerococcus	0.9999999999999233
1cd1ffffe11fa048507c4ffea1cae184	d__Bacteria; p__Proteobacteria; c__Gammaproteobacteria; o__Burkholderiales; f__Oxalobacteraceae; g__Oxalicibacterium; s__Oxalicibacterium_faecigallinarum	0.8560707736860274
6db526416f2f87e77cdf21bc10b3c2d5	d__Bacteria; p__Actinobacteriota; c__Actinobacteria; o__Micrococcales; f__Micrococcaceae; g__Kocuria	0.8887740578375363
f2715261c14548fcf0a0ed93afd2ed18	d__Eukaryota; p__Ascomycota; c__Dothideomycetes; o__Capnodiales; f__Cladosporiaceae; g__Toxicocladosporium; s__uncultured_fungus	0.8143546507275955
750d0c4cf1f4b356bd378daad1abf1eb	d__Bacteria; p__Bacteroidota; c__Bacteroidia; o__Flavobacteriales; f__Cryomorphaceae; g__Vicingus; s__uncultured_Owenweeksia	0.9717688803239887
30c8f522c2249a8579ab9a338b74aef2	d__Bacteria; p__Firmicutes; c__Bacilli; o__Staphylococcales; f__Staphylococcaceae; g__Staphylococcus	0.999980345768086
f49221fbfff12783d71d828377dee5ee	d__Bacteria; p__Actinobacteriota; c__Actinobacteria; o__Micrococcales; f__Microbacteriaceae; g__Curtobacterium	0.8000575111490357
675a1cea3f63fa84bc3be547949cd52a	d__Bacteria; p__Actinobacteriota; c__Actinobacteria; o__Corynebacteriales; f__Corynebacteriaceae; g__Corynebacterium	0.9999821422126519
239421dbd59587bf9d4d36d3c8a7ad77	d__Eukaryota; p__Ascomycota; c__Saccharomycetes; o__Saccharomycetales; f__Debaryomycetaceae; g__Kurtzmaniella-Candida_clade	0.9197763099383275
39aea05a4bf5949cad8f9c19c15f046f	d__Bacteria; p__Bacteroidota; c__Bacteroidia; o__Bacteroidales; f__Prevotellaceae; g__Alloprevotella; s__uncultured_Prevotellaceae	0.8229778261316663
d123b45fdd86e711b66b0ac7171fbd6e	d__Bacteria; p__Firmicutes; c__Bacilli; o__Bacillales	0.9999891093094652
9d89da488882ff0e9b8cbeb90e5d5d09	d__Bacteria; p__Actinobacteriota; c__Thermoleophilia; o__Solirubrobacterales; f__Solirubrobacteraceae; g__Solirubrobacter; s__metagenome	0.8924684874449464
a5e7bb423d761f84ad46a8bfecf38a08	d__Bacteria; p__Actinobacteriota; c__Actinobacteria; o__Frankiales; f__Geodermatophilaceae; g__Klenkia	0.9967953264271259
9e05de520b0e556e1a4988076ea76db1	d__Bacteria; p__Proteobacteria; c__Gammaproteobacteria; o__Pseudomonadales; f__Moraxellaceae; g__Acinetobacter	0.9998652953977519
2e99c00bbd6b823ca64508bee3dd38b1	d__Bacteria; p__Spirochaetota; c__Spirochaetia; o__Spirochaetales; f__Spirochaetaceae; g__Treponema; s__Treponema_maltophilum	0.9999852296398618
8c07de2e07daddb97ab97f53e54c03f0	d__Bacteria; p__Bacteroidota; c__Bacteroidia; o__Bacteroidales; f__Prevotellaceae; g__Prevotella; s__Prevotella_oris	0.8033267722732116
f4966800822937cd20808c9bd95347c0	d__Bacteria; p__Proteobacteria; c__Gammaproteobacteria; o__Xanthomonadales; f__Xanthomonadaceae; g__Pseudoxanthomonas	0.9999727784454998
63f352a1a3b895bd142121cbd978823e	d__Bacteria; p__Proteobacteria; c__Alphaproteobacteria; o__Sphingomonadales; f__Sphingomonadaceae; g__Sphingomonas	0.9999997427116726
73babe912d0b029c54da28ea50afdb5b	d__Bacteria; p__Actinobacteriota; c__Actinobacteria; o__Propionibacteriales; f__Nocardioidaceae; g__Nocardioides	0.9999648563230156
37e9fd37a52fd25d8378e89e315c1ee2	d__Bacteria; p__Bacteroidota; c__Bacteroidia; o__Chitinophagales; f__Chitinophagaceae; g__Edaphobaculum; s__uncultured_bacterium	0.8152570470310574
c21025c7ebc6c32680c1aac223eb13fb	d__Bacteria; p__Firmicutes; c__Bacilli; o__Staphylococcales; f__Staphylococcaceae; g__Staphylococcus	0.9999918274514527
d0230ffc1a296ac202cd0993b2fed4cd	d__Bacteria; p__Proteobacteria; c__Alphaproteobacteria; o__Rhizobiales; f__Beijerinckiaceae; g__Methylobacterium-Methylorubrum	0.9996409266043853
52c3944fa22d36c67ebe0c742a9f0462	d__Bacteria; p__Cyanobacteria; c__Cyanobacteriia; o__Chloroplast; f__Chloroplast; g__Chloroplast; s__uncultured_Cyanobacterium	0.9997232571582615
b70c4d9494fcb1716d3625010424a930	d__Bacteria; p__Campilobacterota; c__Campylobacteria; o__Campylobacterales; f__Campylobacteraceae; g__Campylobacter	0.9999999823707165
86d700df59801475356ecf75aa290a36	d__Bacteria; p__Firmicutes; c__Bacilli; o__Staphylococcales; f__Staphylococcaceae; g__Staphylococcus	0.9999861611907267
8a4850388ab6fc4417b67d89a98789ad	d__Bacteria; p__Proteobacteria; c__Gammaproteobacteria; o__Xanthomonadales; f__Xanthomonadaceae; g__Luteimonas	0.9572259931937568
5789eadd63035eab9d397feedd003bda	d__Bacteria; p__Firmicutes; c__Clostridia; o__Peptostreptococcales-Tissierellales; f__Peptostreptococcales-Tissierellales; g__Finegoldia	0.999999999862717
37624ef95f7712aac50cdd4447b00130	d__Eukaryota; p__Arthropoda; c__Insecta; o__Thysanoptera; f__Thysanoptera; g__Thysanoptera	0.9999800957130841
d9fc04df79c02cbe3458a990f0f3fda8	d__Bacteria; p__Proteobacteria; c__Gammaproteobacteria; o__Burkholderiales; f__Comamonadaceae	0.9999992547327616
2bde75f37c058faff74aececef2d38ec	d__Bacteria; p__Firmicutes; c__Clostridia; o__Peptostreptococcales-Tissierellales; f__Peptostreptococcales-Tissierellales; g__Finegoldia	0.9999999999771126
1f34562fdc87ea4f0a95c932c2f2b60a	d__Bacteria; p__Firmicutes; c__Clostridia; o__Peptostreptococcales-Tissierellales; f__Peptostreptococcales-Tissierellales; g__W5053; s__unidentified_marine	0.9987226019834088
59bd9148b4620e43aff44d47822832f4	d__Bacteria; p__Firmicutes; c__Bacilli; o__Lactobacillales; f__Lactobacillaceae; g__Lactobacillus; s__Lactobacillus_brevis	0.8639645170161357
1e57cc1a244105cb64443503601c9e19	d__Bacteria; p__Actinobacteriota; c__Coriobacteriia; o__Coriobacteriales; f__Atopobiaceae; g__Atopobium; s__Olsenella_sp.	0.9797415539505204
30210668722f2255ef089137f720a5ca	d__Bacteria; p__Cyanobacteria; c__Cyanobacteriia; o__Synechococcales; f__Synechococcales_Incertae_Sedis; g__Schizothrix_LEGE_07164; s__uncultured_cyanobacterium	0.8982139178776828
44035fd064210783c872fb978da69cb7	d__Bacteria; p__Proteobacteria; c__Gammaproteobacteria; o__Burkholderiales; f__Comamonadaceae; g__Comamonas; s__Ottowia_sp.	0.8821701222560376
6662373a18a670ff728f3a4e6f3c9c24	d__Eukaryota; p__Ascomycota; c__Sordariomycetes; o__Sordariales; f__uncultured; g__uncultured	0.7008558068393502
f6e9e23b070c47f07e6a367ef6962e69	d__Bacteria; p__Bacteroidota; c__Bacteroidia; o__Bacteroidales; f__Bacteroidaceae; g__Bacteroides; s__Bacteroides_massiliensis	0.9401905330351942
6fdfc01a4330c210000c4c4d06cdfcef	d__Bacteria; p__Firmicutes; c__Bacilli; o__Staphylococcales; f__Staphylococcaceae; g__Salinicoccus	0.9770306110632794
3369d079e5f46e4231247642e525fdeb	d__Bacteria; p__Actinobacteriota; c__Actinobacteria; o__Corynebacteriales; f__Dietziaceae; g__Dietzia	0.999783429320588
ecddd39ac0ec6aca25e13eca44a99e97	d__Bacteria; p__Actinobacteriota; c__Actinobacteria; o__Propionibacteriales; f__Propionibacteriaceae; g__Cutibacterium	0.9979403829031979
02518b0f64fbfde466e6b22eb855203f	d__Bacteria; p__Firmicutes; c__Bacilli; o__Staphylococcales; f__Staphylococcaceae; g__Staphylococcus	0.9999848294781242
656366266b78434651d5e051b2d3bafa	d__Bacteria; p__Firmicutes; c__Clostridia; o__Peptostreptococcales-Tissierellales; f__Peptostreptococcales-Tissierellales; g__Gallicola; s__Peptoniphilaceae_bacterium	0.7867405690602136
5f04993891e26d1c454f0827d5b8e7fc	d__Bacteria; p__Actinobacteriota; c__Actinobacteria; o__Propionibacteriales; f__Propionibacteriaceae; g__Cutibacterium	0.999755267559766
ef5e5f885f2dbf9d7e554f0653b1a2d2	d__Bacteria; p__Firmicutes; c__Bacilli; o__Bacillales; f__Planococcaceae; g__Planococcus	0.7632863624454671
9556fb35741de8af1a5f7d20ad13d384	d__Bacteria; p__Bacteroidota; c__Bacteroidia; o__Flavobacteriales; f__Flavobacteriaceae; g__Flavobacterium	0.9999818648915361
6ef02e7b6f5540bc4abc6488b6a6993e	d__Bacteria; p__Proteobacteria; c__Alphaproteobacteria; o__Rhodobacterales; f__Rhodobacteraceae; g__Paracoccus	0.9777681871722841
bd2b8cf8ad56c45c4bc380981fd80fd1	d__Bacteria; p__Actinobacteriota; c__Actinobacteria; o__Corynebacteriales; f__Mycobacteriaceae; g__Mycobacterium	0.9999929372562607
f3ddcf2ca644cd95d3c76ca8b60492d2	d__Bacteria; p__Actinobacteriota; c__Actinobacteria; o__Frankiales; f__Geodermatophilaceae; g__Blastococcus	0.9269226124346899
ef18c6d3eed4825f8ed241ae4c6b5176	d__Eukaryota	0.9999972716973786
749dd5c8f2c7d6e3cde5a2816f880cae	d__Bacteria; p__Cyanobacteria; c__Cyanobacteriia; o__Chloroplast; f__Chloroplast; g__Chloroplast	0.9999999999994488
bcf964e8f0bebb0614324df2aaa7f76c	d__Bacteria; p__Proteobacteria; c__Alphaproteobacteria; o__Acetobacterales; f__Acetobacteraceae; g__Roseomonas; s__Acetobacteraceae_bacterium	0.7190840454653968
4504ed55d0182a4a624f10901aaecc4b	d__Bacteria; p__Bacteroidota; c__Bacteroidia; o__Cytophagales; f__Hymenobacteraceae; g__Hymenobacter; s__Hymenobacter_yonginensis	0.9612861919725366
05825ad9703e0a324247e3e5b87636c0	d__Bacteria; p__Actinobacteriota; c__Actinobacteria; o__Kineosporiales; f__Kineosporiaceae; g__Kineococcus	0.9999773065733129
c9e6217e6551a3c5c2479593b263e6e2	d__Bacteria; p__Bacteroidota; c__Bacteroidia; o__Flavobacteriales; f__Flavobacteriaceae; g__Flavobacterium	0.9999023416317594
428a8a77da8858c15e250e740df90c78	d__Bacteria; p__Chloroflexi; c__Anaerolineae; o__SBR1031; f__A4b; g__A4b; s__metagenome	0.9998829361893514
5aceddbd6c83d807279cf8a7b7897c26	d__Bacteria; p__Proteobacteria; c__Gammaproteobacteria; o__Pseudomonadales; f__Pseudomonadaceae; g__Pseudomonas	0.9977943952756302
8e0352da274b2268d90b864d031524df	d__Bacteria; p__Actinobacteriota; c__Actinobacteria; o__Micrococcales; f__Intrasporangiaceae	0.9960151175535047
e0a4b1a6e4c0bb2130e98c3c46a905e4	d__Bacteria; p__Bacteroidota; c__Bacteroidia; o__Bacteroidales; f__Tannerellaceae; g__Parabacteroides	0.9999999938351396
758743cda40e36d0421fffa916545a1d	d__Bacteria; p__Proteobacteria; c__Gammaproteobacteria; o__Burkholderiales; f__Oxalobacteraceae; g__Massilia	0.9899168289031628
47d38c28d8cb27b03229c98119909aec	d__Bacteria; p__Proteobacteria; c__Alphaproteobacteria; o__Acetobacterales; f__Acetobacteraceae	0.9999957516342352
ccba34f291e5d7bcfaeca4491faadda8	d__Bacteria; p__Proteobacteria; c__Alphaproteobacteria; o__Sphingomonadales; f__Sphingomonadaceae; g__Sphingomonas	0.9932038487711119
e4c2f91175ca0c22d9d4737201ea0566	d__Bacteria; p__Actinobacteriota; c__Actinobacteria; o__Propionibacteriales; f__Propionibacteriaceae; g__Tessaracoccus	0.9998799339392853
f53589d90b484937b38269d5edac5013	d__Bacteria; p__Proteobacteria; c__Alphaproteobacteria; o__Caulobacterales; f__Caulobacteraceae; g__Brevundimonas	0.9999996019679556
cad2f6a00ae5812ea90344b7e742feb5	d__Bacteria; p__Bacteroidota; c__Bacteroidia; o__Bacteroidales; f__Porphyromonadaceae; g__Porphyromonas; s__Porphyromonas_asaccharolytica	0.9811579197426943
79a34988676ea78a767f51ff6f400b63	d__Bacteria; p__Actinobacteriota; c__Thermoleophilia; o__Solirubrobacterales; f__67-14; g__67-14	0.9999994785556237
f68a05e3466eb60d36660b72d6a0b371	d__Bacteria; p__Proteobacteria; c__Alphaproteobacteria; o__Rhizobiales; f__Rhizobiaceae; g__Allorhizobium-Neorhizobium-Pararhizobium-Rhizobium	0.9959125373849165
467fc4b51be51230f8881c636784a1d5	d__Bacteria; p__Proteobacteria; c__Gammaproteobacteria; o__Burkholderiales; f__Oxalobacteraceae; g__Massilia	0.9981664332776427
5be1927ef536ba28f96a393617b329f1	d__Eukaryota; p__Ascomycota; c__Dothideomycetes; o__Pleosporales; f__Pleosporaceae	0.9986347907125037
e9cf73141326c6ffee50ec66a0c2ad2f	d__Eukaryota; p__Vertebrata; c__Mammalia; o__Mammalia; f__Mammalia; g__Mammalia	0.9999993001842513
7f597b65efc5ba5df35725f4e039cd62	d__Bacteria; p__Firmicutes; c__Clostridia; o__Clostridia; f__Gracilibacteraceae; g__Lutispora; s__uncultured_bacterium	0.7664036082681582
d0bbb3924504e2624ddff0a84709b816	d__Bacteria; p__Proteobacteria; c__Gammaproteobacteria; o__Xanthomonadales; f__Xanthomonadaceae; g__Pseudoxanthomonas; s__Pseudoxanthomonas_mexicana	0.8949921707417725
2de2087b3d18feff84300d309b502705	d__Bacteria; p__Bacteroidota; c__Bacteroidia; o__Sphingobacteriales; f__Sphingobacteriaceae; g__Pedobacter	0.7936456365712723
416c1cb42bf8f87e9e28cc2307d02b9b	d__Bacteria; p__Actinobacteriota; c__Actinobacteria; o__Propionibacteriales; f__Nocardioidaceae; g__Nocardioides	0.9999639962799246
ea0a4fe4b843242b0e842286ef6016ca	d__Bacteria; p__Firmicutes; c__Bacilli; o__Staphylococcales; f__Staphylococcaceae; g__Staphylococcus	0.9999812356291627
a479bb25182ed11fa632da0515094779	d__Bacteria; p__Proteobacteria; c__Gammaproteobacteria; o__Pseudomonadales; f__Pseudomonadaceae; g__Pseudomonas	0.999271538928334
f6a6d3146787d0751074e07df4e1298b	d__Bacteria; p__Actinobacteriota; c__Actinobacteria; o__Streptomycetales; f__Streptomycetaceae; g__Streptomyces	0.9998839687719558
252d67c9f426dbf6f3aa013d1ef30c7f	d__Bacteria; p__Proteobacteria; c__Alphaproteobacteria; o__Acetobacterales; f__Acetobacteraceae; g__Roseomonas	0.9999998778983539
fef35dadc5a9f92ec28314a45dc33a7f	d__Bacteria; p__Bacteroidota; c__Bacteroidia; o__Flavobacteriales; f__Flavobacteriaceae; g__Flavobacterium	0.9998350961870939
26ec34cb87675c18007b46374b68a7e7	d__Bacteria; p__Firmicutes; c__Bacilli; o__Lactobacillales; f__Aerococcaceae; g__Aerosphaera	0.7193590492881522
4c00b5fd8879d7b4066044dd3871c8df	d__Bacteria; p__Proteobacteria; c__Gammaproteobacteria; o__Pseudomonadales; f__Pseudomonadaceae; g__Pseudomonas	0.8954104202018817
eb8f3a54bc4dc6ae4ad65391f4352212	d__Bacteria; p__Actinobacteriota; c__Thermoleophilia; o__Gaiellales; f__Gaiellaceae; g__Gaiella; s__uncultured_actinobacterium	0.8224528905800389
a385b60319286c459c9a83b57786b53d	d__Bacteria; p__Firmicutes; c__Bacilli; o__Lactobacillales; f__Lactobacillaceae; g__Lactobacillus	0.9962205768314882
87764ea25b44268ee4d4c6eac54af39d	d__Bacteria; p__Proteobacteria; c__Alphaproteobacteria; o__Rhizobiales; f__Xanthobacteraceae; g__Xanthobacter	0.9431580345183039
b40a289fc5a8cb9580ec06c2b851ec99	d__Bacteria; p__Firmicutes; c__Clostridia; o__Peptostreptococcales-Tissierellales; f__Peptostreptococcales-Tissierellales; g__Murdochiella; s__Murdochiella_vaginalis	0.9582064547024911
d048c270610f9ad6cec88ea42d745a8e	d__Bacteria; p__Firmicutes; c__Bacilli; o__Lactobacillales; f__Streptococcaceae; g__Lactococcus	0.9999974381648837
2c9004e3160b4255d9b53da307c99732	d__Bacteria; p__Actinobacteriota; c__Actinobacteria; o__Corynebacteriales; f__Corynebacteriaceae; g__Corynebacterium; s__Corynebacterium_tuberculostearicum	0.7112028130993123
08a051e38a105731b034d2a0ef31c489	d__Bacteria; p__Proteobacteria; c__Alphaproteobacteria; o__Rhizobiales; f__Beijerinckiaceae; g__Microvirga	0.9995208415938517
58ee2b0da0bfa8501b79f1461de343cd	d__Bacteria; p__Actinobacteriota; c__Actinobacteria; o__Propionibacteriales; f__Propionibacteriaceae; g__Cutibacterium	0.999720915197691
c53882d8f3cf2015b46a2375122e666e	d__Bacteria; p__Bacteroidota; c__Bacteroidia; o__Bacteroidales; f__Tannerellaceae; g__Tannerella; s__Tannerella_forsythia	0.8955724971768044
9c733417af1f2e551d37cc99a000a58b	d__Bacteria; p__Actinobacteriota; c__Actinobacteria; o__Propionibacteriales; f__Propionibacteriaceae; g__Cutibacterium; s__Cutibacterium_granulosum	0.9938506190118862
8cb3a080ec56c3a9fa9aa58cf1f00d7c	d__Bacteria; p__Cyanobacteria; c__Cyanobacteriia; o__Chloroplast; f__Chloroplast; g__Chloroplast; s__Attheya_septentrionalis	0.806411483637989
4d6bfcbbb3fb0a5c42cc08974f8214f8	d__Bacteria; p__Actinobacteriota; c__Actinobacteria; o__Frankiales; f__Geodermatophilaceae; g__Modestobacter	0.998174220981642
8c6b89fdd3f615c2a4e307a60987e366	d__Bacteria; p__Bacteroidota; c__Bacteroidia; o__Flavobacteriales; f__Flavobacteriaceae; g__Flavobacterium; s__bacterium_DOAN6/4	0.7316200851285496
81e941ea609cf53eb344b92c1411ffdd	d__Bacteria; p__Firmicutes; c__Bacilli; o__Staphylococcales; f__Staphylococcaceae; g__Staphylococcus	0.9999855174270307
3fa251ccb95f888ada3b8d0ec4dfd53a	d__Bacteria; p__Proteobacteria; c__Gammaproteobacteria; o__Pseudomonadales; f__Pseudomonadaceae; g__Pseudomonas	0.9997077263812993
464d4e66c5afd0b3ef0ebde7f21275f7	d__Bacteria; p__Firmicutes; c__Bacilli; o__Lactobacillales; f__Aerococcaceae; g__Aerosphaera	0.7168053556570807
7f874325c67c205aca586a44fd5a8b25	d__Bacteria; p__Proteobacteria; c__Alphaproteobacteria; o__Sphingomonadales; f__Sphingomonadaceae	0.9992656781896831
5064c11acd08e1b27fcb51460536573b	d__Bacteria; p__Actinobacteriota; c__Actinobacteria; o__Micrococcales; f__Microbacteriaceae	0.9999856687260107
5809fca734ef1ab3be870d786dc2dc48	d__Bacteria; p__Acidobacteriota; c__Vicinamibacteria; o__Vicinamibacterales; f__Vicinamibacteraceae; g__Vicinamibacteraceae	0.999889739943936
1a4febfbca579c6a51177ea2a788be3a	d__Bacteria; p__Firmicutes; c__Bacilli; o__Staphylococcales; f__Staphylococcaceae; g__Staphylococcus	0.9999831985613628
585575c69ef1a12195beee3ed3cdd08c	d__Bacteria; p__Fusobacteriota; c__Fusobacteriia; o__Fusobacteriales; f__Leptotrichiaceae; g__Hypnocyclicus; s__uncultured_bacterium	0.9999731160296347
ec45c15bb715cb2ae662ac9ea77e58ff	d__Bacteria; p__Firmicutes; c__Clostridia; o__Peptostreptococcales-Tissierellales; f__Peptostreptococcaceae; g__Romboutsia	0.9701578908952527
347ef55211389c71ce51e7675f3cdaf6	d__Bacteria; p__Firmicutes; c__Bacilli; o__Lactobacillales; f__Streptococcaceae; g__Streptococcus	0.9999793982458005
908f62aca7d3ca05d43f33bdfa7a88e9	d__Bacteria; p__Actinobacteriota; c__Actinobacteria; o__Micrococcales; f__Cellulomonadaceae; g__Cellulomonas	0.9854536863127934
a0a1bb536925601b5765e5644a2ff540	d__Bacteria; p__Actinobacteriota; c__Actinobacteria; o__Micrococcales; f__Microbacteriaceae; g__Curtobacterium	0.7345797658498561
f3b1097afa6710d5f6e69e0266122084	d__Bacteria; p__Bacteroidota; c__Bacteroidia; o__Sphingobacteriales; f__Sphingobacteriaceae; g__Sphingobacterium	0.9999999991056869
9c43ed547f743e8319a7c2e6d4dc6fcf	d__Bacteria; p__Myxococcota; c__bacteriap25; o__bacteriap25; f__bacteriap25; g__bacteriap25; s__Deltaproteobacteria_bacterium	0.8727267116350678
0e82b721b41978894d4f287d6c5a69a5	d__Bacteria; p__Proteobacteria; c__Alphaproteobacteria; o__Rhizobiales; f__Methylopilaceae; g__Methylopila	0.7964583538497749
9a936f0a9c902cfbd2a9b214af9f61af	d__Bacteria; p__Proteobacteria; c__Gammaproteobacteria; o__Enterobacterales; f__Enterobacteriaceae	0.9582285838522794
42f1add20aceb3efe2f7324ec25e7907	d__Eukaryota; p__Basidiomycota; c__Agaricomycetes; o__Polyporales; f__Coriolaceae; g__Rigidoporus; s__Rigidoporus_corticola	0.9128068273626581
0b08368bb2b9d3fd83a73a804a4f752d	d__Bacteria	0.9994439485511027
98774741cdb1c79e20b948c87df0a788	d__Bacteria; p__Bacteroidota; c__Bacteroidia; o__Chitinophagales; f__Chitinophagaceae; g__Flavisolibacter	0.9148125366933413
9042b926e640f6b1ccfb6c107f3d535d	d__Bacteria; p__Firmicutes; c__Bacilli; o__Bacillales; f__Bacillaceae; g__Bacillus	0.9993093358926877
66f46bbdf72150d1e04339f6b025ea9a	d__Bacteria; p__Myxococcota; c__Myxococcia; o__Myxococcales; f__Myxococcaceae; g__P3OB-42	0.9776381714936007
f346949a35f0b6d990c993fc13f86291	d__Bacteria; p__Actinobacteriota; c__Actinobacteria; o__Frankiales; f__Geodermatophilaceae; g__Blastococcus; s__uncultured_bacterium	0.7676884727451689
532daa1c5a5600c45c6937d2b261c3e6	d__Bacteria; p__Proteobacteria; c__Gammaproteobacteria; o__Pasteurellales; f__Pasteurellaceae; g__Haemophilus	0.8761734492319653
51a21ac08a3eb2b3dc7d1731f0a45b48	d__Bacteria; p__Proteobacteria; c__Alphaproteobacteria; o__Rhizobiales; f__Rhizobiaceae; g__Mesorhizobium	0.9633854578913261
2df5da9db2394435dfbd36f9d1a09979	d__Bacteria; p__Actinobacteriota; c__Actinobacteria; o__Propionibacteriales; f__Nocardioidaceae; g__Nocardioides; s__Nocardioides_jensenii	0.9688921995555883
8980614dd6478edd37c8b524c67e9c46	d__Bacteria; p__Bacteroidota; c__Bacteroidia; o__Bacteroidales; f__Tannerellaceae; g__Parabacteroides; s__Gryllus_firmus	0.8124875764451723
d122191c85ed0967f636464cb64baae7	d__Bacteria; p__Proteobacteria; c__Alphaproteobacteria; o__Sphingomonadales; f__Sphingomonadaceae; g__Sphingobium	0.9993874374207283
d138526bbca24410797b317bfd93e94a	d__Bacteria; p__Proteobacteria; c__Gammaproteobacteria; o__Enterobacterales; f__Enterobacteriaceae	0.9566170293759076
54f6bad667d7238f0dab8e05bb058848	d__Bacteria; p__Proteobacteria; c__Gammaproteobacteria; o__Pseudomonadales; f__Moraxellaceae; g__Psychrobacter	0.9999989374391997
4202e36b0c6b3ead5902b3347f688046	d__Eukaryota; p__Vertebrata; c__Mammalia; o__Mammalia; f__Mammalia; g__Mammalia	0.9999644151440957
822e9603fb22b0459de935f2fb14b51d	d__Bacteria; p__Bacteroidota; c__Bacteroidia; o__Flavobacteriales; f__Flavobacteriaceae; g__Marixanthomonas; s__Marinirhabdus_gelatinilytica	0.9974300735653585
54b826ff43a57be6f80146f8f32fd2e8	d__Bacteria; p__Bacteroidota; c__Bacteroidia; o__Flavobacteriales; f__Flavobacteriaceae; g__Capnocytophaga	0.9999999999775392
df609840bbdbe5ad82dd7a4742d7ebb4	d__Bacteria; p__Bacteroidota; c__Bacteroidia; o__Bacteroidales; f__Porphyromonadaceae; g__Porphyromonas	0.9999999943212098
fb536e42bfc1911308b6ea87fe5bfed2	d__Eukaryota; p__Basidiomycota; c__Tremellomycetes; o__Tremellales; f__Bulleribasidiaceae; g__Vishniacozyma	0.9998801562576547
021862660eedad5deb220488ff72f38c	d__Bacteria; p__Proteobacteria; c__Alphaproteobacteria; o__Azospirillales; f__Azospirillaceae; g__Skermanella	0.9998445268107845
0535a4a78026548723acc9c81942fcb0	d__Bacteria; p__Actinobacteriota; c__Actinobacteria; o__Corynebacteriales; f__Corynebacteriaceae; g__Corynebacterium	0.9965723789913171
ed990b1b798c76c4e35ca9a8923fc5c7	d__Bacteria; p__Firmicutes; c__Negativicutes; o__Acidaminococcales; f__Acidaminococcaceae; g__Acidaminococcus	0.9997831904505665
fc20fd475f65ec5d19b02a0446694c58	d__Bacteria; p__Actinobacteriota; c__Actinobacteria; o__Actinomycetales; f__Actinomycetaceae; g__Actinomyces	0.9999999625241541
afb115ebd3024412eb6035282fd2e739	d__Bacteria; p__Proteobacteria; c__Gammaproteobacteria; o__Burkholderiales; f__Neisseriaceae; g__Neisseria; s__Neisseria_bacilliformis	0.982005704548616
9b7a393f3fd91084747bb638d52a0ac0	d__Bacteria; p__Firmicutes; c__Negativicutes; o__Veillonellales-Selenomonadales; f__Veillonellaceae; g__Dialister; s__Dialister_pneumosintes	0.9693794240558141
58b25d29af4853bffa4323030bcee743	d__Bacteria; p__Firmicutes; c__Bacilli; o__Lactobacillales; f__Streptococcaceae; g__Streptococcus; s__Streptococcus_rupicaprae	0.8880356599220979
7abb04897aaccc9a17d9aa1eaf001f1b	d__Bacteria; p__Actinobacteriota; c__Thermoleophilia; o__Solirubrobacterales; f__Solirubrobacteraceae; g__Conexibacter; s__metagenome	0.9199225664094983
24d10c665388dfcabe07c72dd6911a63	d__Bacteria; p__Spirochaetota; c__Spirochaetia; o__Spirochaetales; f__Spirochaetaceae; g__Treponema; s__Treponema_medium	0.9609207520937072
8a9731d6ed00336152b0de9f17da634a	d__Bacteria; p__Actinobacteriota; c__Actinobacteria; o__Propionibacteriales; f__Propionibacteriaceae; g__Cutibacterium	0.9996232828664563
6f071fc214a46a37da9f0e53e8941865	d__Bacteria; p__Actinobacteriota; c__Actinobacteria; o__Propionibacteriales; f__Propionibacteriaceae; g__Cutibacterium	0.9998022089416255
a0d1fe99f5d055dce5d27028c8a68ac9	d__Eukaryota; p__Ascomycota; c__Saccharomycetes; o__Saccharomycetales; f__Debaryomycetaceae; g__Candida-Lodderomyces_clade	0.9810585650495539
9f9d29f3586563dca57f9f79b802bf26	d__Bacteria; p__Proteobacteria; c__Alphaproteobacteria; o__Caulobacterales; f__Caulobacteraceae; g__Asticcacaulis; s__Asticcacaulis_endophyticus	0.7473928833839846
92efeb5680f9d508b1b5eb68fefc863e	d__Bacteria; p__Proteobacteria; c__Gammaproteobacteria; o__Pseudomonadales; f__Moraxellaceae; g__Psychrobacter	0.9997802349187971
0372234d88226dc6f81f39d374e44f78	d__Bacteria; p__Actinobacteriota; c__Actinobacteria; o__Micrococcales; f__Microbacteriaceae; g__Curtobacterium	0.8001963378168914
138407649aed4a4185c8735df38a92d0	d__Bacteria; p__Proteobacteria; c__Alphaproteobacteria; o__Sphingomonadales; f__Sphingomonadaceae; g__Sphingomonas	0.9992245277630756
1dde66142e96717fe84b9ec6c685b7f0	d__Bacteria; p__Proteobacteria; c__Alphaproteobacteria; o__Sphingomonadales; f__Sphingomonadaceae; g__Croceicoccus; s__Croceicoccus_sp.	0.9217173929912571
9c763f95cf364467255b60a8f22cca14	d__Bacteria; p__Cyanobacteria; c__Cyanobacteriia; o__Chloroplast; f__Chloroplast; g__Chloroplast; s__uncultured_Cyanobacterium	0.9991066693952977
16fd1dca310c8cd183d7a59eff9b0055	d__Bacteria; p__Proteobacteria; c__Gammaproteobacteria; o__Pseudomonadales; f__Moraxellaceae; g__Acinetobacter	0.999866014801764
617a5f09273bf98e3038aa4d62366a9b	d__Bacteria; p__Proteobacteria; c__Gammaproteobacteria; o__Alteromonadales; f__Shewanellaceae; g__Shewanella	0.9999318077404229
7c11b821a336f8a4911bd7c7e1173a6b	d__Bacteria; p__Proteobacteria; c__Gammaproteobacteria; o__Pseudomonadales; f__Pseudomonadaceae; g__Pseudomonas	0.9994959423326437
c429a7824da159f795df5ccbbc54c329	d__Bacteria; p__Firmicutes; c__Clostridia; o__Lachnospirales; f__Lachnospiraceae; g__Lachnoclostridium; s__unidentified	0.9811290482461955
67ebf6d31f3bf0d5605a9668626d93b8	d__Bacteria; p__Proteobacteria; c__Gammaproteobacteria; o__Burkholderiales; f__Neisseriaceae; g__Neisseria	0.9994028875410224
587dbe98a99c5f3cc3bfdf26756e886e	d__Bacteria; p__Actinobacteriota; c__Actinobacteria; o__Micrococcales; f__Micrococcaceae; g__Micrococcus	0.9893168231546693
56c7a85a0d207ac6c66090a2e2893ea0	d__Bacteria; p__Actinobacteriota; c__Thermoleophilia; o__Solirubrobacterales; f__Solirubrobacteraceae; g__Solirubrobacter	0.9999292209295391
b9cf9f36a0fbfec96781c4aa858f5628	d__Bacteria; p__Cyanobacteria; c__Cyanobacteriia; o__Chloroplast; f__Chloroplast; g__Chloroplast; s__Myrmecia_israeliensis	0.99999799816446
c03d87bc1d96c7fbac5fd2bcc1c6136e	d__Bacteria; p__Actinobacteriota; c__Actinobacteria; o__Frankiales; f__Nakamurellaceae; g__Nakamurella	0.9996773194598645
5de48ba2d8034da9c55d860633a5db5c	d__Eukaryota; p__Basidiomycota; c__Malasseziomycetes; o__Malasseziales; f__Malasseziaceae; g__Malassezia; s__Malassezia_obtusa	0.9998887616584626
daaf0c1b260f52c18fa867f26bc84b0d	d__Bacteria; p__Proteobacteria; c__Gammaproteobacteria; o__Legionellales; f__Legionellaceae; g__Legionella; s__uncultured_bacterium	0.7672904621157068
ab70d6175a775700b4de335f546d44dd	d__Bacteria; p__Proteobacteria; c__Gammaproteobacteria; o__Pasteurellales; f__Pasteurellaceae; g__Haemophilus	0.9692006193993359
958fc0b0765c224dbccef977e4e8e1e9	d__Bacteria; p__Firmicutes; c__Bacilli; o__Bacillales; f__Planococcaceae; g__Kurthia	0.872127922754773
5dc6ed4de19d8fb55a341bec28105fd4	d__Bacteria; p__Proteobacteria; c__Gammaproteobacteria; o__Enterobacterales; f__Enterobacteriaceae	0.9011670723145331
e86ad60f9d310edc9983744e31b4a16e	d__Bacteria; p__Actinobacteriota; c__Actinobacteria; o__Frankiales; f__Nakamurellaceae; g__Nakamurella	0.9999047021631404
ab62cd64c7500230c809d11031534265	d__Bacteria; p__Deinococcota; c__Deinococci; o__Deinococcales; f__Deinococcaceae; g__Deinococcus	0.9999999999963356
2d44b1d54358fd43ac9225ba6c9457db	d__Bacteria; p__Actinobacteriota; c__Actinobacteria; o__Micrococcales; f__Micrococcaceae; g__Arthrobacter	0.9096570874113867
60c440a6dbb86979698459bc7ef24ee4	d__Bacteria; p__Fusobacteriota; c__Fusobacteriia; o__Fusobacteriales; f__Leptotrichiaceae; g__Leptotrichia; s__uncultured_bacterium	0.9889186667097789
b37920e72c6718913bdd2c126e2da193	d__Bacteria; p__Firmicutes; c__Bacilli; o__Lactobacillales; f__Streptococcaceae; g__Streptococcus	0.9999842624387985
aa973e28fd9dafa051e4a1c7637941cd	d__Bacteria; p__Bacteroidota; c__Bacteroidia; o__Bacteroidales; f__Porphyromonadaceae; g__Porphyromonas; s__uncultured_bacterium	0.7427850727190216
e56c7dfb2eaf45fd50ce6678f3d7470e	d__Bacteria; p__Proteobacteria; c__Alphaproteobacteria; o__Rickettsiales; f__Mitochondria; g__Mitochondria	0.9999999999516107
4c84cf11a558ad03cf75a93c6a7a99e0	d__Bacteria; p__Firmicutes; c__Clostridia; o__Lachnospirales; f__Lachnospiraceae; g__Anaerostipes	0.9999995064706292
c066e3cec09e56253818a93ca2c94d51	d__Bacteria; p__Actinobacteriota; c__Actinobacteria; o__Propionibacteriales; f__Propionibacteriaceae; g__Cutibacterium	0.9997771937365063
50304ac2f0445f11189935e87cbed08b	d__Bacteria; p__Firmicutes; c__Bacilli; o__Lactobacillales; f__Lactobacillaceae; g__Lactobacillus; s__Lactobacillus_coryniformis	0.9687411151631249
690923877d178377b3d3c85363bd6b05	d__Bacteria; p__Acidobacteriota; c__Acidobacteriae; o__Bryobacterales; f__Bryobacteraceae; g__Bryobacter	0.9996037562323055
de1c15c1ed81e4a30417b01af1c03211	d__Eukaryota; p__Vertebrata; c__Mammalia; o__Mammalia; f__Mammalia; g__Mammalia	0.9999989970309593
c8c2afb29ffe903bd0ac21eb05a988cf	d__Bacteria; p__Proteobacteria; c__Alphaproteobacteria; o__Rhodobacterales; f__Rhodobacteraceae	0.9999919327839282
d2af8269e5e105e706841e010c868d4f	d__Bacteria; p__Proteobacteria; c__Gammaproteobacteria; o__Xanthomonadales; f__Xanthomonadaceae; g__Xanthomonas	0.9975565048095777
3ca7e1efa1736435c69cbd216d7e90d1	d__Bacteria; p__Proteobacteria; c__Gammaproteobacteria; o__Burkholderiales; f__Comamonadaceae	0.9999982067068831
72374eb2cf55fb4213049a91c3ba82f3	d__Bacteria; p__Actinobacteriota; c__Actinobacteria; o__Micrococcales; f__Dermacoccaceae; g__Kytococcus	0.9972748703852023
edf6e77952e2f720cf1ad522f3f68525	d__Bacteria; p__Actinobacteriota; c__Actinobacteria; o__Propionibacteriales; f__Nocardioidaceae; g__Nocardioides	0.9999837558529207
23919d27902221dfcf6378f549b1e216	d__Bacteria; p__Bacteroidota; c__Bacteroidia; o__Bacteroidales; f__Rikenellaceae; g__Alistipes	0.9999999999994802
11d4ee11f65e1dd45d9c6b87cec910dc	d__Bacteria; p__Proteobacteria; c__Alphaproteobacteria; o__Sphingomonadales; f__Sphingomonadaceae; g__Sphingomonas	0.9561463926432131
aba7eac564bf144f02abbf6add25c585	d__Bacteria; p__Firmicutes; c__Bacilli; o__Lactobacillales; f__Streptococcaceae; g__Streptococcus	0.9995649430871789
c171c37aa24d995a414724b6da9a1f08	d__Eukaryota; p__Phragmoplastophyta; c__Embryophyta; o__Magnoliophyta; f__Magnoliophyta; g__Magnoliophyta; s__Cecropia_ficifolia	0.8647311500118984
6db2eb02d8490e17b4f02ec556da92f0	d__Bacteria; p__Firmicutes; c__Bacilli; o__Lactobacillales; f__Streptococcaceae; g__Streptococcus	0.9999997608703401
6e932cfd2181cc9b444188a0c49aefb8	d__Bacteria; p__Bacteroidota; c__Bacteroidia; o__Flavobacteriales; f__Flavobacteriaceae; g__Capnocytophaga; s__Capnocytophaga_canimorsus	0.7906217900476409
9366c6fbd11a8d62c9d166f9b055664c	d__Bacteria; p__Proteobacteria; c__Gammaproteobacteria; o__Aeromonadales; f__Aeromonadaceae; g__Aeromonas	0.9941223909012585
6a60f57e0cb26386ff29bbe70af7152e	d__Bacteria; p__Proteobacteria; c__Gammaproteobacteria; o__Pseudomonadales; f__Pseudomonadaceae; g__Pseudomonas	0.9993541192054693
4350607216bfb0ba3aade4652675410d	d__Bacteria; p__Proteobacteria; c__Gammaproteobacteria; o__Pasteurellales; f__Pasteurellaceae; g__Haemophilus	0.9233939470310376
403899f5caf03eabfcc19786dc7f1941	d__Bacteria; p__Actinobacteriota; c__Actinobacteria; o__Glycomycetales; f__Glycomycetaceae; g__Glycomyces	0.9999964639450372
83528b3545ef1e2c77e58c233e3e6ade	d__Bacteria; p__Firmicutes; c__Clostridia; o__Lachnospirales; f__Lachnospiraceae; g__Catonella; s__uncultured_bacterium	0.9523533931262054
88a1db61653213d851aac0c430fa3d2f	d__Bacteria; p__Proteobacteria; c__Gammaproteobacteria; o__Xanthomonadales; f__Xanthomonadaceae; g__Luteimonas	0.977939839993745
bb0fe66d75f319a98bbb66df6aca46c9	d__Bacteria; p__Firmicutes; c__Bacilli; o__Lactobacillales; f__Streptococcaceae; g__Streptococcus	0.9996500798303269
d3228744eef93d69acb9df1e6cf68156	d__Bacteria; p__Proteobacteria; c__Gammaproteobacteria; o__Burkholderiales; f__Oxalobacteraceae; g__Massilia	0.9999574823898782
30229d3ba88a37067ac6cbefb5bbd090	d__Bacteria; p__Actinobacteriota; c__Actinobacteria; o__Streptomycetales; f__Streptomycetaceae; g__Streptomyces	0.9999344266367668
401267b5dbcde9da018476fafa929065	d__Bacteria; p__Campilobacterota; c__Campylobacteria; o__Campylobacterales; f__Campylobacteraceae; g__Campylobacter; s__Campylobacter_ureolyticus	0.9971112827668145
7bd7f9c2c0bf5ff4d72880e8dafe5027	d__Bacteria; p__Proteobacteria; c__Gammaproteobacteria; o__Burkholderiales; f__Comamonadaceae; g__Aquabacterium; s__uncultured_Burkholderiales	0.7165645705476564
525c7c2a53f95f39b8cdda4e1f9a9186	d__Bacteria; p__Firmicutes; c__Bacilli; o__Staphylococcales; f__Staphylococcaceae; g__Staphylococcus	0.9999850549473369
92698b0f3b4aa063730f4a6b5e3e2792	d__Bacteria; p__Cyanobacteria; c__Cyanobacteriia; o__Chloroplast; f__Chloroplast; g__Chloroplast	0.9999999999998593
bb635037b1a6b965989889d220eada10	d__Bacteria; p__Firmicutes; c__Bacilli; o__Lactobacillales; f__Streptococcaceae; g__Streptococcus	0.9999904432636026
bf07fb75fe7e1d0bbb0153e48ef36aa1	d__Bacteria; p__Actinobacteriota; c__Actinobacteria; o__Actinomycetales; f__Actinomycetaceae; g__Actinomyces; s__Schaalia_odontolytica	0.8310326804719561
fbcc09725f763b5dc6683e4fab261e97	d__Bacteria; p__Bacteroidota; c__Bacteroidia; o__Bacteroidales; f__Prevotellaceae; g__Alloprevotella; s__uncultured_Bacteroidales	0.9760710668927937
c37cb09c5844037b6279b87588fefacb	d__Bacteria; p__Proteobacteria; c__Gammaproteobacteria; o__Burkholderiales; f__Burkholderiaceae; g__Cupriavidus	0.9999665781501497
9617a0fa284bb77c3ed0b4cbea9fd23f	d__Bacteria; p__Firmicutes; c__Bacilli; o__Staphylococcales; f__Staphylococcaceae; g__Staphylococcus	0.9999878541264556
c66adbd0abb908698ae59f7271c23898	d__Bacteria; p__Actinobacteriota; c__Thermoleophilia; o__Solirubrobacterales; f__67-14; g__67-14; s__uncultured_bacterium	0.8112956180267962
5c8ffaa20c59ec3c707541d93d5e67e8	d__Bacteria; p__Proteobacteria; c__Gammaproteobacteria; o__Steroidobacterales; f__Steroidobacteraceae; g__Steroidobacter; s__uncultured_bacterium	0.8441600909049863
2b87dc9c91a44810325320b170601a3e	d__Bacteria; p__Actinobacteriota; c__Actinobacteria; o__Micrococcales; f__Microbacteriaceae	0.9999324738360712
991d15594264e418edaadafe9d139769	d__Bacteria; p__Chloroflexi; c__Chloroflexia; o__Kallotenuales; f__AKIW781; g__AKIW781; s__uncultured_bacterium	0.9993758037489479
c6273faa41b625bb6cdc6200ee3a401d	d__Bacteria; p__Cyanobacteria; c__Cyanobacteriia; o__Chloroplast; f__Chloroplast; g__Chloroplast	0.9999999999999785
1042e3ae1bb477a74349a609388208de	d__Bacteria; p__Proteobacteria; c__Alphaproteobacteria; o__Rhodobacterales; f__Rhodobacteraceae; g__Rubellimicrobium; s__uncultured_bacterium	0.8777874486493839
7549a09d64d0c855e67798a7730d439e	d__Bacteria; p__Actinobacteriota; c__Actinobacteria; o__Propionibacteriales; f__Propionibacteriaceae; g__Marinilutecoccus; s__Propionibacteriaceae_bacterium	0.7302408281435429
d1ae60b39cc744e731f70ad76608ab4e	d__Bacteria; p__Firmicutes; c__Bacilli; o__Staphylococcales; f__Staphylococcaceae; g__Staphylococcus	0.9994200804654519
bd6ab6cb8a05c96dcef6bd7b3b1c7387	d__Bacteria; p__Actinobacteriota; c__Actinobacteria; o__Corynebacteriales; f__Corynebacteriaceae; g__Corynebacterium	0.9995437232889913
80949ca0b389418e461aad752fe8de67	d__Bacteria; p__Proteobacteria; c__Alphaproteobacteria; o__Sphingomonadales; f__Sphingomonadaceae; g__Sphingopyxis	0.9982850741549644
d99a94ad18c1b30879a5ce8eb46a95cf	d__Bacteria; p__Firmicutes; c__Negativicutes; o__Veillonellales-Selenomonadales; f__Selenomonadaceae	0.9999999958987302
58752cddc906fc120c9d1088375be4a1	d__Bacteria; p__Bacteroidota; c__Bacteroidia; o__Flavobacteriales; f__Flavobacteriaceae; g__Capnocytophaga; s__Capnocytophaga_leadbetteri	0.8927649380385876
beabf72fd054e5b9bbaf15999f830f30	d__Bacteria; p__Firmicutes; c__Bacilli; o__Lactobacillales; f__Streptococcaceae; g__Streptococcus	0.999973270648492
c1140167a9f56be3500652d53e218d20	d__Bacteria; p__Firmicutes; c__Negativicutes; o__Veillonellales-Selenomonadales; f__Selenomonadaceae	0.9999999979395053
8aea3b9c2984ada322f426089952fc16	d__Bacteria; p__Bacteroidota; c__Bacteroidia; o__Flavobacteriales; f__Flavobacteriaceae; g__Flavobacterium; s__Flavobacterium_ummariense	0.9260814133152294
837cf69aad20afbec963d8a35c19fe08	d__Bacteria; p__Bacteroidota; c__Bacteroidia; o__Chitinophagales; f__Chitinophagaceae; g__Cnuella	0.9999147652005599
2b648441c29a2fe706cf335a7093b078	d__Bacteria; p__Bacteroidota; c__Bacteroidia; o__Bacteroidales; f__Prevotellaceae; g__Prevotella; s__Prevotella_nanceiensis	0.995317290245426
1fb1adda4787aac776dbd9ae827fb813	d__Bacteria; p__Firmicutes; c__Bacilli; o__Lactobacillales; f__Streptococcaceae; g__Streptococcus	0.9999997084646104
788fd3c6d3e7ac0292e93709d3cb87a8	d__Bacteria; p__Firmicutes; c__Bacilli; o__Staphylococcales; f__Staphylococcaceae; g__Staphylococcus	0.999986569634648
ad6826c549311a0a090c8715d8b9a070	d__Bacteria; p__Bacteroidota; c__Bacteroidia; o__Bacteroidales; f__Tannerellaceae; g__Tannerella; s__Tannerella_forsythia	0.9619032240918653
35bb12c6083cb3c133b5fde2304b76d7	d__Bacteria; p__Myxococcota; c__bacteriap25; o__bacteriap25; f__bacteriap25; g__bacteriap25; s__uncultured_soil	0.7313713583471131
26c3513dc35fdc422628dec25f13b1f5	d__Bacteria; p__Proteobacteria; c__Gammaproteobacteria; o__Pasteurellales; f__Pasteurellaceae; g__Frederiksenia; s__Pasteurellaceae	0.730137028920074
0e927d635dffe798f3b8bc57e7b2867b	d__Eukaryota; p__Basidiomycota; c__Agaricomycetes; o__Polyporales	0.9801688071076852
ac7193aa9d6bf72e0014cf636d997e0c	d__Eukaryota; p__Basidiomycota; c__Microbotryomycetes; o__Sporidiobolales; f__Sporidiobolaceae; g__Sporidiobolus; s__Sporidiobolus_pararoseus	0.995931948665401
a9421a4342eb5794e7a04e55ad9a492b	d__Bacteria; p__Proteobacteria; c__Gammaproteobacteria; o__Xanthomonadales; f__Xanthomonadaceae; g__Stenotrophomonas	0.9999839062612145
b7b1a71a483feec6ce9a5d6c379438be	d__Bacteria; p__Firmicutes; c__Negativicutes; o__Acidaminococcales; f__Acidaminococcaceae; g__Phascolarctobacterium; s__Phascolarctobacterium_faecium	0.7679831087054543
ed27adaad39b50a5fac46d597e0873a6	d__Bacteria; p__Firmicutes; c__Bacilli; o__Lactobacillales; f__Lactobacillaceae; g__Lactobacillus; s__Lactobacillus_fermentum	0.9251629574284365
782a7eb8e555d300fe76185698db4125	d__Bacteria; p__Actinobacteriota; c__Actinobacteria; o__Propionibacteriales; f__Nocardioidaceae; g__Marmoricola	0.9990341778407881
2b8842ca5eb680685d335f9650191747	d__Bacteria; p__Actinobacteriota; c__Actinobacteria; o__Micrococcales; f__Microbacteriaceae	0.9909090397738113
c236cd85707d423a9d05bc2bb23c754c	d__Bacteria; p__Firmicutes; c__Bacilli; o__Staphylococcales; f__Staphylococcaceae; g__Staphylococcus	0.9999874091478509
7137999e0651ab088d91b6a96aeed187	d__Bacteria; p__Proteobacteria; c__Gammaproteobacteria; o__Burkholderiales; f__Comamonadaceae; g__Aquabacterium	0.9784655150875987
5d3f7d2557d15e3bb9cca74dde92e266	d__Bacteria; p__Firmicutes; c__Clostridia; o__Peptostreptococcales-Tissierellales; f__Peptostreptococcales-Tissierellales; g__Fenollaria	0.9999999997970062
132389ece083fe75569f37e054b3ffcc	d__Bacteria; p__Actinobacteriota; c__Actinobacteria; o__Micrococcales; f__Micrococcaceae; g__Glutamicibacter	0.8022903081812707
d06f75980a6ccae5abfce323c42810a7	d__Eukaryota; p__Vertebrata; c__Mammalia; o__Mammalia; f__Mammalia; g__Mammalia	0.9999977221345145
30eeaf524a781db4429491c5a9aa4f26	d__Bacteria; p__Bacteroidota; c__Bacteroidia; o__Cytophagales; f__Spirosomaceae; g__Dyadobacter; s__Dyadobacter_fermentans	0.8047583986077588
344f1fd6a8b4d79746800a70fcfa6db9	d__Bacteria; p__Firmicutes; c__Bacilli; o__Bacillales; f__Bacillaceae; g__Bacillus	0.9992853128770316
c490f4defcec4cb13273a62d407a9cb9	d__Bacteria; p__Proteobacteria; c__Alphaproteobacteria; o__Rhizobiales; f__Xanthobacteraceae	0.9995607978725662
18738e4cdbad6f3833a67a81a4ed9e58	d__Bacteria; p__Planctomycetota; c__Phycisphaerae; o__Phycisphaerales; f__Phycisphaeraceae; g__CL500-3; s__uncultured_bacterium	0.999963216444267
43876b6a9c7e16989dc828a204d29f83	d__Bacteria; p__Proteobacteria; c__Alphaproteobacteria; o__Rhizobiales; f__Xanthobacteraceae	0.9999996580575738
f5427e16b3a7becd75b93eac4ab18c6b	d__Bacteria; p__Proteobacteria; c__Alphaproteobacteria; o__Sphingomonadales; f__Sphingomonadaceae; g__Novosphingobium	0.999797078550291
9b8e47fc2e3c180651f7e0ed2263aa05	d__Bacteria; p__Bacteroidota; c__Bacteroidia; o__Chitinophagales; f__Saprospiraceae	0.9999998315864094
e5b5ccf934adc9d9f044f7d082a583c0	d__Bacteria; p__Firmicutes; c__Clostridia; o__Oscillospirales; f__[Eubacterium]_coprostanoligenes_group; g__[Eubacterium]_coprostanoligenes_group	0.9999984742446453
d564fed370c713f22c5b66f1d1050f2c	d__Eukaryota; p__Vertebrata; c__Mammalia; o__Mammalia; f__Mammalia; g__Mammalia; s__Homo_sapiens	0.7059627808233375
c62c22aee700f2d796915b10cb3e0927	d__Bacteria; p__Proteobacteria; c__Alphaproteobacteria; o__Rhizobiales; f__Devosiaceae; g__Devosia	0.9997538158195205
0b3aee92215fc09218dbf42f680d1cdf	d__Bacteria; p__Proteobacteria; c__Alphaproteobacteria; o__Rhizobiales; f__Rhizobiaceae; g__Aureimonas; s__Aureimonas_frigidaquae	0.9502430681583629
3b594502b300dbabd824261996fe08ec	d__Eukaryota; p__Ascomycota; c__Dothideomycetes	0.9076512110297248
0d8e51dd9a7d29220bc2117ced56c593	d__Bacteria; p__Actinobacteriota; c__Actinobacteria; o__Micrococcales; f__Micrococcaceae; g__Micrococcus	0.9950039660084032
0a5774e15a023e51707b3407fcb5937e	d__Eukaryota; p__Basidiomycota; c__Agaricomycetes; o__Russulales	0.7118941265556209
d79b7ae45f60438c08cf3c28d79c2878	d__Bacteria; p__Chloroflexi; c__Anaerolineae; o__Ardenticatenales; f__Ardenticatenaceae; g__uncultured; s__uncultured_Chloroflexus	0.9727738617915177
03f6d5ada57ba45ded26ea0a0b7c4c1e	d__Bacteria; p__Bacteroidota; c__Bacteroidia; o__Chitinophagales; f__Chitinophagaceae; g__Segetibacter	0.9960836644605325
bcb42d195ffbc864eb6a9b5fea5eac61	d__Bacteria; p__Firmicutes; c__Bacilli; o__Paenibacillales; f__Paenibacillaceae; g__Paenibacillus; s__Paenibacillus_hunanensis	0.868057886898849
893e1b3b28fc136987ddc38c6130fddb	d__Bacteria; p__Firmicutes; c__Clostridia; o__Peptostreptococcales-Tissierellales; f__Anaerovoracaceae; g__Mogibacterium; s__uncultured_Eubacteriaceae	0.9738009885385309
580b9b474db47dd60a0709506f670066	d__Bacteria; p__Bdellovibrionota; c__Oligoflexia; o__Oligoflexales; f__Oligoflexales; g__Oligoflexus	0.9999999999966998
dbd8eda09e92f1be5624a528413cc9c9	d__Bacteria; p__Proteobacteria; c__Alphaproteobacteria; o__Sphingomonadales; f__Sphingomonadaceae; g__Novosphingobium	0.9958277477047074
695201181527c89cb63b733600df9a4d	d__Bacteria; p__Proteobacteria; c__Alphaproteobacteria; o__Rhodobacterales; f__Rhodobacteraceae; g__Paracoccus	0.9975856659624307
e1988d25ea821e0853e6aaa453dfde60	d__Bacteria; p__Cyanobacteria; c__Cyanobacteriia; o__Chloroplast; f__Chloroplast; g__Chloroplast	0.9999999999998328
2c68119d69d5bea4b0b4fe2b58ba23cb	d__Bacteria; p__Proteobacteria; c__Gammaproteobacteria; o__Burkholderiales; f__Alcaligenaceae	0.999999997455393
0ddf8e32ec7d6294a635416567ec9c46	d__Bacteria; p__Actinobacteriota; c__Actinobacteria; o__Micrococcales; f__Intrasporangiaceae	0.9972426271947695
6a6bd72d4332f7c2a54017c4fbabc225	d__Bacteria; p__Proteobacteria; c__Gammaproteobacteria; o__Enterobacterales	0.9999999004653102
4355d3c0cec421e89e73fc2a09fd3501	d__Bacteria; p__Actinobacteriota; c__Actinobacteria; o__Propionibacteriales; f__Propionibacteriaceae; g__Cutibacterium	0.999770118268839
46480d71a53582f2c20d637a303bfa81	d__Bacteria; p__Actinobacteriota; c__Actinobacteria; o__Micrococcales; f__Microbacteriaceae; g__Curtobacterium	0.8077177422920421
4726360df412c33fe759e14746f2084b	d__Bacteria; p__Proteobacteria; c__Alphaproteobacteria; o__Sphingomonadales; f__Sphingomonadaceae; g__Altererythrobacter; s__Porphyrobacter_mercurialis	0.9998071111987665
b1085194ed6db1bdac6f65d6643c0b74	d__Eukaryota; p__Arthropoda; c__Arachnida; o__Acari; f__Acari; g__Acari; s__Caraboacarus_stammeri	0.873071559443267
06dc8be783580e8883739b84a572d640	d__Bacteria; p__Proteobacteria; c__Gammaproteobacteria; o__Pseudomonadales; f__Moraxellaceae; g__Moraxella; s__Moraxella_sp.	0.8817847219480373
93fa75b56ab8f43b4d5a306ada92d296	d__Bacteria; p__Actinobacteriota; c__Actinobacteria; o__Corynebacteriales; f__Corynebacteriaceae; g__Corynebacterium; s__Corynebacterium_tuberculostearicum	0.732652855765418
24b81ef1dd806add72a560e37f613360	d__Bacteria; p__Proteobacteria; c__Alphaproteobacteria	0.9999999856627487
1cba3385d68c7f666be4a04987f3ce4b	d__Bacteria; p__Bacteroidota; c__Bacteroidia; o__Cytophagales; f__Hymenobacteraceae; g__Hymenobacter; s__uncultured_bacterium	0.8798883588738269
7af2f5f838b38eb439ef11b7972edfaa	d__Bacteria; p__Proteobacteria; c__Gammaproteobacteria; o__Burkholderiales; f__Burkholderiaceae; g__Lautropia	0.9964996946102608
d552c7af3dc8eee05281d5341a378acb	d__Bacteria; p__Actinobacteriota; c__Actinobacteria; o__Micrococcales; f__Intrasporangiaceae; g__Ornithinimicrobium	0.9932239891315151
9b318caba1520547a7397aff1c29d62e	d__Eukaryota; p__Basidiomycota; c__Agaricomycetes; o__Agaricales; f__uncultured; g__uncultured; s__uncultured_eukaryote	0.7345924601632529
c8a2ef6dd44769e7eed5ecd8dc42c486	d__Bacteria; p__Firmicutes; c__Clostridia; o__Oscillospirales; f__Ruminococcaceae; g__Ruminococcus	0.9999997495891351
89689652571674b69da886a8fa32a57f	d__Bacteria; p__Bacteroidota; c__Bacteroidia; o__Sphingobacteriales; f__Sphingobacteriaceae; g__Sphingobacterium; s__Sphingobacterium_siyangense	0.7576270042351531
21d570f77d91ca0b815a69ad1a8bcdae	d__Bacteria; p__Proteobacteria; c__Gammaproteobacteria; o__Burkholderiales; f__Burkholderiaceae; g__Ralstonia	0.9933589345784648
ef36cafcc52e8038d15ee40f4b61dffb	d__Bacteria; p__Actinobacteriota; c__Thermoleophilia; o__Solirubrobacterales; f__67-14; g__67-14; s__uncultured_Rubrobacteria	0.9956923678409156
4ed60fcbf2ccf0a56343661c3b0f5df8	d__Bacteria; p__Chloroflexi; c__Anaerolineae; o__SBR1031; f__A4b; g__A4b; s__uncultured_bacterium	0.9826920382492557
a47a46c07cedb14d5ce652722073e061	d__Bacteria; p__Proteobacteria; c__Gammaproteobacteria; o__Burkholderiales; f__Comamonadaceae; g__Aquabacterium	0.9849778572694102
3b1d34e3e24b526243775bd7ce78d711	d__Bacteria; p__Actinobacteriota; c__Actinobacteria; o__Propionibacteriales; f__Propionibacteriaceae; g__Cutibacterium	0.9762594831036205
8aef9836e9588dff55bb190289b826d4	d__Bacteria; p__Proteobacteria; c__Alphaproteobacteria; o__Sphingomonadales; f__Sphingomonadaceae; g__Sphingomonas	0.8598364965672849
6bd44ba9c1181c86db194c182573c9e1	d__Eukaryota; p__Phragmoplastophyta; c__Embryophyta; o__Magnoliophyta; f__Magnoliophyta; g__Magnoliophyta; s__Caprifoliaceae_environmental	0.9286499400015531
b26acfcd477605a19d94a762282bf75f	d__Bacteria; p__Proteobacteria; c__Gammaproteobacteria; o__Pseudomonadales; f__Pseudomonadaceae; g__Pseudomonas	0.9196001876866585
fb634c9e8ee8621ec241bd7e7064e3d6	d__Bacteria; p__Bacteroidota; c__Bacteroidia; o__Bacteroidales; f__Porphyromonadaceae; g__Porphyromonas	0.999999991559379
5256baddfe1150259e36762ea5b3f964	d__Bacteria; p__Proteobacteria; c__Alphaproteobacteria; o__Sphingomonadales; f__Sphingomonadaceae	0.9992454705404796
2e753de281928b6d93cb88fa77646c3a	d__Bacteria; p__Proteobacteria; c__Gammaproteobacteria; o__Alteromonadales; f__Marinobacteraceae; g__Marinobacter	0.9999368849272972
9fd4676d136af3c6033ca76f8d65f854	d__Eukaryota; p__Vertebrata; c__Mammalia; o__Mammalia; f__Mammalia; g__Mammalia; s__Homo_sapiens	0.9170982441465637
005f78530e9bcfc536891865029ffea9	d__Bacteria; p__Proteobacteria; c__Gammaproteobacteria; o__Burkholderiales; f__Oxalobacteraceae; g__Massilia	0.9981869142830181
ee866845fd6241a5ad5e8366c1406a8d	d__Bacteria; p__Bacteroidota; c__Bacteroidia; o__Flavobacteriales; f__Flavobacteriaceae; g__Flavobacterium	0.9999943226468362
35cc0a91cb69910f48065091dff27161	d__Bacteria; p__Proteobacteria; c__Gammaproteobacteria; o__Pseudomonadales; f__Pseudomonadaceae; g__Pseudomonas	0.9232810418317248
396f23c49e9bb45f4675f7eabea1f5fa	d__Eukaryota; p__Phragmoplastophyta; c__Embryophyta; o__Magnoliophyta; f__Magnoliophyta; g__Magnoliophyta	0.9999997576530972
854de0e9cec2a29e3aa5135888e5aece	d__Bacteria; p__Actinobacteriota; c__Actinobacteria; o__Propionibacteriales; f__Propionibacteriaceae; g__Cutibacterium	0.9997918936029093
5ff409347a67a59d4938d4c324366cac	d__Bacteria; p__Actinobacteriota; c__Actinobacteria; o__Kineosporiales; f__Kineosporiaceae; g__Quadrisphaera; s__uncultured_bacterium	0.9881989580997403
87f50913022e45c687279db05c8b235d	d__Bacteria; p__Proteobacteria; c__Alphaproteobacteria; o__Rhizobiales; f__Rhizobiaceae; g__Aureimonas	0.7916913392781333
97c22bed7b8dbc2f0c6483c554fe0004	d__Bacteria; p__Firmicutes; c__Negativicutes; o__Veillonellales-Selenomonadales; f__Selenomonadaceae; g__Selenomonas; s__Veillonellaceae_bacterium	0.8323209248577204
e89f2e3682417e38a432a414121a9f4e	d__Bacteria; p__Bacteroidota; c__Bacteroidia; o__Bacteroidales; f__Prevotellaceae; g__Prevotella; s__Prevotella_oulorum	0.9925716067709323
9df4c97fec422379eddd33dcdcf86109	d__Bacteria; p__Actinobacteriota; c__Actinobacteria; o__Micrococcales; f__Micrococcaceae; g__Kocuria; s__Kocuria_marina	0.8666079212736231
9024fbcf1b36a6f95e5f4269f498d9ad	d__Bacteria; p__Proteobacteria; c__Gammaproteobacteria; o__Pseudomonadales; f__Pseudomonadaceae; g__Pseudomonas	0.9994114902781372
b7e10e13fc32e5f64a23e30bcb871860	d__Bacteria; p__Acidobacteriota; c__Thermoanaerobaculia; o__Thermoanaerobaculales; f__Thermoanaerobaculaceae; g__Subgroup_10	0.999992403289015
1b1e77e0b9003a49edd8636719d7441f	d__Bacteria; p__Proteobacteria; c__Gammaproteobacteria; o__Pseudomonadales; f__Pseudomonadaceae; g__Pseudomonas	0.9997529208800189
92649703d525bb963368f08f1d7a4b57	d__Bacteria; p__Proteobacteria; c__Alphaproteobacteria; o__Acetobacterales; f__Acetobacteraceae; g__Roseomonas; s__Roseomonas_genomospecies	0.9864625008341832
35f9424341429d37fdef46983b292329	d__Bacteria; p__Actinobacteriota; c__Actinobacteria; o__Corynebacteriales; f__Mycobacteriaceae; g__Mycobacterium	0.999999757114718
1756ff76f38b8075c10e33bfbb98a898	d__Eukaryota; p__Ascomycota; c__Eurotiomycetes; o__Eurotiales; f__Aspergillaceae; g__Aspergillus	0.990076453584666
f33962ccdbfd528e689b9b1e3eb33a63	d__Bacteria; p__Bacteroidota; c__Bacteroidia; o__Flavobacteriales; f__Flavobacteriaceae; g__Flavobacterium	0.9999397984323811
444ed2cc88c1682b6bc261ca21b95171	d__Bacteria; p__Firmicutes; c__Clostridia; o__Lachnospirales; f__Lachnospiraceae; g__Blautia	0.9942316350964113
e8c361f4e740abb7309fb89ca7ea6f20	d__Bacteria; p__Proteobacteria; c__Gammaproteobacteria; o__Burkholderiales; f__Burkholderiaceae; g__Ralstonia	0.9911221779621473
173838bf3db49b24324c5f830d32fd5c	d__Bacteria; p__Bacteroidota; c__Bacteroidia; o__Cytophagales; f__Hymenobacteraceae; g__Rufibacter; s__Rufibacter_sp.	0.9429488827565777
e1341402b5178b01e9bc63b489e337e6	d__Bacteria; p__Firmicutes; c__Clostridia; o__Peptostreptococcales-Tissierellales; f__Peptostreptococcales-Tissierellales; g__Anaerococcus	0.9999999999880036
2bb621ea6d0dcbdd1b5eef09f5528bc1	d__Bacteria; p__Proteobacteria; c__Gammaproteobacteria; o__Enterobacterales; f__Enterobacteriaceae	0.9852679137847298
a7ace203a60285b9cca90d9b2dd056e2	d__Bacteria; p__Actinobacteriota; c__Actinobacteria; o__Micrococcales; f__Microbacteriaceae; g__Curtobacterium	0.7653543130933655
0bfc1a2b0ecc16b1bc9ab9549f594fc3	d__Bacteria; p__Proteobacteria; c__Gammaproteobacteria; o__Burkholderiales; f__Neisseriaceae; g__Neisseria	0.9995305533318483
e1512e70eb265a5d4807de848fff9229	d__Bacteria; p__Proteobacteria; c__Gammaproteobacteria; o__Orbales; f__Orbaceae; g__Gilliamella	0.9932475206823159
ac0d4fa41e445f3171cc8585a58ea2c8	d__Eukaryota; p__Ascomycota; c__Dothideomycetes; o__Pleosporales	0.9977894722784687
9798356664c86c868a5105466e473b5f	d__Eukaryota; p__Basidiomycota; c__Cystobasidiomycetes; o__Cystobasidiales; f__Cystobasidiaceae; g__Cystobasidium	0.8644428078033399
79458036a335aa215ce561076a56903d	d__Bacteria; p__Chloroflexi; c__Anaerolineae; o__Anaerolineales; f__Anaerolineaceae; g__Anaerolinea; s__Thermobaculum_sp.	0.9999935124753114
bc0e1e887d0a871a338fb211bf2940f3	d__Bacteria; p__Actinobacteriota; c__Actinobacteria; o__Micrococcales; f__Bogoriellaceae; g__Georgenia	0.9980984180139959
fe58d25dc542351281bb545ef4212be7	d__Bacteria; p__Firmicutes; c__Bacilli; o__Lactobacillales; f__Streptococcaceae; g__Streptococcus	0.9999991667450717
43b8eb36bec2b1be5a2b52e302a4943b	d__Bacteria; p__Proteobacteria; c__Gammaproteobacteria; o__Enterobacterales; f__Enterobacteriaceae	0.958675894485318
1bf3647dab3efa7899350c9239a3f51f	d__Bacteria; p__Fusobacteriota; c__Fusobacteriia; o__Fusobacteriales; f__Leptotrichiaceae; g__Leptotrichia	0.9999999999996705
01dec00aeacec73e8e8218fda02ce335	d__Bacteria; p__Actinobacteriota; c__Actinobacteria; o__Propionibacteriales; f__Propionibacteriaceae; g__Cutibacterium	0.9998481500258107
9585b7334474b95d19a77235b6f436da	d__Bacteria; p__Proteobacteria; c__Alphaproteobacteria; o__Rhizobiales; f__Beijerinckiaceae; g__Methylobacterium-Methylorubrum	0.9951988358171162
3dc2495142388c67c6130800c253246b	d__Bacteria; p__Proteobacteria; c__Gammaproteobacteria; o__Cardiobacteriales; f__Cardiobacteriaceae; g__Cardiobacterium; s__Cardiobacterium_valvarum	0.9818673063765213
af3586f9b4eb5c00d6d59ddb4582c015	d__Bacteria; p__Firmicutes; c__Clostridia; o__Peptostreptococcales-Tissierellales; f__Peptostreptococcales-Tissierellales; g__Anaerococcus; s__Anaerococcus_mediterraneensis	0.728111808746418
6605b2091a3632a0e3fc193bc9f5b85a	d__Bacteria; p__Firmicutes; c__Clostridia; o__Peptostreptococcales-Tissierellales; f__Peptostreptococcales-Tissierellales; g__Anaerococcus; s__Anaerococcus_octavius	0.8374353720396956
a63d8a09621a3f400c32144f12d31cb5	d__Bacteria; p__Firmicutes; c__Clostridia; o__Clostridia_UCG-014; f__Clostridia_UCG-014; g__Clostridia_UCG-014	0.999997481193242
b6773677b7ef5af18eb04af2b47dcebd	d__Bacteria; p__Chloroflexi; c__Chloroflexia; o__Kallotenuales; f__AKIW781; g__AKIW781; s__uncultured_bacterium	0.8501470944381223
764da14b814a5f78030f5638402d234f	d__Bacteria; p__Actinobacteriota; c__Actinobacteria; o__Corynebacteriales; f__Dietziaceae; g__Dietzia	0.9996381990818043
f0d0a0ce9df2c4716d107f3f93be0223	d__Bacteria; p__Deinococcota; c__Deinococci; o__Deinococcales; f__Deinococcaceae; g__Deinococcus	0.9999999999999393
0636faac3a31ceb825f450c6d53b21b8	d__Bacteria; p__Firmicutes; c__Bacilli; o__Mycoplasmatales; f__Mycoplasmataceae; g__Mycoplasma; s__Mycoplasmoides_fastidiosum	0.9915374481914637
4a8420136e643d2dd84a10d07f7749c5	d__Bacteria; p__Actinobacteriota; c__Actinobacteria; o__Micrococcales; f__Micrococcaceae; g__Rothia	0.9994017695207709
867aa98798dbccf37b49aa56f2bce00c	d__Bacteria; p__Chloroflexi; c__KD4-96; o__KD4-96; f__KD4-96; g__KD4-96; s__uncultured_bacterium	0.9739329076161027
9829a4f73324fc69c76fb72a571d9960	d__Bacteria; p__Firmicutes; c__Bacilli; o__Lactobacillales; f__Streptococcaceae; g__Streptococcus	0.9995752685674489
3c60521b4bdb515bddb9674e7c0df9db	d__Bacteria; p__Firmicutes; c__Bacilli; o__Staphylococcales; f__Staphylococcaceae; g__Staphylococcus	0.9999870272903221
e36546d4caa62c30fd1a7a063ebc071f	d__Bacteria; p__Proteobacteria; c__Alphaproteobacteria; o__Rhizobiales; f__Rhizobiaceae; g__Allorhizobium-Neorhizobium-Pararhizobium-Rhizobium	0.9981867890021042
57a26d32fff5412b1f9f86420d273de5	d__Eukaryota; p__Phragmoplastophyta; c__Embryophyta; o__Magnoliophyta; f__Magnoliophyta; g__Magnoliophyta; s__Cucumis_sativus	0.7718556042674817
5f9b86d355f6b5b1c77e4c6d6af29ae6	d__Bacteria; p__Firmicutes; c__Clostridia; o__Peptostreptococcales-Tissierellales; f__Peptostreptococcales-Tissierellales; g__Anaerococcus; s__Anaerococcus_nagyae	0.7182710785173049
1d574f7b52517623900c4630c8c6fb97	d__Bacteria; p__Firmicutes; c__Bacilli; o__Lactobacillales; f__Streptococcaceae; g__Streptococcus	0.9999999046635705
cc00a56d657d2d68dce3e9a69d18053b	d__Bacteria; p__Bacteroidota; c__Bacteroidia; o__Bacteroidales; f__Prevotellaceae; g__Prevotella; s__Prevotella_salivae	0.999658684279486
a1f015bb7dfdb57fd140085675eebeec	d__Bacteria; p__Actinobacteriota; c__Actinobacteria; o__Propionibacteriales; f__Nocardioidaceae; g__Nocardioides	0.9998448169325289
3da5c184db19c0ee07d3a66402ab7f5a	d__Bacteria; p__Actinobacteriota; c__Actinobacteria; o__Pseudonocardiales; f__Pseudonocardiaceae; g__Pseudonocardia	0.9999496324098983
b5d289ad9cc3a7d46f7456e127a1b7f4	d__Bacteria; p__Proteobacteria; c__Gammaproteobacteria; o__Enterobacterales; f__Enterobacteriaceae	0.9556867143263578
fce0ae7440e8ab4b030483a7450e7345	d__Bacteria; p__Actinobacteriota; c__Actinobacteria; o__Propionibacteriales; f__Propionibacteriaceae; g__Cutibacterium	0.9997588864934296
01ad40588f2e48d5d90caff28eefb393	d__Bacteria; p__Proteobacteria; c__Gammaproteobacteria; o__Burkholderiales; f__Burkholderiaceae; g__Ralstonia	0.9925025402414483
7ea3e09dc6fdd7e6064d646b5d5b686e	d__Bacteria; p__Firmicutes; c__Bacilli; o__Bacillales; f__Bacillaceae; g__Bacillus	0.9775460950916672
d9d41c4c69bf05613043b58a02fb07f0	d__Bacteria; p__Firmicutes; c__Clostridia; o__Peptostreptococcales-Tissierellales; f__Anaerovoracaceae; g__uncultured; s__uncultured_bacterium	0.9626210261256576
696f6d41709ab7611f3a03536af5f7cd	d__Bacteria; p__Firmicutes; c__Bacilli; o__Bacillales; f__Planococcaceae	0.8633319641494386
2903c6bce7627c2dcd830ae0a59e6499	d__Bacteria; p__Actinobacteriota; c__Actinobacteria; o__Corynebacteriales; f__Corynebacteriaceae; g__Corynebacterium	0.999995906410708
d262ce4dd68fdb586290449f1be4bf50	d__Bacteria; p__Actinobacteriota; c__Actinobacteria; o__Micrococcales; f__Microbacteriaceae; g__Curtobacterium	0.7957088635954938
c1e1e70113e453ec4aa2f47354dc782d	d__Bacteria; p__Bacteroidota; c__Bacteroidia; o__Sphingobacteriales; f__Sphingobacteriaceae; g__Sphingobacterium; s__Sphingobacterium_griseoflavum	0.7808051759916925
87037303452bbd016c06ce9db0847af9	d__Eukaryota; p__Ascomycota; c__Dothideomycetes; o__Capnodiales	0.8644760095284615
9ddb0d099dc4bff8d9c330ae749abc96	d__Bacteria; p__Planctomycetota; c__Planctomycetes; o__Pirellulales; f__Pirellulaceae; g__Rubripirellula	0.9898036329166394
ce36174f1beca225b2322dd93228dcf4	d__Bacteria; p__Actinobacteriota; c__Actinobacteria; o__Micrococcales; f__Cellulomonadaceae; g__Actinotalea	0.757097576100266
ea8338491a887e152d1ba28a4a09cf3e	d__Bacteria; p__Firmicutes; c__Bacilli; o__Lactobacillales; f__Streptococcaceae; g__Streptococcus	0.9995043516615806
e9c6b072a28c390ffa92fb77ec667c8e	d__Bacteria; p__Firmicutes; c__Clostridia; o__Lachnospirales; f__Lachnospiraceae; g__[Eubacterium]_hallii_group	0.999998889511542
d710f1ccd4489ae2715fd518a6f7315f	d__Bacteria; p__Actinobacteriota; c__Actinobacteria; o__Actinomycetales; f__Actinomycetaceae; g__Actinomyces	0.9999999988077742
608b3630b100c9fcba2651d65b914cfd	d__Bacteria; p__Actinobacteriota; c__Actinobacteria; o__Corynebacteriales; f__Corynebacteriaceae; g__Corynebacterium	0.9762319364940051
f03545e7b98b25aa972281918929a974	d__Bacteria; p__Actinobacteriota; c__Actinobacteria; o__Propionibacteriales; f__Propionibacteriaceae; g__Cutibacterium	0.9997521974112507
c8214fce9863ff028b336c85c34f489a	d__Bacteria; p__Firmicutes; c__Bacilli; o__Staphylococcales; f__Staphylococcaceae; g__Staphylococcus	0.9999490852543301
2ba28b032118e36fa06583fa1944db93	d__Eukaryota; p__Ascomycota; c__Saccharomycetes; o__Saccharomycetales; f__Debaryomycetaceae; g__Candida-Lodderomyces_clade; s__Candida_parapsilosis	0.7319645017312136
64c82ae17a386c026eb18b837a78bcdf	d__Bacteria; p__Proteobacteria; c__Gammaproteobacteria; o__Pseudomonadales; f__Moraxellaceae; g__Acinetobacter	0.9999460162971749
d1ba247934a52cd2414ffea52fc49860	d__Bacteria; p__Firmicutes; c__Bacilli; o__Staphylococcales; f__Staphylococcaceae; g__Salinicoccus	0.7653722518737658
8309bffe3872867a78a8d7d8ab455c57	d__Bacteria; p__Proteobacteria; c__Gammaproteobacteria; o__Burkholderiales; f__Comamonadaceae	0.9999998340138995
9b056d37a5b97b80461a7eba4e4189f8	d__Bacteria; p__Proteobacteria; c__Gammaproteobacteria; o__Burkholderiales; f__Burkholderiaceae; g__Ralstonia	0.983125151967509
24a0078911e0dee16bdb2af943b5b0c4	d__Bacteria; p__Bacteroidota; c__Kapabacteria; o__Kapabacteriales; f__Kapabacteriales; g__Kapabacteriales; s__uncultured_bacterium	0.8271046444967222
eba03d34cf6fa8161a24591c20dbcc3b	d__Bacteria; p__Cyanobacteria; c__Cyanobacteriia; o__Chloroplast; f__Chloroplast; g__Chloroplast	0.9999999999954903
da7a058b81671ed771f8c831c971d906	d__Bacteria; p__Acidobacteriota; c__Blastocatellia; o__Pyrinomonadales; f__Pyrinomonadaceae; g__RB41; s__uncultured_bacterium	0.9941595381886326
f0ee2bb8c8c60f6026270b50ea7e6080	d__Bacteria; p__Firmicutes; c__Bacilli; o__Staphylococcales; f__Staphylococcaceae; g__Staphylococcus	0.9999924768776814
3cf1691bc729b63ab824508b1d467337	d__Eukaryota; p__Basidiomycota; c__Malasseziomycetes; o__Malasseziales; f__Malasseziaceae; g__Malassezia; s__Malassezia_globosa	0.8036978366739589
88cf5e25e6ca2b6a75eddc8d98494f76	d__Bacteria; p__Proteobacteria; c__Alphaproteobacteria; o__Sphingomonadales; f__Sphingomonadaceae; g__Sphingomonas	0.9992897817052818
0fdea039eb6112c99e25e0bbf18d2fb9	d__Bacteria; p__Actinobacteriota; c__Actinobacteria; o__Micrococcales; f__Micrococcaceae; g__Kocuria; s__Kocuria_palustris	0.7136027365591697
544f4a332c3a4f012a8b0f02c8e00aef	d__Bacteria; p__Bacteroidota; c__Bacteroidia; o__Bacteroidales; f__Prevotellaceae; g__Prevotella; s__Prevotella_timonensis	0.9999999985331982
bbe8ab45254e46091c00abd187200b34	d__Bacteria; p__Actinobacteriota; c__Actinobacteria; o__Corynebacteriales; f__Corynebacteriaceae; g__Corynebacterium; s__Corynebacterium_frankenforstense	0.9993442385495511
2ab69548236cc3d39fb74e19eadd336d	d__Bacteria; p__Bacteroidota; c__Bacteroidia; o__Bacteroidales; f__Prevotellaceae; g__Alloprevotella; s__unidentified	0.7317831133450714
cc4b71880fd10dab8cba36d4e0d6387c	d__Bacteria; p__Bacteroidota; c__Bacteroidia; o__Sphingobacteriales; f__Sphingobacteriaceae; g__Pedobacter	0.9702526641138554
1cb4e7286b0aa860c86e020677f52fd5	d__Bacteria; p__Actinobacteriota; c__Actinobacteria; o__Micrococcales; f__Microbacteriaceae; g__Curtobacterium	0.796252831407795
4f1e68e70eb420fafce161213865b0c4	d__Eukaryota; p__Ascomycota; c__Dothideomycetes; o__Pleosporales	0.9994094828180254
35c1aa5bd3feacb22aa9d2f16f552065	d__Bacteria; p__Firmicutes; c__Bacilli; o__Lactobacillales; f__Aerococcaceae; g__Abiotrophia; s__uncultured_bacterium	0.9596556104368199
5f00c1843117bf03f0ebb47431b43191	d__Bacteria; p__Actinobacteriota; c__Actinobacteria; o__Corynebacteriales; f__Corynebacteriaceae; g__Corynebacterium	0.9921645801388548
0ef7d4c24364a4d258a82709a5543232	d__Bacteria; p__Actinobacteriota; c__Actinobacteria; o__Corynebacteriales; f__Nocardiaceae; g__Nocardia	0.9999504757964873
57cb4d5d3f69be5204c51bddaa6e7832	d__Bacteria; p__Bacteroidota; c__Bacteroidia; o__Bacteroidales; f__Prevotellaceae; g__Prevotella; s__Prevotella_oralis	0.9999992459443946
9d8c759d290217820aa1a8bbf1681de5	d__Bacteria; p__Proteobacteria; c__Gammaproteobacteria; o__Enterobacterales; f__Enterobacteriaceae	0.8937111555757923
c60e014bc479f4d1120bc6919d025b8d	d__Bacteria; p__Proteobacteria; c__Alphaproteobacteria; o__Rhizobiales; f__Rhizobiaceae; g__Allorhizobium-Neorhizobium-Pararhizobium-Rhizobium	0.9676304336759732
b6b8b75b6d821991bad41d3be0c892c6	d__Bacteria; p__Proteobacteria; c__Gammaproteobacteria; o__Xanthomonadales; f__Xanthomonadaceae; g__Luteimonas; s__Luteimonas_marina	0.7689295461360993
d2e1d6f110f90433e096557c25ebb207	d__Eukaryota; p__Basidiomycota; c__Malasseziomycetes; o__Malasseziales; f__Malasseziaceae; g__Malassezia; s__Malassezia_pachydermatis	0.9999999202905517
4c34ed885671ee0767717183a13e30af	d__Bacteria; p__Actinobacteriota; c__Actinobacteria; o__Micrococcales; f__Micrococcaceae; g__Micrococcus	0.9960534587416895
36d1a41475d93f86864ce5febd77ddde	d__Bacteria; p__Proteobacteria; c__Alphaproteobacteria; o__Holosporales; f__Holosporaceae; g__uncultured	0.999910736947537
2bed4467d885dc62c790076549fc4fa9	d__Bacteria; p__Bacteroidota; c__Bacteroidia; o__Flavobacteriales; f__Flavobacteriaceae; g__Capnocytophaga; s__Capnocytophaga_ochracea	0.8878105914964766
91046ed5ada4768a7f2767dfb0d93bf8	d__Bacteria; p__Actinobacteriota; c__Actinobacteria; o__Streptomycetales; f__Streptomycetaceae; g__Streptomyces	0.9312411189850439
8104169a043a4e5d9517d6c8d8140346	d__Bacteria; p__Firmicutes; c__Bacilli; o__Staphylococcales; f__Staphylococcaceae; g__Staphylococcus	0.9999486569777519
371574498b78a3e75d9ce943e653ffb5	d__Bacteria; p__Proteobacteria; c__Gammaproteobacteria; o__Enterobacterales; f__Enterobacteriaceae	0.9013838865711964
e748ff1ba19363edaa85d16bdfa9ff08	d__Bacteria; p__Firmicutes; c__Bacilli; o__Lactobacillales; f__Lactobacillaceae; g__Lactobacillus; s__Lactobacillus_kunkeei	0.9623349550392281
cf1db0f73a393c911a06229b698abfec	d__Bacteria; p__Firmicutes; c__Bacilli; o__Bacillales; f__Bacillaceae; g__Bacillus	0.810949169297546
b676a112bc7ac47899ff12d78e2b7d4c	d__Bacteria; p__Proteobacteria; c__Gammaproteobacteria; o__Pseudomonadales; f__Moraxellaceae; g__Enhydrobacter	0.8404431995428252
de8a0c0d082f492e7d8405aa2e3656b3	d__Bacteria; p__Chloroflexi; c__Chloroflexia; o__Kallotenuales; f__AKIW781; g__AKIW781; s__uncultured_bacterium	0.9999103595947144
2fb85be7efc7b89b11667869a045549e	d__Bacteria; p__Actinobacteriota; c__Actinobacteria; o__Propionibacteriales; f__Nocardioidaceae; g__Aeromicrobium	0.998183160877182
fb68b1f7458543b03798fde7fb76f02f	d__Bacteria; p__Bacteroidota; c__Bacteroidia; o__Bacteroidales; f__Bacteroidales_Incertae_Sedis; g__Phocaeicola; s__Phocaeicola_abscessus	0.9999999999996305
09e87f238804dea497a4bc1e4dcbb99b	d__Bacteria; p__Proteobacteria; c__Alphaproteobacteria; o__Sphingomonadales; f__Sphingomonadaceae; g__Sphingomonas	0.9595770463266706
fc9ce03eb6eafb6a7a71ac33606ef2ba	d__Eukaryota; p__Basidiomycota; c__Microbotryomycetes; o__Sporidiobolales; f__Sporidiobolaceae; g__Rhodotorula	0.9999984969816499
0bf15a439996b5013c62c99ca58d8f7f	d__Bacteria; p__Firmicutes; c__Bacilli; o__Lactobacillales; f__Streptococcaceae; g__Streptococcus	0.9998589628884597
4260e9643b9d859b57d14f68b6ec0a9a	d__Bacteria; p__Firmicutes; c__Bacilli; o__Staphylococcales; f__Staphylococcaceae; g__Staphylococcus	0.9999789361830945
17e6c686cf29449aa57295b5aae6b47a	d__Bacteria; p__Proteobacteria; c__Gammaproteobacteria; o__Burkholderiales; f__Oxalobacteraceae	0.8345338319113347
b2344dede60ae3115ed8524e2015c66e	d__Bacteria; p__Proteobacteria; c__Gammaproteobacteria; o__Pseudomonadales; f__Pseudomonadaceae; g__Pseudomonas	0.9534054324455701
bcd8e5d4a5eeeb7902798ae600e49706	d__Archaea; p__Halobacterota; c__Halobacteria; o__Halobacterales; f__Halococcaceae; g__Halococcus; s__Halococcus_sp.	0.9970763117026783
6cfc8c10e3d1a2aeedac3403dfc69f33	d__Bacteria; p__Actinobacteriota; c__Actinobacteria; o__Propionibacteriales; f__Nocardioidaceae; g__Marmoricola	0.7315063463578326
237c50aee9d238352486715fb5c606d8	d__Bacteria; p__Firmicutes; c__Bacilli; o__Bacillales; f__Bacillaceae; g__Bacillus; s__Bacillus_thermoamylovorans	0.9969318581586148
89a5d3458ab2e6162dcace88d8abc9fd	d__Bacteria; p__Firmicutes; c__Negativicutes; o__Veillonellales-Selenomonadales; f__Veillonellaceae; g__Anaeroglobus; s__Anaeroglobus_geminatus	0.9999697276142743
b5f91299a002b833799e96a4d8c05a16	d__Bacteria; p__Proteobacteria; c__Alphaproteobacteria; o__Acetobacterales; f__Acetobacteraceae; g__Roseomonas; s__Roseomonas_vinacea	0.8251466007124009
074f0f48b7daa530e3c358b87130affb	d__Bacteria; p__Proteobacteria; c__Gammaproteobacteria; o__Xanthomonadales; f__Xanthomonadaceae; g__Xanthomonas	0.9977291589130748
1b22c4ff07d29df305a2268cf6bc239c	d__Bacteria; p__Firmicutes; c__Bacilli; o__Paenibacillales; f__Paenibacillaceae; g__Paenibacillus; s__Paenibacillus_harenae	0.8880249644465138
35fb65374ce7be2b1c7075c7e58708a6	d__Bacteria; p__Proteobacteria; c__Alphaproteobacteria; o__Rhodobacterales; f__Rhodobacteraceae; g__Paracoccus	0.9791513099872273
fd92d520722674a48415be8a2ad3e900	d__Bacteria; p__Firmicutes; c__Bacilli; o__Bacillales; f__Bacillaceae	0.99926868664471
2b861692ee6d8712a3cb958fa990585f	d__Bacteria; p__Acidobacteriota; c__Vicinamibacteria; o__Vicinamibacterales; f__uncultured; g__uncultured	0.8725934479100308
a4844957be919ba5c9f0bb7bbe54acd7	d__Bacteria; p__Firmicutes; c__Negativicutes; o__Veillonellales-Selenomonadales; f__Veillonellaceae; g__Veillonella	0.9999999191409482
fe3e74c148abd5fbc3c360123bce7799	d__Bacteria; p__Cyanobacteria; c__Cyanobacteriia; o__Cyanobacteriales; f__Chroococcidiopsaceae; g__uncultured; s__uncultured_bacterium	0.8505771063746475
67ca24ed3ac6bed67741699380a3d0f5	d__Eukaryota; p__Vertebrata; c__Mammalia; o__Mammalia; f__Mammalia; g__Mammalia; s__Homo_sapiens	0.997757587373796
e0b7cd93a9cf72245407ade2f9e2d47a	d__Bacteria; p__Actinobacteriota; c__Actinobacteria; o__Propionibacteriales; f__Propionibacteriaceae; g__Cutibacterium	0.9998336624677846
4a5988eab2de7247cb87709a3c2ad3e0	d__Bacteria; p__Bacteroidota; c__Bacteroidia; o__Cytophagales; f__Hymenobacteraceae; g__Hymenobacter	0.9999999998581639
cca58c1c08bf94cc5166ba2339af7ac9	d__Eukaryota; p__Basidiomycota; c__Exobasidiomycetes; o__Georgefischeriales; f__Gjaerumiaceae; g__Gjaerumia; s__Gjaerumia_minor	0.9999977353680186
10aceaafae051bbb14f22a9e0f71d16d	d__Bacteria; p__Proteobacteria; c__Gammaproteobacteria; o__Burkholderiales; f__Burkholderiaceae; g__Robbsia; s__Robbsia_andropogonis	0.9999182977947397
f47c80211d5b6bf1f493d3ed71802345	d__Bacteria; p__Actinobacteriota; c__Actinobacteria; o__Propionibacteriales; f__Nocardioidaceae; g__Nocardioides	0.9999912284983422
25f5fac6e7c35778ef9d71ceb158d79e	d__Bacteria; p__Proteobacteria; c__Alphaproteobacteria; o__Sphingomonadales; f__Sphingomonadaceae; g__Sphingomonas; s__Sphingomonas_glacialis	0.8408357435340843
31bd982ac6530172d8caf6506478c377	d__Bacteria; p__Bacteroidota; c__Bacteroidia; o__Flavobacteriales; f__Weeksellaceae; g__Bergeyella	0.9999529978885543
09d515a1eec09680a83302dbd3b66522	d__Bacteria; p__Firmicutes; c__Clostridia; o__Clostridiales; f__Clostridiaceae; g__Clostridium_sensu_stricto_1	0.9986495043025985
2d16809db860bf28c2c630d6b79e8b1c	d__Bacteria; p__Firmicutes; c__Clostridia; o__Peptostreptococcales-Tissierellales; f__Peptostreptococcaceae; g__Peptostreptococcus; s__Peptostreptococcus_canis	0.7097486045827142
f337a98629327410ea42aba9c649cf8c	d__Bacteria; p__Bacteroidota; c__Bacteroidia; o__Chitinophagales; f__Chitinophagaceae; g__Segetibacter; s__uncultured_bacterium	0.7662334965867245
9cf2ecb2083a6c9676a3601e9a66b369	d__Bacteria; p__Synergistota; c__Synergistia; o__Synergistales; f__Synergistaceae; g__Jonquetella; s__Jonquetella_anthropi	0.9999999999156586
462e59e915c49fd3dfbc7de5f2464f7e	d__Bacteria; p__Firmicutes; c__Negativicutes; o__Veillonellales-Selenomonadales; f__Selenomonadaceae; g__Selenomonas	0.9988741679079948
cf3931499914351a409791475806bfad	d__Bacteria; p__Firmicutes; c__Bacilli; o__Staphylococcales; f__Staphylococcaceae; g__Nosocomiicoccus; s__uncultured_bacterium	0.933319839726855
4617d6ea6e91c214760dbed6b6112f55	d__Bacteria; p__Proteobacteria; c__Alphaproteobacteria; o__Rhizobiales; f__Devosiaceae; g__Devosia	0.9562445948178933
863daf82cdce6d415017e2ba98ff3421	d__Bacteria; p__Proteobacteria; c__Alphaproteobacteria; o__Rhizobiales; f__Beijerinckiaceae; g__Methylobacterium-Methylorubrum; s__Methylobacterium_komagatae	0.9260487106749025
58c7c31af8f4e082352a1258eaaca30f	d__Bacteria; p__Actinobacteriota; c__Actinobacteria; o__Micrococcales; f__Micrococcaceae; g__Micrococcus	0.9933666063637143
0638cbfa7860f86bc27c57238391f716	d__Eukaryota; p__Phragmoplastophyta; c__Embryophyta; o__Pinophyta; f__Pinophyta; g__Pinophyta; s__Picea_glauca	0.8233002730454098
0079a6db95ebc74a78cf1b5dabadbe04	d__Bacteria; p__Proteobacteria; c__Alphaproteobacteria; o__Rhizobiales; f__Rhizobiaceae; g__uncultured; s__uncultured_bacterium	0.7898651518457239
268fdb7bb8acde469b73eb78f46b8ce8	d__Bacteria; p__Actinobacteriota; c__Actinobacteria; o__Propionibacteriales; f__Propionibacteriaceae; g__Cutibacterium	0.999802433664301
8bdc0f768697ff104b704c60a949fc0a	Unassigned	0.3461649883416843
ca2ab2c481d0ac9ca4bbf71613f5c632	d__Bacteria; p__Firmicutes; c__Bacilli; o__Lactobacillales	0.9999247496908221
0eb797d7bff2145da0f61e35c56db881	d__Bacteria; p__Firmicutes; c__Bacilli; o__Lactobacillales; f__Lactobacillaceae; g__Lactobacillus	0.9999998217210737
82eac073554ab4e509930456b19b873a	d__Bacteria; p__Proteobacteria; c__Alphaproteobacteria; o__Sphingomonadales; f__Sphingomonadaceae; g__Sphingopyxis	0.9999950776723585
e9bbb2e3feac12776ede6839a326176c	d__Bacteria; p__Bacteroidota; c__Bacteroidia; o__Sphingobacteriales; f__Sphingobacteriaceae; g__Sphingobacterium; s__Sphingobacterium_faecium	0.7719163017832033
1a86b39c29dfacb8d7968a1890cd0d37	d__Bacteria	0.8139986221091976
2e6b4cf0dcbc705545a4be7758d4ae44	d__Bacteria; p__Actinobacteriota; c__Actinobacteria; o__Propionibacteriales; f__Propionibacteriaceae; g__Microlunatus	0.9985071452187125
a7537aa8069f847435ac0f8a1e201c61	d__Bacteria; p__Proteobacteria; c__Alphaproteobacteria; o__Rhizobiales; f__Beijerinckiaceae; g__Methylobacterium-Methylorubrum	0.9999030386666365
581540aa52e86e9970751d751a3a342c	d__Bacteria; p__Bacteroidota; c__Bacteroidia; o__Chitinophagales; f__Chitinophagaceae; g__Flavitalea; s__uncultured_bacterium	0.8806869808584692
32eeb8ecbe878470fa14d5f0a13e5177	d__Bacteria; p__Firmicutes; c__Clostridia; o__Christensenellales; f__Christensenellaceae; g__Christensenellaceae_R-7_group; s__Clostridiales_bacterium	0.885369032459976
f1ab5c36b71238d5a165d7b3df24c02c	d__Bacteria; p__Firmicutes; c__Bacilli; o__Lactobacillales; f__Streptococcaceae; g__Streptococcus	0.9999787263058354
b8a138b57876df838300a719d6e609c1	d__Bacteria; p__Cyanobacteria; c__Cyanobacteriia; o__Cyanobacteriales; f__Chroococcidiopsaceae; g__uncultured; s__uncultured_bacterium	0.7137678790538066
f41e6847da61a85bf51a67e33eb0b283	d__Bacteria; p__Bacteroidota; c__Bacteroidia; o__Bacteroidales; f__Prevotellaceae; g__Alloprevotella	0.9999999995770277
ffd03fe0e25efff63bf9b612736be57b	d__Bacteria; p__Actinobacteriota; c__Actinobacteria; o__Micrococcales; f__Micrococcaceae; g__Micrococcus	0.9954123159048123
a91aa35138c1da78e31ca72b54c5efe4	d__Bacteria; p__Bacteroidota; c__Bacteroidia; o__Bacteroidales; f__Prevotellaceae; g__Prevotella; s__Prevotella_bivia	0.999999927878309
7c0d838a070d359a9d217173be05bcf9	d__Bacteria; p__Verrucomicrobiota; c__Verrucomicrobiae; o__Pedosphaerales; f__Pedosphaeraceae; g__Pedosphaeraceae	0.9805807791181083
92a946bbe5f0fe07bbf8d91c6ce7ae2e	d__Bacteria; p__Spirochaetota; c__Spirochaetia; o__Spirochaetales; f__Spirochaetaceae; g__Treponema; s__Treponema_lecithinolyticum	0.9999989573880761
6f5dc2d93b24838cfac1a300196f290d	d__Bacteria; p__Bacteroidota; c__Bacteroidia; o__Chitinophagales; f__Chitinophagaceae; g__Niabella; s__uncultured_bacterium	0.9995091804885757
ed21789d5894684585ebfc39e8da256c	d__Bacteria; p__Actinobacteriota; c__Actinobacteria; o__Propionibacteriales; f__Propionibacteriaceae; g__Cutibacterium	0.999784826895413
d72abef3cf4693b4b02ec86b2f083d9d	d__Eukaryota; p__Ascomycota; c__Eurotiomycetes; o__Chaetothyriales; f__Trichomeriaceae; g__Knufia	0.9741242915040632
ad827a175f96f2cd1d00e8029e0a2127	d__Bacteria; p__Bacteroidota; c__Bacteroidia; o__Chitinophagales; f__Chitinophagaceae; g__Edaphobaculum	0.9998851093439373
aa6d47c3df231be806e11577dce5c1de	d__Bacteria; p__Firmicutes	0.9954771160182068
7eb2170f04d1c239d18166c0a78e42c9	d__Bacteria; p__Myxococcota; c__Polyangia; o__Polyangiales; f__BIrii41; g__BIrii41; s__uncultured_bacterium	0.9992084057719407
b91763820456e9daedd25cad5143652b	d__Bacteria; p__Firmicutes; c__Clostridia; o__Peptostreptococcales-Tissierellales; f__Peptostreptococcales-Tissierellales; g__W5053; s__uncultured_bacterium	0.9983173390555017
9b80e275a924d9622f468981a3125f11	d__Bacteria; p__Bacteroidota; c__Bacteroidia; o__Bacteroidales; f__Prevotellaceae; g__Prevotella; s__Prevotella_aurantiaca	0.9976159111694635
c074e4eeb9dde1166e7c3fdeaf0d537b	d__Eukaryota; p__Basidiomycota; c__Agaricomycetes; o__Corticiales; f__Corticiaceae; g__Sistotrema	0.9944178244710374
c8168411df826458a223d073f6bfb3be	d__Bacteria; p__Proteobacteria; c__Gammaproteobacteria; o__Enterobacterales	0.9999989568389356
1066aa634d89b0e05e4abce3b838771b	d__Bacteria; p__Actinobacteriota; c__Actinobacteria; o__Micrococcales; f__Cellulomonadaceae; g__Cellulomonas	0.9992911955501473
5971334b57428675d535baad91bcab90	d__Bacteria; p__Actinobacteriota; c__Actinobacteria; o__Micrococcales	0.999998075173308
20c1da6c5f14a4bb4857dd31687ac2bc	d__Bacteria; p__Proteobacteria; c__Gammaproteobacteria	0.9914846971073047
8a05c6d218a556d5d777462082eec7ae	d__Bacteria; p__Proteobacteria; c__Alphaproteobacteria; o__Rhodobacterales; f__Rhodobacteraceae; g__Paracoccus	0.9512542922942181
3a5810e980678ba0d47b7e7332b15fb2	d__Bacteria; p__Firmicutes; c__Bacilli; o__Staphylococcales; f__Staphylococcaceae; g__Staphylococcus	0.9999808793043847
57cf8f21fbfe0be9379c59f2e90a6b40	d__Bacteria; p__Proteobacteria; c__Alphaproteobacteria; o__Rhodobacterales; f__Rhodobacteraceae; g__Amaricoccus; s__uncultured_bacterium	0.9877618694692657
941fafd8b61d2bde0821af12daf0a85f	d__Bacteria; p__Abditibacteriota; c__Abditibacteria; o__Abditibacteriales; f__Abditibacteriaceae; g__Abditibacterium; s__uncultured_bacterium	0.9813936556501749
dda0005a66f48285b1920d9fa3ea1801	d__Bacteria; p__Firmicutes; c__Bacilli; o__Staphylococcales; f__Staphylococcaceae; g__Staphylococcus	0.9983335882561627
ec7a9200aa133a8d191903df7484c117	d__Bacteria; p__Actinobacteriota; c__Actinobacteria; o__Micrococcales; f__Microbacteriaceae; g__Curtobacterium	0.7633723482820317
2a05d9e8203fc902b42d9b20d94d6459	d__Bacteria; p__Firmicutes; c__Bacilli; o__Staphylococcales; f__Staphylococcaceae; g__Auricoccus-Abyssicoccus	0.7142954113358112
a8433dc3778e76fde37150d255f44c26	d__Bacteria; p__Bacteroidota; c__Bacteroidia; o__Flavobacteriales; f__Flavobacteriaceae; g__Flavobacterium	0.999998909858929
e2246defbd16a87980ce535c0ae6a7e0	d__Bacteria; p__Proteobacteria; c__Alphaproteobacteria; o__Reyranellales; f__Reyranellaceae; g__Reyranella	0.9999999850222561
494107244df91fab65a6f47e2439c6b7	d__Bacteria; p__Proteobacteria; c__Gammaproteobacteria; o__Steroidobacterales; f__Steroidobacteraceae; g__Steroidobacter; s__metagenome	0.7882284386008396
915c819ee80e16d6fe16ff692bf8beba	d__Eukaryota; p__Ascomycota; c__Saccharomycetes; o__Saccharomycetales; f__Phaffomycetaceae; g__Cyberlindnera-Candida_clade; s__Cyberlindnera_jadinii	0.9999995558574133
6a16f49828ac488fe2dd01920a5dfdc5	d__Bacteria; p__Bacteroidota; c__Bacteroidia; o__Bacteroidales; f__Porphyromonadaceae; g__Porphyromonas; s__Porphyromonas_gulae	0.7505272756244621
45bfa39a1015d9a726f83b44018d1aeb	d__Bacteria; p__Actinobacteriota; c__Actinobacteria; o__Micrococcales; f__Microbacteriaceae; g__Curtobacterium	0.7857146349151759
78bc36cbe1cd108ddc920d968de4a0af	d__Bacteria; p__Proteobacteria; c__Alphaproteobacteria; o__Acetobacterales; f__Acetobacteraceae; g__Roseomonas; s__uncultured_bacterium	0.8845629049466451
e3dff8cabef9048bf3668f5f7e509107	d__Bacteria; p__Proteobacteria; c__Gammaproteobacteria; o__Pseudomonadales; f__Pseudomonadaceae; g__Pseudomonas	0.9999180170771338
e5df0f9907f1b433349ebf270284362b	d__Bacteria; p__Proteobacteria; c__Alphaproteobacteria; o__Sphingomonadales; f__Sphingomonadaceae; g__Sphingobium	0.9994652444346466
df02341db7c757b975c7d68ca1fdae77	Unassigned	0.3551054605925996
16367f3ef9822b2049e5a32823724ada	d__Bacteria; p__Firmicutes; c__Bacilli; o__Paenibacillales; f__Paenibacillaceae; g__Paenibacillus; s__Paenibacillus_stellifer	0.9997341987328879
324a6d97e27bd1b0d6815efcab426703	d__Bacteria	0.7270799744148354
1948ee4f256dfe09c29ca09db8db0d36	d__Bacteria; p__Proteobacteria; c__Gammaproteobacteria; o__Pseudomonadales; f__Pseudomonadaceae; g__Pseudomonas	0.9210210733809088
be74c0e813e5537bb56cf870bb99f97e	d__Bacteria; p__Firmicutes; c__Bacilli; o__Erysipelotrichales; f__Erysipelotrichaceae; g__ZOR0006; s__uncultured_organism	0.9333205600360396
c0f484da6c5aabe76ab36064c8d07a8a	d__Bacteria; p__Proteobacteria; c__Gammaproteobacteria; o__Burkholderiales; f__Oxalobacteraceae; g__Massilia	0.9999462593797066
570347998e44400a753d97d66e7c0c34	d__Bacteria; p__Firmicutes; c__Clostridia; o__Peptostreptococcales-Tissierellales; f__Peptostreptococcales-Tissierellales; g__Anaerococcus; s__Anaerococcus_vaginalis	0.8169875782068192
5103aa0763b3f981f5a84aceba5dbe61	d__Bacteria; p__Verrucomicrobiota; c__Verrucomicrobiae; o__Opitutales; f__Puniceicoccaceae; g__Verruc-01; s__uncultured_bacterium	0.9999869212810983
876b3df5cd6dd83dc17e844bd14d6d7f	d__Bacteria; p__Actinobacteriota; c__Actinobacteria; o__Propionibacteriales; f__Propionibacteriaceae; g__Cutibacterium	0.9971529950623277
7c7440cb845649995fa58f8fd17961ec	d__Bacteria; p__Actinobacteriota; c__Actinobacteria; o__Corynebacteriales; f__Corynebacteriaceae; g__Corynebacterium	0.9999989049182985
e3ebebb0786fdc4d1c78dd02d799c472	d__Bacteria; p__Firmicutes; c__Bacilli; o__Paenibacillales; f__Paenibacillaceae; g__Cohnella	0.9999814910226089
80c5d1096ab431355042db5d96e316d7	d__Bacteria; p__Proteobacteria; c__Gammaproteobacteria; o__Burkholderiales; f__Comamonadaceae	0.9999991213679514
abc4a490a23bb311b64bdf0f816582f0	d__Eukaryota; p__Ascomycota; c__Sordariomycetes; o__Xylariales; f__Sporocadaceae; g__Pestalotiopsis; s__Pestalotiopsis_maculans	0.8010033172566944
ac2e01ac9d22a8104bb9477fe40e982e	d__Bacteria; p__Firmicutes; c__Bacilli; o__Bacillales; f__Bacillaceae; g__Bacillus	0.9053578991041533
5c26b592dbf0994dd9f21e18abe46cdc	d__Bacteria; p__Planctomycetota; c__Phycisphaerae; o__Tepidisphaerales; f__WD2101_soil_group; g__WD2101_soil_group; s__uncultured_planctomycete	0.8807179827382802
5547008e0983722c0d78598dc78bff11	d__Bacteria; p__Bacteroidota; c__Bacteroidia; o__Flavobacteriales; f__Flavobacteriaceae; g__Capnocytophaga; s__Capnocytophaga_sputigena	0.9541957095236862
e9f54885dbe58255da8f5f0af89e28cb	d__Bacteria; p__Proteobacteria; c__Gammaproteobacteria; o__Burkholderiales; f__Neisseriaceae; g__Neisseria	0.9185203789756371
45d0bb9dca4183e23c28ebaef5a4bb7f	d__Bacteria; p__Actinobacteriota; c__Actinobacteria; o__Corynebacteriales; f__Corynebacteriaceae; g__Corynebacterium	0.9999834900113024
99e36d5104e5cc3e4966046015827501	d__Bacteria; p__Firmicutes; c__Bacilli; o__Lactobacillales; f__Streptococcaceae; g__Streptococcus	0.9999917179166791
b36d16f51619d34b98b20062c41ecc14	d__Bacteria; p__Proteobacteria; c__Gammaproteobacteria; o__Burkholderiales; f__Comamonadaceae	0.9999999572681654
5cd371aee12627cd12b9ea568df8ac07	d__Bacteria; p__Actinobacteriota; c__Actinobacteria; o__Propionibacteriales; f__Nocardioidaceae; g__Aeromicrobium	0.994865889577994
4d109f87c2e744bc418fbcc753cf7b22	d__Bacteria; p__Gemmatimonadota; c__Gemmatimonadetes; o__Gemmatimonadales; f__Gemmatimonadaceae; g__Gemmatimonas	0.9997720519069374
ba0589b6ce4779a6b74534362df54733	d__Bacteria; p__Proteobacteria; c__Gammaproteobacteria; o__Burkholderiales; f__Burkholderiaceae; g__Ralstonia	0.9923479662485963
7a40d9975e72eb4925590de966b9b3f4	d__Bacteria; p__Cyanobacteria; c__Cyanobacteriia; o__Chloroplast; f__Chloroplast; g__Chloroplast	0.9999999999995739
46497d8677b1385e782c206390e87b93	d__Eukaryota; p__Arthropoda; c__Arachnida; o__Acari; f__Acari; g__Acari; s__Lasioseius_sp.	0.9813861892752206
5d8b587445ac9338c98a32eb7390caa2	d__Bacteria; p__Proteobacteria; c__Gammaproteobacteria; o__Burkholderiales; f__Sutterellaceae; g__Sutterella	0.9999995954008886
f25ea80094132c0f22eef67e95297335	d__Bacteria; p__Actinobacteriota; c__Actinobacteria; o__Pseudonocardiales; f__Pseudonocardiaceae; g__Saccharopolyspora; s__Saccharopolyspora_sp.	0.7900363215945849
b22013d2c42c54a2e4ef698bb7363f21	d__Bacteria; p__Bacteroidota; c__Bacteroidia; o__Bacteroidales	0.9960553959341635
e51c12de4ca9f7be5580004e0303b27e	d__Eukaryota; p__Basidiomycota; c__Malasseziomycetes; o__Malasseziales; f__Malasseziaceae; g__Malassezia; s__Malassezia_globosa	0.7185846359367288
8771f4ae5776974b885735684e8d47c3	d__Bacteria; p__Cyanobacteria; c__Cyanobacteriia; o__Cyanobacteriales; f__Xenococcaceae; g__Pleurocapsa_PCC-7319	0.9999992988947004
fc101901c189cfbe320acd91be7b930e	d__Bacteria; p__Actinobacteriota; c__Actinobacteria; o__Corynebacteriales; f__Corynebacteriaceae; g__Lawsonella	0.9999999964699293
691243548916e1b3e843c91a9cdd8207	d__Bacteria; p__Cyanobacteria; c__Cyanobacteriia; o__Chloroplast; f__Chloroplast; g__Chloroplast	0.9999999999997373
6c293315ef5753383380406c2b289acc	d__Bacteria; p__Actinobacteriota; c__Actinobacteria; o__Micrococcales; f__Microbacteriaceae; g__Curtobacterium	0.7636763274244026
67e4578787bdaa747761646196fc0dc4	d__Eukaryota; p__Vertebrata	0.9999999999906912
f78e1ed49f7e03401f590a3b4f08b247	d__Bacteria; p__Proteobacteria; c__Alphaproteobacteria; o__Acetobacterales; f__Acetobacteraceae; g__Roseomonas	0.9992701767617569
8ab4550b12153d0eaac34f363c9ef6ab	d__Bacteria; p__Bacteroidota; c__Bacteroidia; o__Flavobacteriales; f__Flavobacteriaceae; g__Capnocytophaga; s__Capnocytophaga_leadbetteri	0.9128743576856764
0881d06c9dba5a7e0173f64dff04d70d	d__Bacteria; p__Actinobacteriota; c__Actinobacteria; o__Propionibacteriales; f__Nocardioidaceae; g__Nocardioides; s__Nocardioides_jensenii	0.8752312324783419
02e3f1c17fd80fb0ef0a1e0d4d62206f	d__Bacteria; p__Bacteroidota; c__Bacteroidia; o__Flavobacteriales; f__Weeksellaceae; g__Moheibacter; s__uncultured_bacterium	0.9819384333336904
e6aa90c70a5ec0e22457df9979451895	d__Bacteria; p__Actinobacteriota; c__Actinobacteria; o__Frankiales; f__Geodermatophilaceae; g__Modestobacter	0.9979789706356332
0a08cbf815369827bd98b2970359a886	d__Bacteria; p__Bacteroidota; c__Bacteroidia; o__Flavobacteriales; f__Weeksellaceae; g__Chryseobacterium	0.9999434538791091
e8b07fb003ffa0fdad7f152a4cbc98b6	d__Bacteria; p__Bacteroidota; c__Bacteroidia; o__Bacteroidales; f__Paludibacteraceae; g__F0058; s__uncultured_bacterium	0.9517692775822818
444f3a49fe8d7724be54e8a70c9378ce	d__Bacteria; p__Actinobacteriota; c__Actinobacteria; o__Micrococcales; f__Promicromonosporaceae; g__Cellulosimicrobium; s__Cellulomonas_sp.	0.8467815879879038
a0c4bf70ddada5c06687b11ec2c85188	d__Bacteria; p__Firmicutes; c__Bacilli; o__Lactobacillales; f__Streptococcaceae; g__Streptococcus	0.9999845084327358
6739274b608a92a66dbe627defc46478	d__Bacteria; p__Proteobacteria; c__Gammaproteobacteria; o__Pasteurellales; f__Pasteurellaceae; g__Haemophilus	0.8740667587380754
b6ca2c58d8e38c578e0517c572e0c73b	d__Bacteria; p__Firmicutes; c__Bacilli; o__Staphylococcales; f__Staphylococcaceae; g__Staphylococcus	0.9999859677161416
70a139fc91dea86000cbf8124ffd8a3d	d__Eukaryota; p__Ascomycota; c__Saccharomycetes; o__Saccharomycetales; f__Debaryomycetaceae; g__Meyerozyma-Candida_clade	0.9815667801615553
046b2a18557878fab42bbbcf67107934	d__Eukaryota; p__Ascomycota; c__Dothideomycetes; o__Pleosporales; f__uncultured; g__uncultured; s__uncultured_fungus	0.7311926062979047
8f089fc19659940868cae3476995dc91	d__Bacteria; p__Bacteroidota; c__Bacteroidia; o__Sphingobacteriales; f__Sphingobacteriaceae; g__Sphingobacterium; s__Sphingobacterium_siyangense	0.7124583407071237
2a5df2bf0034e03c8ae2c50b651c79c7	d__Bacteria; p__Proteobacteria; c__Alphaproteobacteria; o__Sphingomonadales; f__Sphingomonadaceae; g__Sphingomonas	0.9785356647329707
428c55b4799cf3998455c8ba10e8cc35	d__Bacteria; p__Firmicutes; c__Bacilli; o__Staphylococcales; f__Staphylococcaceae; g__Staphylococcus	0.9996867473951516
a51cad08bf53d5073b7d5451d9f51678	d__Bacteria; p__Proteobacteria; c__Alphaproteobacteria; o__Sphingomonadales; f__Sphingomonadaceae; g__Altererythrobacter	0.9999101892354298
56ec14de600431e3fce9979a3175fe99	d__Bacteria; p__Planctomycetota; c__Planctomycetes; o__Pirellulales; f__Pirellulaceae; g__uncultured	0.9999936768296238
d3a9a02aa1704226f46d21191ae49bad	d__Bacteria; p__Firmicutes; c__Bacilli; o__Staphylococcales; f__Staphylococcaceae; g__Staphylococcus	0.9999836362068308
01a04bf4a565473774daa2de3cd395ba	d__Bacteria; p__Actinobacteriota; c__Actinobacteria; o__Micrococcales; f__Cellulomonadaceae; g__Cellulomonas	0.9988719067880929
4906ba716c3dca76241bc0274f09d113	d__Bacteria; p__Proteobacteria; c__Gammaproteobacteria; o__Pseudomonadales; f__Pseudomonadaceae; g__Pseudomonas	0.8470370820343194
9bb5584820c3e755b9eb47c15775a516	d__Bacteria; p__Actinobacteriota; c__Actinobacteria; o__Corynebacteriales; f__Corynebacteriaceae; g__Corynebacterium	0.9998010295938168
d168c59967370dd281d84b4abecb76b8	d__Bacteria; p__Actinobacteriota; c__Actinobacteria; o__Micrococcales; f__Microbacteriaceae; g__Curtobacterium	0.7755493488605684
fb1d2e65fbb520ba426a115a85b9ea6b	d__Bacteria; p__Proteobacteria; c__Alphaproteobacteria; o__Rhodobacterales; f__Rhodobacteraceae; g__Paracoccus	0.8413362555246664
9b4cd70de2a5a3564c554d85e0fa6443	d__Bacteria; p__Proteobacteria; c__Alphaproteobacteria; o__Rickettsiales; f__Mitochondria; g__Mitochondria	0.9999999999621899
24c16867bc7f413010aac1c439034030	d__Bacteria; p__Firmicutes; c__Bacilli; o__Lactobacillales; f__Streptococcaceae; g__Streptococcus	0.9999993448679841
40b17df4d65727ffc0a4a43a84b86061	d__Eukaryota; p__Basidiomycota; c__Microbotryomycetes; o__Sporidiobolales; f__Sporidiobolaceae; g__Rhodotorula; s__uncultured_fungus	0.907223034659967
12e1ca9428e4e10fc53a1390904d941e	d__Bacteria; p__Chloroflexi; c__KD4-96; o__KD4-96; f__KD4-96; g__KD4-96; s__uncultured_bacterium	0.7045650153646589
9555b2b90891bfe312ba447b704dbe1d	d__Bacteria; p__Actinobacteriota; c__Actinobacteria; o__Propionibacteriales; f__Nocardioidaceae; g__Nocardioides; s__Nocardioides_hungaricus	0.9332454795500941
b9c5d16bdf856bd04e08287c4a4ca505	d__Bacteria; p__Firmicutes; c__Bacilli; o__Bacillales; f__Planococcaceae; g__Sporosarcina	0.9932412990622789
3b6f774e693df53e033ce869b34c8750	d__Bacteria; p__Actinobacteriota; c__Actinobacteria; o__Micrococcales; f__Micrococcaceae	0.9998426112787547
af9509982b3bb34034663d988a746ce1	d__Bacteria; p__Actinobacteriota; c__Actinobacteria; o__Propionibacteriales; f__Propionibacteriaceae; g__Cutibacterium	0.9998027615567542
c13b8ca5751e29c6fcf34d480dc71f35	d__Bacteria; p__Proteobacteria; c__Gammaproteobacteria; o__Pseudomonadales; f__Pseudomonadaceae; g__Pseudomonas	0.9177051749029702
56b5a2112b277bbf1d787228780d3bca	d__Bacteria; p__Actinobacteriota; c__Actinobacteria; o__Propionibacteriales; f__Propionibacteriaceae; g__Cutibacterium	0.9997843918519224
6de60b242d6dd8efd717f0e927b6d082	d__Bacteria; p__Bacteroidota; c__Bacteroidia; o__Cytophagales; f__Hymenobacteraceae; g__Hymenobacter; s__Hymenobacter_latericoloratus	0.7881585472040068
2c366fc75f7bd75b1b6b954531fb17e8	d__Bacteria; p__Firmicutes; c__Bacilli; o__Lactobacillales; f__Carnobacteriaceae; g__Alloiococcus	0.9999993479705702
93c7ff7e73dcc6a72b526436a1a26e80	d__Bacteria; p__Proteobacteria; c__Alphaproteobacteria; o__Sphingomonadales; f__Sphingomonadaceae; g__Sphingomonas; s__Sphingomonadaceae_bacterium	0.7028066902432334
62420836981cace8f117a629e1922496	d__Bacteria; p__Firmicutes; c__Bacilli; o__Staphylococcales; f__Staphylococcaceae; g__Auricoccus-Abyssicoccus	0.7195933031696528
477bbdacbb6fd7f71a93dc907d7edaeb	d__Bacteria; p__Firmicutes; c__Bacilli; o__Staphylococcales; f__Staphylococcaceae; g__Staphylococcus	0.999981557108101
0dcdd8a7ee9a1cadd123ce6647e0b18f	d__Bacteria; p__Actinobacteriota; c__Actinobacteria; o__Corynebacteriales; f__Nocardiaceae; g__Gordonia	0.9998243827855231
1dd20f4e1e7506752bc9ea2f1295caf5	d__Bacteria; p__Actinobacteriota; c__Actinobacteria; o__Actinomycetales; f__Actinomycetaceae; g__Actinomyces; s__unidentified	0.7501375654537147
8f970d0205b7858bf4b71f6289ba6c63	d__Eukaryota; p__Ascomycota; c__Eurotiomycetes; o__Chaetothyriales; f__Trichomeriaceae; g__Bradymyces	0.7048046334258118
9dd494b6c241ab68b0bb9a9c63fd9dbf	d__Bacteria; p__Proteobacteria; c__Alphaproteobacteria; o__Sphingomonadales; f__Sphingomonadaceae; g__Sphingomonas	0.9487386116021816
18c6466fa599def3922dd6993cae959e	Unassigned	0.37164885891089805
8272164872b2e86200db6d48b97d7d76	d__Eukaryota; p__Basidiomycota; c__Agaricomycetes; o__Polyporales	0.7719992227559321
48a113cf9e2929825585877ef105ce96	d__Bacteria; p__Bacteroidota; c__Bacteroidia; o__Sphingobacteriales; f__Sphingobacteriaceae; g__Sphingobacterium; s__Sphingobacterium_composti	0.8286234118496919
c0576bb5ec8f7b2558ee17b308f4c53b	d__Bacteria; p__Actinobacteriota; c__Actinobacteria; o__Micrococcales; f__Microbacteriaceae; g__Curtobacterium	0.7889743819761992
24df6460170c228dbae8315d9555d433	d__Bacteria; p__Firmicutes; c__Bacilli; o__Bacillales; f__Bacillaceae; g__Bacillus	0.9500782769957233
9fe2a159fa65311ca9fbef40cb12bb4e	d__Bacteria; p__Proteobacteria; c__Gammaproteobacteria; o__Xanthomonadales; f__Xanthomonadaceae; g__Thermomonas	0.7070635163650224
60d4b819ab3f4a674440040102dee2b4	d__Bacteria; p__Firmicutes; c__Clostridia; o__Peptostreptococcales-Tissierellales; f__Peptostreptococcales-Tissierellales; g__Anaerococcus; s__uncultured_bacterium	0.8368845130628145
afd48df808c146c10e9403b792626000	d__Bacteria; p__Firmicutes; c__Negativicutes; o__Veillonellales-Selenomonadales; f__Veillonellaceae; g__Anaeroglobus	0.9993967141293016
e1179aac78dc7b5071f3e145b515b3e0	d__Bacteria; p__Proteobacteria; c__Gammaproteobacteria; o__Xanthomonadales; f__Xanthomonadaceae; g__Stenotrophomonas	0.9999883495468707
4a9ccf23e3749282ff2bc5c0a089d81e	d__Bacteria; p__Bacteroidota; c__Bacteroidia; o__Cytophagales; f__Microscillaceae; g__uncultured; s__uncultured_Flexibacteraceae	0.760190215005051
ea4b074a41d2a639f6ee53a2e6f86de7	d__Bacteria; p__Firmicutes; c__Clostridia; o__Peptostreptococcales-Tissierellales; f__Peptostreptococcaceae; g__Peptostreptococcus; s__Peptostreptococcus_anaerobius	0.9274314839504636
e552240952b0a5761643cb77dd8dc9f9	d__Bacteria; p__Proteobacteria; c__Alphaproteobacteria; o__Rhodobacterales; f__Rhodobacteraceae; g__Yangia; s__Yangia_pacifica	0.7128019552474488
22d19b014dd10eda2b0d8779bce9d99e	d__Bacteria; p__Deinococcota; c__Deinococci; o__Deinococcales; f__Deinococcaceae; g__Deinococcus; s__bacterium_1227R	0.8941250372240983
4cc068602c45d453430c31598055f03a	d__Bacteria; p__Bacteroidota; c__Bacteroidia; o__Chitinophagales; f__Chitinophagaceae; g__Segetibacter	0.9999715507743006
19cdb9bd6f965c0820f5175e21e1849b	d__Bacteria; p__Actinobacteriota; c__Actinobacteria; o__Propionibacteriales; f__Propionibacteriaceae; g__Cutibacterium; s__Cutibacterium_granulosum	0.9853087679073763
ee46d0cfe21ccc2aa1cb6a77389b0171	d__Bacteria; p__Proteobacteria; c__Gammaproteobacteria; o__Oceanospirillales; f__Halomonadaceae; g__Halomonas	0.9992223045625118
12f45387c4d9def3b190953e5d2ee4ba	d__Bacteria; p__Fusobacteriota; c__Fusobacteriia; o__Fusobacteriales; f__Leptotrichiaceae; g__Leptotrichia; s__uncultured_bacterium	0.9245114140225844
af9c3a845287fd5bc4555864fc7d659a	d__Bacteria; p__Proteobacteria; c__Alphaproteobacteria; o__Rhizobiales; f__Rhizobiaceae; g__Aureimonas	0.771841563280772
35d364473a350a5a458a929ef62ab6b5	d__Bacteria; p__Bacteroidota; c__Bacteroidia; o__Chitinophagales; f__Chitinophagaceae; g__Flaviaesturariibacter; s__uncultured_bacterium	0.9755798775074429
32b6a4bfc0f707d153761b136fba31e8	d__Bacteria; p__Firmicutes; c__Bacilli; o__Thermoactinomycetales; f__Thermoactinomycetaceae; g__Shimazuella; s__Shimazuella_sp.	0.8539321790757792
3bfc1d772f1fa2cd621d199f4e0d0d5a	d__Bacteria; p__Firmicutes; c__Bacilli; o__Bacillales; f__Bacillaceae; g__Bacillus	0.9993226393210142
eb0a36a1568928c0fb5abcd501ed95c1	d__Bacteria; p__Proteobacteria; c__Alphaproteobacteria; o__Caulobacterales; f__Caulobacteraceae; g__Brevundimonas	0.999999607040083
0da68e594ccc60153ab8d3977af2df3e	d__Bacteria; p__Actinobacteriota; c__Actinobacteria; o__Corynebacteriales; f__Corynebacteriaceae; g__Corynebacterium	0.9931227701357167
e525be853666c2a435ebc9bbc838fdf7	d__Bacteria; p__Firmicutes; c__Clostridia; o__Clostridiales; f__Clostridiaceae; g__Clostridium_sensu_stricto_1	0.9999045337096383
9d76384335a884f35cc8f1d724cd0736	d__Bacteria; p__Bacteroidota; c__Bacteroidia; o__Flavobacteriales; f__Weeksellaceae; g__Chryseobacterium	0.9998521278922464
7af94d2d6951b1d486dfc51ac73e75c4	d__Bacteria; p__Actinobacteriota; c__Actinobacteria; o__Nitriliruptorales; f__Nitriliruptoraceae; g__Egicoccus; s__uncultured_bacterium	0.9557964701349876
0c4599d12cef8b9749ac8d2352996a87	d__Bacteria; p__Firmicutes; c__Negativicutes; o__Veillonellales-Selenomonadales; f__Veillonellaceae; g__Veillonella	0.999999980355804
cd8b64183d26d9dd65e0a18e73388ce5	d__Bacteria; p__Proteobacteria; c__Gammaproteobacteria; o__Xanthomonadales; f__Xanthomonadaceae; g__Stenotrophomonas; s__Stenotrophomonas_nitritireducens	0.9727926667459226
cc55c31cc8cd24cc25a9319ce34c3597	d__Bacteria; p__Proteobacteria; c__Gammaproteobacteria; o__Xanthomonadales; f__Xanthomonadaceae; g__Stenotrophomonas; s__Stenotrophomonas_acidaminiphila	0.9725323618259478
a168974a36a87011c224ce254990ae5c	d__Eukaryota; p__Ascomycota; c__Eurotiomycetes; o__Eurotiales; f__Aspergillaceae; g__Aspergillus	0.9533790407178372
43b0cdef8a97d7ea291f6478181a3417	d__Bacteria; p__Bacteroidota; c__Bacteroidia; o__Flavobacteriales; f__Weeksellaceae; g__Chryseobacterium	0.999957544759891
5bba0e14efbbeb1c773738cf0378fe5a	d__Eukaryota; p__Basidiomycota; c__Agaricomycetes; o__Russulales; f__uncultured; g__uncultured; s__uncultured_fungus	0.99856534750819
73b78dd7dc93efcce41b9bc899ee6403	d__Bacteria; p__Proteobacteria; c__Alphaproteobacteria; o__Sphingomonadales; f__Sphingomonadaceae; g__Novosphingobium	0.9873018231036398
25d03db5230d7034f77e8ba64fd9f5bf	d__Bacteria; p__Firmicutes; c__Bacilli; o__Lactobacillales; f__Streptococcaceae; g__Streptococcus	0.9999997366871611
9fa9cead172a6ef9ca52e31304e9c763	d__Bacteria; p__Planctomycetota; c__Planctomycetes; o__Pirellulales; f__Pirellulaceae; g__Pir4_lineage	0.999759414470939
8717f573bf47fe153fd97eff4250805e	d__Bacteria; p__Firmicutes; c__Clostridia; o__Lachnospirales; f__Lachnospiraceae; g__Blautia	0.980988897723265
ff5384bb6dad6ee59df9cee48e4725a7	d__Bacteria; p__Cyanobacteria; c__Cyanobacteriia; o__Synechococcales; f__Synechococcales_Incertae_Sedis; g__Schizothrix_LEGE_07164; s__uncultured_cyanobacterium	0.9531551858323166
f886ab96023ff4ddf81aaac1474b460f	d__Bacteria; p__Firmicutes; c__Clostridia; o__Lachnospirales; f__Lachnospiraceae; g__uncultured; s__Eubacterium_sp.	0.9925827564845336
a0bf8482b258586eec42bdb9c5337a97	d__Eukaryota; p__Mucoromycota; c__Incertae_Sedis; o__Mucorales; f__Syncephalastraceae; g__Syncephalastrum; s__Syncephalastrum_monosporum	0.9999999969326439
8f1ea87d27dbbe1a114c3632c2650f35	d__Bacteria; p__Bacteroidota; c__Bacteroidia; o__Cytophagales; f__Hymenobacteraceae; g__Hymenobacter	0.999999999948977
d74e3cb518c00f20376c281563be1a1d	d__Bacteria; p__Actinobacteriota; c__Actinobacteria; o__Propionibacteriales; f__Propionibacteriaceae; g__Cutibacterium	0.9999666123390745
2a13936f3f8bdb39ccb0471772d5793d	d__Eukaryota; p__Ascomycota; c__Eurotiomycetes; o__Eurotiales; f__Aspergillaceae; g__Penicillium	0.8499645117379055
d9269409bed3209ee6ddff4905c904a7	d__Bacteria; p__Firmicutes; c__Bacilli; o__Staphylococcales; f__Staphylococcaceae; g__Staphylococcus	0.9999892930288631
0ad9a19c6eb6b81b8dde15f301992476	d__Bacteria; p__Actinobacteriota; c__Actinobacteria; o__Micrococcales; f__Microbacteriaceae	0.9999489673538401
589769bc805638b8b376e25eda64e723	d__Bacteria; p__Fusobacteriota; c__Fusobacteriia; o__Fusobacteriales; f__Leptotrichiaceae; g__Leptotrichia; s__Leptotrichia_sp.	0.9997397805828722
700fa2ed2a317293037b4b277503cb43	d__Bacteria; p__Proteobacteria; c__Alphaproteobacteria; o__Sphingomonadales; f__Sphingomonadaceae; g__Qipengyuania	0.9236879434297293
aff3d643f6f819b6262a37b3856b426e	d__Bacteria; p__Actinobacteriota; c__Actinobacteria; o__Corynebacteriales; f__Corynebacteriaceae; g__Corynebacterium; s__Corynebacterium_matruchotii	0.9820457588567961
41ce11fee045fed1a2eaf9025a0a57bd	d__Bacteria; p__Bacteroidota; c__Bacteroidia; o__Bacteroidales; f__Prevotellaceae; g__Prevotella	0.9999941815558331
e223a4b8dd492b2c24ac21d75bd5c1f2	d__Bacteria; p__Proteobacteria; c__Gammaproteobacteria; o__Pseudomonadales; f__Pseudomonadaceae; g__Pseudomonas	0.999682404527999
be6e9b8ae9bc351eb68ed879b7632cfe	d__Eukaryota; p__Phragmoplastophyta; c__Embryophyta; o__Pinophyta; f__Pinophyta; g__Pinophyta	0.9999995053490082
42bc85de12185371cbd2f9aeb8434250	d__Bacteria; p__Proteobacteria; c__Gammaproteobacteria; o__Burkholderiales; f__Burkholderiaceae; g__Ralstonia	0.9930462001368003
1769e78c84270f403874607d7ed059e0	d__Bacteria; p__Bacteroidota; c__Bacteroidia; o__Bacteroidales; f__Prevotellaceae; g__Prevotella; s__Prevotella_loescheii	0.9991800066275976
f60ffc4960cc6d483536af39faa9943a	d__Bacteria; p__Actinobacteriota; c__Actinobacteria; o__Propionibacteriales; f__Nocardioidaceae; g__Nocardioides; s__Nocardioides_plantarum	0.9511012801892325
caaf4207f12d3e54e22b9728c3803f5e	d__Bacteria; p__Actinobacteriota; c__Thermoleophilia; o__Solirubrobacterales; f__Solirubrobacteraceae; g__Solirubrobacter	0.9997491440460606
508f64b8ef992d833f55e6947becd640	d__Bacteria; p__Bacteroidota; c__Bacteroidia; o__Bacteroidales; f__Prevotellaceae; g__Prevotella; s__Prevotella_dentalis	0.9812736493398209
b8dd168556aab3a4522f619f2648d161	d__Bacteria; p__Firmicutes; c__Bacilli; o__Bacillales; f__Planococcaceae; g__Sporosarcina	0.8592910387571203
a9a0622ad54a939afd80707820760a1f	d__Bacteria; p__Proteobacteria; c__Alphaproteobacteria; o__Caulobacterales; f__Caulobacteraceae; g__Phenylobacterium	0.9999011371291923
f10e43b292a223a9c630253c05f4cdb6	d__Bacteria; p__Actinobacteriota; c__Actinobacteria; o__Propionibacteriales; f__Nocardioidaceae; g__Nocardioides	0.9999870214459958
5c2c8bd8b3457fa3b5360fab740094e9	d__Bacteria; p__Proteobacteria; c__Alphaproteobacteria; o__Sphingomonadales; f__Sphingomonadaceae; g__Sphingomonas	0.978011696634158
6ace611692d6bc8da1931afed729101f	d__Bacteria; p__Firmicutes; c__Bacilli; o__Staphylococcales; f__Staphylococcaceae; g__Staphylococcus	0.9998613958126178
e8baffbae2f1cddfb3a36c7b88b845e0	d__Eukaryota; p__Phragmoplastophyta; c__Embryophyta; o__Pinophyta; f__Pinophyta; g__Pinophyta	0.9987619747926102
1394633ee9cf2a1009bc3939f1c3256a	d__Bacteria; p__Bdellovibrionota; c__Oligoflexia; o__0319-6G20; f__0319-6G20; g__0319-6G20; s__uncultured_Roseobacter	0.9999466491335677
b481d1b26868693bb79a9203bbfdf1b4	d__Bacteria; p__Firmicutes; c__Negativicutes; o__Veillonellales-Selenomonadales; f__Veillonellaceae; g__Veillonella; s__Veillonella_sp.	0.7151476543450812
76a9a650c743dbcdf0e7f6b6212ce6f7	d__Bacteria; p__Proteobacteria; c__Alphaproteobacteria; o__Rhizobiales; f__Rhizobiaceae; g__uncultured; s__uncultured_organism	0.9987662874848416
c0c198d7c3949377d589c041129e4f2e	d__Bacteria; p__Proteobacteria; c__Gammaproteobacteria; o__Pseudomonadales; f__Pseudomonadaceae; g__Pseudomonas	0.9042141675808247
246e9ecc81290058442e5ca023ba59c1	d__Bacteria; p__Actinobacteriota; c__Actinobacteria; o__Actinomycetales; f__Actinomycetaceae; g__Actinomyces	0.9999999983709165
d21e2e050d70a8b2fa890cf2480caa0d	d__Bacteria; p__Proteobacteria; c__Gammaproteobacteria; o__Enterobacterales; f__Morganellaceae; g__Buchnera; s__Puccinia_striiformis	0.7369858133019209
9079e5ea290471b904a1b08b77e988ba	d__Bacteria; p__Actinobacteriota; c__Actinobacteria; o__Micrococcales; f__Micrococcaceae; g__Micrococcus	0.9940312774652874
ba453566d466f207e978cd9135da1cfe	d__Bacteria; p__Actinobacteriota; c__Actinobacteria; o__Micromonosporales; f__Micromonosporaceae	0.9999996347366451
99a237ec34b507b643d7c0a1b610bd06	d__Bacteria; p__Bacteroidota; c__Bacteroidia; o__Flavobacteriales; f__Flavobacteriaceae; g__Capnocytophaga; s__Capnocytophaga_leadbetteri	0.7721639038577459
c5b76ae3adaf2a59f2c540ecb1e153e9	d__Bacteria; p__Cyanobacteria; c__Cyanobacteriia; o__Chloroplast; f__Chloroplast; g__Chloroplast	0.9999999999997775
643d2fec7aa157b5f07b32e8ee8dfb4d	d__Bacteria; p__Firmicutes; c__Clostridia; o__Peptostreptococcales-Tissierellales; f__Peptostreptococcales-Tissierellales; g__Finegoldia	0.9999999999768507
dd99c7e6bfb494e279a42ea57d7b4cf3	d__Bacteria; p__Actinobacteriota; c__Actinobacteria; o__Propionibacteriales; f__Propionibacteriaceae; g__Cutibacterium	0.9996853237751321
efb3f4f978766553d47c304d5198cb4b	d__Bacteria; p__Actinobacteriota; c__Actinobacteria; o__Corynebacteriales; f__Corynebacteriaceae; g__Corynebacterium	0.9999022405390195
8ac3ad8d8e4738ec75749bc49cef633a	d__Bacteria; p__Proteobacteria; c__Alphaproteobacteria; o__Sphingomonadales; f__Sphingomonadaceae; g__Sphingobium	0.9706870297127768
0ef08d3423cd5c979b51658d44452ecc	d__Bacteria; p__Proteobacteria; c__Alphaproteobacteria; o__Sphingomonadales; f__Sphingomonadaceae; g__Sphingobium	0.999607385365077
e0aba9d9730d36fd1033ea4dbaa4cc00	d__Bacteria; p__Bacteroidota; c__Bacteroidia; o__Sphingobacteriales; f__Lentimicrobiaceae; g__Lentimicrobium; s__unidentified	0.9999997342117479
37e85134ee65d6137ed911a670a925df	d__Bacteria; p__Proteobacteria; c__Gammaproteobacteria; o__Xanthomonadales; f__Xanthomonadaceae; g__Xanthomonas	0.9967242994723317
f5f72fd8c1a919d3800d8c8100973831	d__Bacteria; p__Bacteroidota; c__Bacteroidia; o__Flavobacteriales; f__Flavobacteriaceae; g__Flavobacterium; s__Flavobacterium_cheonhonense	0.9304458083731905
ed326a73a4df15b814ccdaabc421491b	d__Bacteria; p__Proteobacteria; c__Alphaproteobacteria; o__Rhizobiales; f__Rhizobiaceae; g__Allorhizobium-Neorhizobium-Pararhizobium-Rhizobium; s__uncultured_Rhizobium	0.7026609181975961
d70beed90e98538e2b32a3aa70a9f1d9	d__Bacteria; p__Proteobacteria; c__Gammaproteobacteria; o__Pasteurellales; f__Pasteurellaceae; g__Haemophilus	0.9906303694959506
9ed672f2b4615d9ba315f1c842e32a69	d__Bacteria; p__Bacteroidota; c__Bacteroidia; o__Bacteroidales; f__Bacteroidaceae; g__Bacteroides; s__Bacteroides_dorei	0.9110634685834665
d2ae6ec69130e6cabe77b00660609d1e	d__Bacteria; p__Planctomycetota; c__Planctomycetes; o__Gemmatales; f__Gemmataceae; g__uncultured; s__uncultured_bacterium	0.8943229175981494
bb8f060621f095104f1d0b4277ed5c3e	d__Bacteria; p__Actinobacteriota; c__Actinobacteria; o__Corynebacteriales; f__Corynebacteriaceae	0.9999999867984485
0be0308a315cb7a78a677c7380eadd86	d__Bacteria; p__Firmicutes; c__Bacilli; o__Bacillales; f__Bacillaceae	0.9996360223785777
9e5e4022a056c0f8e74958aaf399ef4b	d__Bacteria; p__Bacteroidota; c__Bacteroidia; o__Chitinophagales; f__Chitinophagaceae; g__Niabella; s__Niabella_sp.	0.8918561679327797
c223f91c7aab4713383db0bb95742a11	d__Bacteria; p__Bacteroidota; c__Bacteroidia; o__Sphingobacteriales; f__Sphingobacteriaceae; g__Pedobacter	0.773190873076302
8ef4a0d8802704c14603eb27adc51d81	d__Bacteria; p__Planctomycetota; c__Planctomycetes; o__Planctomycetales; f__Rubinisphaeraceae; g__SH-PL14; s__Planctomyces_sp.	0.9254909525823707
90085546f11962f177758712797eb816	d__Bacteria; p__Proteobacteria; c__Gammaproteobacteria; o__Xanthomonadales; f__Xanthomonadaceae; g__Xanthomonas	0.9966880688122445
52f85d969f0bb86145b83b3944d3418c	d__Bacteria; p__Actinobacteriota; c__Actinobacteria; o__Micrococcales; f__Microbacteriaceae; g__Curtobacterium	0.7952582399900585
627e88d64ce4d1f436564d98903a91a6	d__Bacteria; p__Deinococcota; c__Deinococci; o__Thermales; f__Thermaceae; g__Thermus; s__Thermus_scotoductus	0.7014890367877327
d2057a36e1f7aab69a5b786e82cfe309	d__Bacteria; p__Actinobacteriota; c__Actinobacteria; o__Micrococcales; f__Microbacteriaceae; g__Curtobacterium	0.788597475004121
ab5ce9249209ac3dfc6d61eaecc7be62	d__Bacteria; p__Bacteroidota; c__Bacteroidia; o__Bacteroidales; f__Prevotellaceae; g__Prevotella; s__Prevotella_multiformis	0.9804526983000764
0ead3be2120ca1212371d32cacec070b	d__Bacteria; p__Firmicutes; c__Bacilli; o__Staphylococcales; f__Staphylococcaceae; g__Staphylococcus	0.9999855822540848
72ef85724edd7222ba8d8b9899ac53ef	d__Bacteria; p__Actinobacteriota; c__Actinobacteria; o__Propionibacteriales; f__Propionibacteriaceae; g__Cutibacterium	0.9999692801458602
2b5fc1687c3c55ac3585856e2f0f0fce	d__Bacteria; p__Actinobacteriota; c__Actinobacteria; o__Actinomycetales; f__Actinomycetaceae; g__F0332; s__uncultured_bacterium	0.9162488434157552
cd0f6278a082f8a0ea67fa2bf3923acc	d__Eukaryota; p__Mucoromycota; c__Incertae_Sedis; o__Mucorales; f__Rhizopodaceae; g__Rhizopus	0.742721460747868
a69c60c89e61f01ef2186bc7e8ee381c	d__Bacteria; p__Bacteroidota; c__Bacteroidia; o__Flavobacteriales; f__NS9_marine_group; g__NS9_marine_group	0.9999125958309784
2818322b21c15442f5cbe9f6176eb6b1	d__Eukaryota; p__Basidiomycota; c__Malasseziomycetes; o__Malasseziales; f__Malasseziaceae; g__Malassezia; s__Malassezia_globosa	0.7842178545151337
da4ab1af20f7e52888755034f0227150	d__Bacteria; p__Deinococcota; c__Deinococci; o__Deinococcales; f__Deinococcaceae; g__Deinococcus; s__uncultured_bacterium	0.9008154035239266
891bfed62fcb7467576baa7060899c6a	d__Bacteria; p__Actinobacteriota; c__Rubrobacteria; o__Rubrobacterales; f__Rubrobacteriaceae; g__Rubrobacter	0.9999999998046716
f2ff288b791469b9c3d3b919e7ed235d	d__Bacteria; p__Proteobacteria; c__Gammaproteobacteria; o__Pseudomonadales; f__Pseudomonadaceae; g__Pseudomonas	0.9999163899629905
c6ab17ea78d557e8c2cda31532787ee8	d__Bacteria; p__Proteobacteria; c__Alphaproteobacteria; o__Rhodobacterales; f__Rhodobacteraceae	0.999996804295872
bd4d5d614c753e5a154aff2dc222a50a	d__Bacteria; p__Firmicutes; c__Bacilli; o__Staphylococcales; f__Staphylococcaceae; g__Staphylococcus	0.9999055124542506
854a4f77d895bdfb4ef6233e7f16a910	d__Bacteria; p__Firmicutes; c__Bacilli; o__Lactobacillales; f__Streptococcaceae; g__Streptococcus	0.9999952430903789
abd00a1e7369a9d4c81ec3338d9f66d7	d__Eukaryota; p__Ascomycota; c__Sordariomycetes; o__Hypocreales; f__Incertae_Sedis; g__Acremonium	0.9999794585588881
9d5c1e6c41c07514342a48305b5d1637	d__Bacteria; p__Bacteroidota; c__Bacteroidia; o__Flavobacteriales; f__Flavobacteriaceae; g__Capnocytophaga; s__uncultured_Capnocytophaga	0.8918100072562132
af278eaa84276ea3abb5d9d1903eeb2d	d__Bacteria; p__Proteobacteria; c__Alphaproteobacteria; o__Sphingomonadales; f__Sphingomonadaceae; g__Sphingobium	0.9996400198912947
0fa08aafe478545d620f3d628751086c	d__Bacteria; p__Firmicutes; c__Clostridia; o__Lachnospirales; f__Lachnospiraceae; g__Stomatobaculum; s__uncultured_bacterium	0.9857766038087399
e36181fbdbe465db04dea5cd5bd24e96	d__Eukaryota; p__Ascomycota; c__Leotiomycetes; o__Helotiales	0.8401621194930775
69efc32c68304b49a758d09a81d2f502	d__Bacteria; p__Actinobacteriota; c__Actinobacteria; o__Corynebacteriales; f__Corynebacteriaceae; g__Corynebacterium	0.9997950372368033
606c688eef7129e5834d86fe6b5fea96	d__Eukaryota; p__Ascomycota; c__Saccharomycetes; o__Saccharomycetales; f__Incertae_Sedis; g__Starmerella-Candida_clade; s__[Candida]_etchellsii	0.9999999948878013
cfcb9d0476f0aba0e8667c30c0f8827f	d__Bacteria; p__Firmicutes; c__Bacilli; o__Staphylococcales; f__Staphylococcaceae; g__Staphylococcus	0.9999233927700472
48c6a633f15bbc3154f4d023446a9eeb	d__Bacteria; p__Cyanobacteria; c__Cyanobacteriia; o__Chloroplast; f__Chloroplast; g__Chloroplast	0.9999999999997631
147e131203b14ed5367cdbc5958e85e8	d__Bacteria; p__Actinobacteriota; c__Actinobacteria; o__Corynebacteriales; f__Corynebacteriaceae; g__Corynebacterium; s__Corynebacterium_tuberculostearicum	0.7297029521478153
8a4885d1960396ed96e6574d549c1ef0	d__Bacteria; p__Proteobacteria; c__Alphaproteobacteria; o__Acetobacterales; f__Acetobacteraceae	0.9999995186492913
0997227f0890b49c59e76534696e61e1	d__Bacteria; p__Bacteroidota; c__Bacteroidia; o__Bacteroidales; f__Prevotellaceae; g__Prevotella; s__Prevotella_jejuni	0.8252855931531468
2f0a22862905c537792b406ebd216f9f	d__Bacteria; p__Firmicutes; c__Bacilli; o__Bacillales; f__Bacillaceae; g__Bacillus	0.9110895843979899
c31ce01753e2fe1796ddf344100bff05	d__Bacteria; p__Actinobacteriota; c__Actinobacteria; o__Corynebacteriales; f__Corynebacteriaceae; g__Corynebacterium	0.9971712704095972
6e2d0144ed5d1b600f46b1e96226339d	d__Bacteria; p__Actinobacteriota; c__Actinobacteria; o__Micrococcales; f__Micrococcaceae; g__Micrococcus	0.9947256125254722
b0b83ad715faddd6e5ce8b5c1e0d6a98	d__Bacteria; p__Actinobacteriota; c__Actinobacteria; o__Actinomycetales; f__Actinomycetaceae; g__Actinomyces	0.9999999964584689
85cec8f58fec2fe548dd745ca99d8d3e	d__Bacteria; p__Actinobacteriota; c__Actinobacteria; o__Actinomycetales; f__Actinomycetaceae; g__Actinomyces; s__Winkia_neuii	0.9521058611447819
a84df3222ecfa4a95ff1c5b0a1dfb5a9	Unassigned	0.318908907357217
3b5f6aac8de9dd30048ff7b382e684c9	d__Bacteria; p__Proteobacteria; c__Alphaproteobacteria; o__Sphingomonadales; f__Sphingomonadaceae; g__Sphingomonas	0.9363476798922524
9129c93396f25f4921d20bba409484e9	d__Bacteria; p__Firmicutes; c__Clostridia; o__Lachnospirales; f__Lachnospiraceae; g__Johnsonella	0.9999999590619166
2fac1e60d517f4b2e7ef9e2ec6e4088c	d__Bacteria; p__Firmicutes; c__Bacilli; o__Lactobacillales; f__Lactobacillaceae; g__Lactobacillus; s__Lactobacillus_iners	0.9982070018940898
97862ff2de38d8652bdbdd882cbec1a1	d__Bacteria; p__Chloroflexi; c__Gitt-GS-136; o__Gitt-GS-136; f__Gitt-GS-136; g__Gitt-GS-136	0.9999999992412516
9165c676dbaa45f9ee645dc172756d8a	d__Bacteria; p__Bacteroidota; c__Bacteroidia; o__Cytophagales; f__Hymenobacteraceae; g__Hymenobacter; s__uncultured_bacterium	0.8806483226719339
68eb0253cf190bb886b8a74b513fe0d0	d__Bacteria; p__Bacteroidota; c__Bacteroidia; o__Flavobacteriales; f__Flavobacteriaceae; g__Capnocytophaga	0.999999997889919
79191a0845daae228596a83ea444e474	d__Bacteria; p__Firmicutes; c__Bacilli; o__Staphylococcales; f__Staphylococcaceae; g__Staphylococcus	0.9999820736318427
77481999d2a969f004a0a32f22747157	d__Bacteria; p__Actinobacteriota; c__Actinobacteria; o__Propionibacteriales; f__Nocardioidaceae; g__Marmoricola	0.9952472740527368
0de1004bc9fafc3865dbd83b72966bbd	d__Bacteria; p__Proteobacteria; c__Alphaproteobacteria; o__Sphingomonadales; f__Sphingomonadaceae; g__Sphingopyxis	0.9999944392088326
4fd67570a927a3c83a313e94dd318fe2	d__Eukaryota; p__Apicomplexa; c__Conoidasida; o__Gregarinasina; f__Eugregarinorida; g__Gregarina; s__Heterocapsaceae_environmental	0.9484318536581414
f5a34756f3a0dc91c7baa64f185db63f	d__Bacteria; p__Firmicutes; c__Bacilli; o__Staphylococcales; f__Staphylococcaceae; g__Staphylococcus	0.9984473672957768
46040541e7604eea7c5230d449e894d0	d__Bacteria; p__Proteobacteria; c__Gammaproteobacteria; o__Pasteurellales; f__Pasteurellaceae; g__Haemophilus	0.8240965963403375
0f3b9e211eef2d8d914de97912df4ae7	d__Bacteria; p__Proteobacteria; c__Gammaproteobacteria; o__Pseudomonadales; f__Pseudomonadaceae; g__Pseudomonas	0.9948533690845328
30d1a62a9c09b13043bf299c5154a7d2	d__Eukaryota; p__Ascomycota; c__Dothideomycetes; o__Pleosporales	0.9985238351463511
5a18b23c156aefde3ea4b33eb857251a	d__Bacteria; p__Chloroflexi; c__JG30-KF-CM66; o__JG30-KF-CM66; f__JG30-KF-CM66; g__JG30-KF-CM66; s__metagenome	0.9978291247925996
746995d2f5d885185797786f15f648fa	d__Bacteria; p__Cyanobacteria; c__Cyanobacteriia; o__Chloroplast; f__Chloroplast; g__Chloroplast	0.9999999999997924
50eee2ad245a89dd7c49161b0d784281	d__Bacteria; p__SAR324_clade(Marine_group_B); c__SAR324_clade(Marine_group_B); o__SAR324_clade(Marine_group_B); f__SAR324_clade(Marine_group_B); g__SAR324_clade(Marine_group_B)	0.9960271597084209
29a686efadea61f52cb18e5d2a33bb86	d__Bacteria; p__Proteobacteria; c__Gammaproteobacteria; o__Pseudomonadales; f__Moraxellaceae; g__Acinetobacter	0.9999994788202939
998486e321bdee5b919b01a994b6b118	d__Bacteria; p__WPS-2; c__WPS-2; o__WPS-2; f__WPS-2; g__WPS-2; s__hydrothermal_vent	0.916767355100201
f91c9bd4fc9d8b21a93caa8379b0d8c7	d__Bacteria; p__Proteobacteria; c__Gammaproteobacteria; o__Burkholderiales; f__Comamonadaceae	0.9999986621846579
2304726c887f51c445e5e34d7fd981ea	d__Bacteria; p__Bacteroidota; c__Bacteroidia; o__Bacteroidales; f__Prevotellaceae; g__Prevotella; s__Prevotella_baroniae	0.9999966963096514
c58d12ad9cf17eeb552b124bb4de870e	d__Bacteria; p__Proteobacteria; c__Alphaproteobacteria; o__Sphingomonadales; f__Sphingomonadaceae; g__Sphingomonas	0.9999916447713555
a3a4c56681c25239902bb59661ed74d4	Unassigned	0.4504317763181236
7fbad4facedad3174b719fd492fd0f87	d__Bacteria; p__Proteobacteria; c__Gammaproteobacteria; o__Pseudomonadales; f__Moraxellaceae; g__Acinetobacter; s__Acinetobacter_ursingii	0.9506133417712593
30b26e2252f9d9c1b0436aed627dc7ab	d__Bacteria; p__Bacteroidota; c__Bacteroidia; o__Bacteroidales; f__Prevotellaceae; g__Prevotella; s__Prevotella_melaninogenica	0.9929601680157439
ac0184ee9cd48efa7905a5dba622fb3e	d__Bacteria; p__Proteobacteria; c__Alphaproteobacteria; o__Rickettsiales; f__Mitochondria; g__Mitochondria	0.9999999991313613
d5632a9ed5cb1b8cbd6941d8a7f55921	d__Bacteria; p__Actinobacteriota; c__Actinobacteria; o__Micrococcales; f__Micrococcaceae; g__Rothia	0.9999631623829337
d87e9a3884fa88b44726ca79d67a2360	d__Bacteria; p__Proteobacteria; c__Gammaproteobacteria; o__Pseudomonadales; f__Pseudomonadaceae; g__Pseudomonas; s__Pseudomonas_luteola	0.9228189228374802
28b7e07659bcde53a20e0176e8902696	d__Bacteria; p__Firmicutes; c__Bacilli; o__Staphylococcales; f__Staphylococcaceae; g__Staphylococcus	0.9999911003468013
7ad7cf37a597fa0dd3c24481b79f5d70	d__Bacteria; p__Firmicutes; c__Bacilli; o__Bacillales; f__Bacillaceae; g__Bacillus	0.8864966683978608
231305712632302f8010352f3213596c	d__Bacteria; p__Actinobacteriota; c__Actinobacteria; o__Kineosporiales; f__Kineosporiaceae; g__Kineococcus	0.75760246359709
47c226839d3773518265007c8cf5b2d1	d__Bacteria; p__Bacteroidota; c__Bacteroidia; o__Cytophagales; f__Hymenobacteraceae; g__Pontibacter; s__Pontibacter_populi	0.9584305388865723
5d1cd9d8e3034957cd1c673f5b8d95c3	d__Bacteria; p__Bacteroidota; c__Bacteroidia; o__Cytophagales; f__Hymenobacteraceae; g__Adhaeribacter; s__Adhaeribacter_sp.	0.9856547801873503
7fa7a9ef0522323aa9bf04fb35c36a49	d__Bacteria; p__Actinobacteriota; c__Actinobacteria; o__Propionibacteriales; f__Nocardioidaceae; g__Nocardioides	0.9997537346197181
2546972b438b026324d78b42d3a375a9	d__Bacteria; p__Bacteroidota; c__Bacteroidia; o__Bacteroidales; f__Tannerellaceae; g__Tannerella	0.9999689244719545
09a4124dc11dfb3d08999a50f784a911	d__Bacteria; p__Bacteroidota; c__Bacteroidia; o__Flavobacteriales; f__Flavobacteriaceae; g__Flavobacterium	0.9999712171573101
e83db8d155b58a0e99f029e35749b24d	d__Bacteria; p__Proteobacteria; c__Gammaproteobacteria; o__Burkholderiales; f__Comamonadaceae	0.9999882268688073
6191eb6a7317baa20fee65cae9e670ea	d__Bacteria; p__Proteobacteria; c__Alphaproteobacteria; o__Rhizobiales; f__Rhizobiaceae; g__Aureimonas	0.9709828914671148
3e9760e10345249eea02d88d62fdf47d	d__Bacteria	0.9435127844354858
bf2e3003989999211d0ecc4603196d26	d__Bacteria; p__Proteobacteria; c__Gammaproteobacteria; o__Burkholderiales; f__Comamonadaceae	0.9999994501536322
a12fcfc3b81e9fc1e4dc77518f42c2cc	d__Bacteria; p__Actinobacteriota; c__Actinobacteria; o__Micrococcales; f__Micrococcaceae; g__Micrococcus	0.9946075150353472
dd86b03881b133aad784405c5ed2eb99	d__Eukaryota; p__Vertebrata; c__Mammalia; o__Mammalia; f__Mammalia; g__Mammalia; s__Pan_troglodytes	0.9999994744538401
b3e454d37369c352adf62e947031e9f9	d__Eukaryota; p__Phragmoplastophyta; c__Embryophyta; o__Magnoliophyta; f__Magnoliophyta; g__Magnoliophyta; s__Phaseoleae_environmental	0.9465879631614965
c28d25988a40f07a876548e4724a353b	d__Bacteria; p__Firmicutes; c__Clostridia; o__Lachnospirales; f__Lachnospiraceae; g__Blautia	0.9799886296910538
f8dab2be31eb4061000e581507654d92	d__Bacteria; p__Firmicutes; c__Negativicutes; o__Veillonellales-Selenomonadales; f__Selenomonadaceae; g__Selenomonas; s__Selenomonas_sputigena	0.9498819871850581
10f8d03f097973d1b4525b0e8dc10d40	d__Bacteria; p__Chloroflexi; c__Chloroflexia; o__Thermomicrobiales; f__JG30-KF-CM45; g__JG30-KF-CM45; s__uncultured_bacterium	0.9999547622496063
12002c07dce61ca903143278e79d2932	d__Bacteria; p__Bacteroidota; c__Bacteroidia; o__Flavobacteriales; f__Weeksellaceae; g__Chryseobacterium	0.9956434946405858
bfed933e3272b3b064bd29458b3671af	d__Bacteria; p__Bdellovibrionota; c__Oligoflexia; o__Silvanigrellales; f__Silvanigrellaceae; g__Silvanigrella	0.9894164106921112
ec9346f2c41fc7a745787ed5b2246605	d__Bacteria; p__Proteobacteria; c__Alphaproteobacteria; o__Rhodobacterales; f__Rhodobacteraceae	0.9998441149261253
6665d7bc984e8c73c4966cfe2d1dd1ad	d__Bacteria; p__Proteobacteria; c__Gammaproteobacteria; o__Burkholderiales; f__Alcaligenaceae	0.9999999994964238
106d472558209e207820c1d0f782bffd	d__Bacteria; p__Campilobacterota; c__Campylobacteria; o__Campylobacterales; f__Campylobacteraceae; g__Campylobacter	0.999999988581467
8950e27d62aa32df69862ec0ea1c03e3	d__Bacteria; p__Bacteroidota; c__Bacteroidia; o__Sphingobacteriales; f__Sphingobacteriaceae; g__Pedobacter	0.9859490753016087
e6f16a37be78c20923c5c21faf88df96	d__Bacteria; p__Proteobacteria; c__Alphaproteobacteria; o__Rhodospirillales; f__uncultured; g__uncultured	0.99832325667653
0fd25e8e773c804de9dcd7e0b7cfc767	d__Bacteria; p__Bacteroidota; c__Bacteroidia; o__Flavobacteriales; f__Flavobacteriaceae; g__Capnocytophaga; s__Capnocytophaga_haemolytica	0.9826607059369065
ecc4d103693bf247200831bcf16c721d	d__Bacteria; p__Proteobacteria; c__Gammaproteobacteria; o__Pseudomonadales; f__Moraxellaceae; g__Enhydrobacter	0.8332804253553894
df88747dacd645bc160954040f714665	d__Bacteria; p__Firmicutes; c__Clostridia; o__Peptostreptococcales-Tissierellales; f__Peptostreptococcales-Tissierellales; g__Anaerococcus; s__Anaerococcus_octavius	0.9168405813422849
8a738679cc9d5b3a731fbd3a60aaf925	d__Bacteria; p__Firmicutes; c__Negativicutes; o__Veillonellales-Selenomonadales; f__Selenomonadaceae	0.9999999961524055
04d40ffdc80f177db23e3977cc073317	d__Bacteria; p__Bacteroidota; c__Bacteroidia; o__Bacteroidales; f__Porphyromonadaceae; g__Porphyromonas; s__Porphyromonas_canoris	0.9999856365473493
89e7f586963b7a429bb923e4e997d971	d__Bacteria; p__Proteobacteria; c__Gammaproteobacteria; o__Enterobacterales; f__Enterobacteriaceae	0.8976329661361446
34b951d67541f2ecd63c0ef345d46467	d__Bacteria; p__Bacteroidota; c__Bacteroidia; o__Flavobacteriales; f__Weeksellaceae; g__Chishuiella; s__Chishuiella_changwenlii	0.9958632683546561
9704e98b9a41ed108159824b8f3b5dbe	d__Bacteria; p__Proteobacteria; c__Alphaproteobacteria; o__Sphingomonadales; f__Sphingomonadaceae; g__Sphingomonas	0.9978140866473805
7fceaab80333eda41057e265cc0a730e	d__Bacteria; p__Fusobacteriota; c__Fusobacteriia; o__Fusobacteriales; f__Fusobacteriaceae; g__Fusobacterium	0.9999999999665551
504392f319b4b896774b3476503daebf	d__Bacteria; p__Proteobacteria; c__Alphaproteobacteria; o__Sphingomonadales; f__Sphingomonadaceae; g__Sphingobium	0.999318417515257
01f978abbe2a012fa7bca74c8b27e4b9	d__Bacteria; p__Actinobacteriota; c__Actinobacteria; o__Corynebacteriales; f__Nocardiaceae; g__Rhodococcus	0.9999930129924941
a8ca616b08d0f44765dd7752d93adb56	d__Bacteria; p__Proteobacteria; c__Alphaproteobacteria; o__Rhodobacterales; f__Rhodobacteraceae; g__Paracoccus	0.9666942639004568
2d19fe7f66a3cad712d139a20b8c239e	d__Bacteria; p__Proteobacteria; c__Alphaproteobacteria; o__Tistrellales; f__Geminicoccaceae; g__Candidatus_Alysiosphaera	0.7138725768138828
22eab1ae2bd69fd26a41a544fb9231d8	d__Bacteria; p__Actinobacteriota; c__Actinobacteria; o__Corynebacteriales; f__Corynebacteriaceae; g__Corynebacterium	0.9998924273746583
e6c23825341efb07e62614990f611f9c	d__Bacteria; p__Actinobacteriota; c__Actinobacteria; o__Kineosporiales; f__Kineosporiaceae; g__Kineosporia; s__uncultured_bacterium	0.7277472354374673
1f35796be8cbd2ead9809b6da34425a0	d__Bacteria; p__Proteobacteria; c__Alphaproteobacteria; o__Sphingomonadales; f__Sphingomonadaceae; g__Sphingobium	0.9996409493698697
d3a18c4a2d5c5100a7ccfcb72083aadb	d__Bacteria; p__Actinobacteriota; c__Actinobacteria; o__Corynebacteriales; f__Corynebacteriaceae; g__Corynebacterium	0.9822146560901491
302f02822b5dfca2b6ff3b69db078707	d__Eukaryota; p__Phragmoplastophyta; c__Embryophyta; o__Magnoliophyta; f__Magnoliophyta; g__Magnoliophyta	0.9987995881787043
7c50d1a03403399df070949e6ce7512b	d__Bacteria; p__Bacteroidota; c__Bacteroidia; o__Bacteroidales; f__Porphyromonadaceae; g__Porphyromonas	0.9999996172207328
f6d26f1dd40a5101426ee5784703fbb6	d__Bacteria; p__Proteobacteria; c__Gammaproteobacteria; o__Pseudomonadales; f__Pseudomonadaceae; g__Pseudomonas	0.9998716825940261
3727d514e98e3e82578a8ac8720deaf5	d__Bacteria; p__Firmicutes; c__Bacilli; o__Lactobacillales; f__Carnobacteriaceae; g__Atopostipes; s__uncultured_bacterium	0.8202449332777163
0f6c74f7df16a8bd6fb65de1b06c526b	d__Bacteria; p__Proteobacteria; c__Alphaproteobacteria; o__Sphingomonadales; f__Sphingomonadaceae; g__Sphingomonas	0.9979001516134784
e6b4f0f6951cbf7b6d201ae541b610ad	d__Bacteria; p__Firmicutes; c__Clostridia; o__Peptostreptococcales-Tissierellales; f__Peptostreptococcales-Tissierellales; g__Finegoldia	0.9999999999775323
c13517c9b881c925f6abcb9e8d8d553a	d__Eukaryota; p__Phragmoplastophyta; c__Embryophyta; o__Magnoliophyta; f__Magnoliophyta; g__Magnoliophyta; s__Phaseoleae_environmental	0.9210754163533669
de54ce56bc16c19c18946a7b83c1a057	d__Eukaryota; p__Arthropoda; c__Insecta; o__Diptera; f__Diptera; g__Diptera; s__Chironomus_tentans	0.999146694452343
e4ba438dabdba2e85903b3a56b6297dc	d__Bacteria; p__Firmicutes; c__Clostridia; o__Peptostreptococcales-Tissierellales; f__Peptostreptococcales-Tissierellales; g__Anaerococcus	0.9999999999967822
8094d8b720316f30ab626bcad987654d	d__Bacteria; p__Spirochaetota; c__Spirochaetia; o__Spirochaetales; f__Spirochaetaceae; g__Treponema; s__Treponema_medium	0.817448726741824
5199c6d2edf2ea9e5412854733dd0853	d__Bacteria; p__Proteobacteria; c__Alphaproteobacteria; o__Rhizobiales; f__Rhizobiaceae; g__Mesorhizobium	0.8958159158347322
6f7911102e98de99a139d01d0e315c2e	d__Bacteria; p__Actinobacteriota; c__Actinobacteria; o__Micrococcales; f__Microbacteriaceae; g__Curtobacterium	0.7946164355973376
160092a29379384a4f4a6cd1413d6397	d__Bacteria; p__Bacteroidota; c__Bacteroidia; o__Flavobacteriales; f__Flavobacteriaceae; g__Flavobacterium	0.9999961357653867
828ec2fb3f5a7e1d2318fba27b46b51e	d__Bacteria; p__Fusobacteriota; c__Fusobacteriia; o__Fusobacteriales; f__Leptotrichiaceae; g__Leptotrichia	0.9999999999941229
ac545769992299acc2845fb4cdaba490	d__Bacteria; p__Bacteroidota; c__Bacteroidia; o__Chitinophagales; f__Chitinophagaceae; g__Flavisolibacter; s__uncultured_soil	0.9896562516066302
012ea663900fd1f4d3592a9ef02fc042	d__Bacteria; p__Planctomycetota; c__Planctomycetes; o__Planctomycetales; f__Rubinisphaeraceae; g__uncultured	0.9996805983419401
5588f4e9dbd253b18c411ee4dee69c97	d__Bacteria; p__Fusobacteriota; c__Fusobacteriia; o__Fusobacteriales; f__Leptotrichiaceae; g__Leptotrichia; s__Leptotrichia_buccalis	0.9185151038519483
fe35de37dbb93423ba9cb93e379a866f	d__Bacteria; p__Actinobacteriota; c__Actinobacteria; o__Corynebacteriales; f__Corynebacteriaceae; g__Corynebacterium	0.9999996999398423
f04a78073d9378204957039db19846d2	d__Eukaryota; p__Phragmoplastophyta; c__Embryophyta; o__Pinophyta; f__Pinophyta; g__Pinophyta; s__Juniperus_monosperma	0.838564930401458
203e3e0fed5437505af08efb13aaa800	d__Bacteria; p__Firmicutes; c__Clostridia; o__Peptostreptococcales-Tissierellales; f__Peptostreptococcales-Tissierellales; g__Anaerococcus	0.9999999999991003
de8d856151e8af3d56cde77fc0e5cd92	d__Bacteria; p__Bacteroidota; c__Bacteroidia; o__Flavobacteriales; f__Flavobacteriaceae; g__Capnocytophaga; s__Capnocytophaga_granulosa	0.9428451357780355
7a1a6ed69ab247a8e899412c133c482c	d__Bacteria; p__Proteobacteria; c__Alphaproteobacteria; o__Acetobacterales; f__Acetobacteraceae; g__Roseomonas; s__Roseomonas_ludipueritiae	0.8374540449293042
f5d60e7ae7c981fe3b7f6bbea32bfbfb	d__Bacteria; p__Actinobacteriota; c__Actinobacteria; o__Propionibacteriales; f__Nocardioidaceae; g__Nocardioides	0.9884814847410738
2d1cea0551548bd97fc659cd50e0e426	d__Bacteria; p__Chloroflexi; c__Chloroflexia; o__Thermomicrobiales; f__AKYG1722; g__AKYG1722	0.9999999999995516
ef1853546ab11056146a109ff88bfe44	d__Eukaryota; p__Ascomycota; c__Dothideomycetes; o__Capnodiales	0.8996719967954977
99172756aee640a25628ca9094aee4af	d__Bacteria; p__Actinobacteriota; c__Actinobacteria; o__Micrococcales; f__Micrococcaceae; g__Micrococcus	0.9935481131764927
63855cff516316691cece75ebaf9e0e1	d__Bacteria; p__Firmicutes; c__Bacilli; o__Lactobacillales; f__Carnobacteriaceae; g__Granulicatella	0.8261210609107518
1f90cb24a9618142c6dbd8c471f5a170	d__Bacteria; p__Actinobacteriota; c__Actinobacteria; o__Micrococcales; f__Micrococcaceae; g__Rothia	0.999973459536527
347d10fa1e0d260c4961e8964f2e1d70	d__Bacteria; p__Firmicutes; c__Bacilli; o__Staphylococcales; f__Staphylococcaceae; g__Staphylococcus	0.9999851284196648
3ba757295529a6dea859422887511dbd	d__Bacteria; p__Firmicutes; c__Bacilli; o__Lactobacillales; f__Streptococcaceae; g__Streptococcus	0.9994709580721426
8928e3fd4e52964e55bbfd03c8c5f03a	d__Bacteria; p__Firmicutes; c__Bacilli; o__Staphylococcales; f__Staphylococcaceae; g__Staphylococcus	0.9999832802866905
e94cc9b37cfda173486e6338000598b1	d__Bacteria; p__Actinobacteriota; c__Actinobacteria; o__Corynebacteriales; f__Corynebacteriaceae; g__Corynebacterium; s__Corynebacterium_glucuronolyticum	0.9485434554287066
6c21ac21baf24f2469396d6e52f8ed30	d__Bacteria; p__Proteobacteria; c__Alphaproteobacteria; o__Rhizobiales; f__Devosiaceae	0.9999858500305087
d16b2b5597ccb6376422fa347901148b	d__Bacteria; p__Spirochaetota; c__Spirochaetia; o__Spirochaetales; f__Spirochaetaceae; g__Treponema; s__Treponema_socranskii	0.9003353988037966
a930e4e27d93dd0d5326cc434e4e038c	d__Bacteria; p__Fusobacteriota; c__Fusobacteriia; o__Fusobacteriales; f__Leptotrichiaceae; g__Leptotrichia; s__Leptotrichia_buccalis	0.9302930090252775
915ce9a25ef9555855475b192d213664	d__Bacteria; p__Firmicutes; c__Clostridia; o__Peptostreptococcales-Tissierellales; f__Peptostreptococcales-Tissierellales; g__Peptoniphilus	0.9999999999993006
b6e0ae61861e01bccaa7a0233995a68c	d__Bacteria; p__Cyanobacteria; c__Cyanobacteriia; o__Oxyphotobacteria_Incertae_Sedis; f__Unknown_Family; g__CENA359; s__uncultured_bacterium	0.9744957013186123
d198cedb6f15d8fd89e2ab19f3bd8445	d__Bacteria; p__Actinobacteriota; c__Actinobacteria; o__Streptosporangiales; f__Nocardiopsaceae; g__Nocardiopsis	0.9988917595742548
4e6fd2011f69c8a8e8c9fc2ac80bfc51	d__Bacteria; p__Proteobacteria; c__Gammaproteobacteria; o__Enterobacterales; f__Enterobacteriaceae	0.8984063348934391
c2b5f108727548cd45178f09c6000398	d__Bacteria; p__Proteobacteria; c__Alphaproteobacteria; o__Sphingomonadales; f__Sphingomonadaceae; g__Altererythrobacter; s__uncultured_Sphingomonadales	0.8175208420704415
4d1fa58c40123f94e0d30d993b29220c	d__Bacteria; p__Proteobacteria; c__Alphaproteobacteria; o__Rhodobacterales; f__Rhodobacteraceae	0.9595805149974558
64329db26e07dd2866ff5dd1ba1ff119	d__Bacteria; p__Firmicutes; c__Clostridia; o__Oscillospirales; f__Ruminococcaceae; g__DTU089; s__uncultured_organism	0.8348693854076737
ad84b1d72bc058a599f737c2612e097f	d__Bacteria; p__Fusobacteriota; c__Fusobacteriia; o__Fusobacteriales; f__Fusobacteriaceae; g__Fusobacterium	0.9999999999880509
d7331d5944620b61474f8fa1096d091e	d__Bacteria; p__Actinobacteriota; c__Actinobacteria; o__Corynebacteriales; f__Corynebacteriaceae; g__Corynebacterium	0.9964973501737315
3bdd8d7ea84aa0c60b5350f6a12f98ef	d__Bacteria; p__Firmicutes; c__Bacilli; o__Staphylococcales; f__Staphylococcaceae; g__Auricoccus-Abyssicoccus	0.719608243898082
3691e85907a939e8f22dc20d53ab548b	d__Bacteria; p__Proteobacteria; c__Gammaproteobacteria; o__Salinisphaerales; f__Salinisphaeraceae; g__Salinisphaera; s__Salinisphaera_sp.	0.8098090056412383
1adc2d0aa3b2e5e7fe1463b4697c1c9b	d__Bacteria; p__Proteobacteria; c__Alphaproteobacteria; o__Rhizobiales; f__Beijerinckiaceae; g__Methylobacterium-Methylorubrum	0.9982791236104034
a71967067fe8eca4b75f2b6f97af2e65	d__Bacteria; p__Firmicutes; c__Bacilli; o__Staphylococcales; f__Staphylococcaceae; g__Staphylococcus	0.9999870349542551
c7de2b2310acd53391c6bdc1e62adfd0	d__Bacteria; p__Proteobacteria; c__Alphaproteobacteria; o__Sphingomonadales; f__Sphingomonadaceae; g__Sphingobium; s__Sphingobium_amiense	0.7116686157079485
c01b0e532b584b63e664500410c2d663	d__Bacteria; p__Acidobacteriota; c__Acidobacteriae; o__Bryobacterales; f__Bryobacteraceae; g__Bryobacter	0.999996767687655
ec9a91b2d82fa7d8e4734092d4a3cf51	d__Bacteria; p__Bacteroidota; c__Bacteroidia; o__Flavobacteriales; f__Weeksellaceae; g__Chryseobacterium	0.9999838352484567
8c682b50184b9686876a3ca78f8c29f6	d__Bacteria; p__Cyanobacteria; c__Cyanobacteriia; o__Chloroplast; f__Chloroplast; g__Chloroplast	0.99999999999881
6841278fc4f649767b79a7701fb1f703	d__Bacteria; p__Firmicutes; c__Bacilli; o__Lactobacillales; f__Streptococcaceae; g__Streptococcus	0.9997189674929176
c45ae4b9d93a805a13841bc676555cd8	d__Bacteria; p__Proteobacteria; c__Alphaproteobacteria; o__Caulobacterales; f__Parvularculaceae; g__Amphiplicatus; s__uncultured_bacterium	0.7622687519637045
1fbc4cf95c97e31957864af70de72b90	d__Eukaryota; p__Mucoromycota; c__Incertae_Sedis; o__Mucorales; f__Mucoraceae; g__Mucor	0.9944064887385433
c2fc6f66eb6fa20afa2545dddf8e2f83	d__Bacteria; p__Actinobacteriota; c__Rubrobacteria; o__Rubrobacterales; f__Rubrobacteriaceae; g__Rubrobacter	0.999999999718006
b9878a92f67ddae58e8c92be33d05fe3	d__Bacteria; p__Actinobacteriota; c__Thermoleophilia; o__Gaiellales; f__Gaiellaceae; g__Gaiella	0.9970324410693044
7c1c6c34e987bf783b421dc7f4fd4ea7	d__Bacteria; p__Firmicutes; c__Clostridia; o__Lachnospirales; f__Lachnospiraceae	0.8949991935100966
8bb00bdcb06a01a82a41ae960bcf08de	d__Bacteria; p__Proteobacteria; c__Alphaproteobacteria; o__Acetobacterales; f__Acetobacteraceae; g__Acetobacter	0.9996036893926111
89bb3f40fbf721c94d2705d0224aede0	d__Bacteria; p__Firmicutes; c__Bacilli; o__Bacillales; f__Planococcaceae; g__Domibacillus; s__Bacillus_sp.	0.7271823088062438
71e14d5f26ad97b0ad0f5fded6c1fa20	d__Bacteria; p__Proteobacteria; c__Gammaproteobacteria; o__Xanthomonadales; f__Xanthomonadaceae; g__Lysobacter	0.9858864571048961
30bfa5016000449be6c6503cf0d9848e	d__Bacteria; p__Bacteroidota; c__Bacteroidia; o__Flavobacteriales; f__Flavobacteriaceae; g__Capnocytophaga	0.9999999997458058
8ea8bfbcb658b9849bea390fe5cc2609	d__Bacteria; p__Firmicutes; c__Bacilli; o__Bacillales; f__Bacillaceae; g__Bacillus	0.9991699507695481
b2ea4fe63f6832eecf99f0f5f67bd042	d__Bacteria; p__Proteobacteria; c__Alphaproteobacteria; o__Rhodobacterales; f__Rhodobacteraceae; g__Paracoccus	0.9943257577231083
50da4e843f7932d08d662e58fff26c87	d__Bacteria; p__Firmicutes; c__Bacilli; o__Lactobacillales; f__Streptococcaceae; g__Streptococcus	0.9995268319533903
48f58389f905eb0c0d5061855c5fb208	d__Bacteria; p__Actinobacteriota; c__Acidimicrobiia; o__Microtrichales; f__uncultured; g__uncultured	0.7130335757162373
fed932a36caaaf40330eff7463910a57	d__Bacteria; p__Fusobacteriota; c__Fusobacteriia; o__Fusobacteriales; f__Leptotrichiaceae; g__Leptotrichia; s__Leptotrichia_buccalis	0.9025719114591366
4142c94ee256a10be8852b77dfe05d0e	d__Bacteria; p__Firmicutes; c__Bacilli; o__Lactobacillales; f__Streptococcaceae; g__Streptococcus	0.9995439615080992
634de7d68ac1d432c0c544964d03f534	d__Bacteria; p__Proteobacteria; c__Gammaproteobacteria; o__Pseudomonadales; f__Pseudomonadaceae; g__Pseudomonas	0.9998862549201686
4d820163243fe180b80b275842bac07c	d__Eukaryota; p__Arthropoda; c__Arachnida; o__Acari; f__Acari; g__Acari; s__Dermatophagoides_evansi	0.9996160066207459
4e33dcb02bc6019a90f5d494a8068623	d__Bacteria; p__Firmicutes; c__Clostridia; o__Christensenellales; f__Christensenellaceae; g__Christensenellaceae_R-7_group; s__uncultured_marine	0.999602525922228
7e1fd92737f73e7dadcd67f26676e2dd	d__Bacteria; p__Bacteroidota; c__Bacteroidia; o__Bacteroidales; f__Prevotellaceae; g__Alloprevotella; s__unidentified	0.7400291591265432
061729b0939d3af5ea65d0908d6afe5a	d__Bacteria; p__Proteobacteria; c__Gammaproteobacteria; o__Enterobacterales; f__Enterobacteriaceae	0.9587835850255344
3a121eb844b5be99079bdf10e7625629	d__Bacteria; p__Firmicutes; c__Clostridia; o__Lachnospirales; f__Lachnospiraceae; g__uncultured	0.8517154894606583
d7902160fd03a28e3a82869681b8f2bc	d__Bacteria; p__Bacteroidota; c__Bacteroidia; o__Sphingobacteriales; f__Sphingobacteriaceae; g__Sphingobacterium	0.9999996897653375
bfcab6843bfa5748da7575ec67641ca6	d__Bacteria; p__Proteobacteria; c__Gammaproteobacteria; o__Burkholderiales; f__Comamonadaceae; g__Comamonas	0.972399610862413
23de64be34e9075b72338971241efbab	d__Bacteria; p__Proteobacteria; c__Gammaproteobacteria; o__Burkholderiales; f__Neisseriaceae; g__Conchiformibius	0.8474819655301543
57b233c6b33997b46fb76b8c8490062f	d__Eukaryota; p__Basidiomycota; c__Malasseziomycetes; o__Malasseziales; f__Malasseziaceae; g__Malassezia; s__Malassezia_slooffiae	0.999999999921954
f900c314971ef250102c6a2aa041e43c	d__Bacteria; p__Proteobacteria; c__Gammaproteobacteria; o__Enterobacterales; f__Erwiniaceae; g__Pantoea	0.7646242934765733
b52276d2aeb0f98028ac027d275e60d7	d__Bacteria; p__Proteobacteria; c__Gammaproteobacteria; o__Pseudomonadales; f__Pseudomonadaceae; g__Pseudomonas	0.9887307944844794
f807f3a480613b5ebfe03b34360397b6	d__Bacteria; p__Actinobacteriota; c__Actinobacteria; o__Streptosporangiales; f__Streptosporangiaceae; g__Sphaerisporangium; s__Sphaerisporangium_sp.	0.8050382841627257
569ea4480640e9b4aef13c4b1bcb6f22	d__Bacteria; p__Proteobacteria; c__Gammaproteobacteria; o__Pseudomonadales; f__Moraxellaceae; g__Alkanindiges; s__uncultured_gamma	0.7953129369377742
966dd2997b9f81c027e5770f2fcd3b13	d__Bacteria; p__Bacteroidota; c__Bacteroidia; o__Cytophagales; f__Hymenobacteraceae; g__Hymenobacter; s__Hymenobacter_cavernae	0.9532890474786881
437ca1a23082416a446b31c30681654b	d__Bacteria; p__Gemmatimonadota; c__Gemmatimonadetes; o__Gemmatimonadales; f__Gemmatimonadaceae; g__Gemmatimonas	0.9999999398516668
1004c84552e15622c1fc3b2f074c61d9	d__Bacteria; p__Cyanobacteria; c__Vampirivibrionia; o__Obscuribacterales; f__Obscuribacteraceae; g__Obscuribacteraceae	0.999994883515546
93942592cfc3fb827e4f7d802bb0a118	d__Bacteria; p__Firmicutes; c__Bacilli; o__Staphylococcales; f__Staphylococcaceae; g__Staphylococcus	0.999978824035275
a6a15ff1b49b1a992aa1ff72345f2dad	d__Bacteria; p__Fusobacteriota; c__Fusobacteriia; o__Fusobacteriales; f__Leptotrichiaceae; g__Leptotrichia; s__Leptotrichia_goodfellowii	0.9999514113781751
02e18793ae33713c8c46581e5676938f	d__Bacteria; p__Proteobacteria; c__Alphaproteobacteria; o__Rhodobacterales; f__Rhodobacteraceae; g__Amaricoccus; s__uncultured_Amaricoccus	0.9564938506731251
038ead1d253381911d058c53fb771336	d__Bacteria; p__Proteobacteria; c__Gammaproteobacteria; o__Burkholderiales; f__Neisseriaceae	0.9999999599650666
0730f94c01a7a2c2cb250b257b286f24	d__Bacteria; p__Proteobacteria; c__Alphaproteobacteria; o__Sphingomonadales; f__Sphingomonadaceae; g__Sphingomonas; s__Sphingomonas_panaciterrae	0.9115534903018595
1d11c5718a11167343e047fe3068c9e4	d__Bacteria; p__Bacteroidota; c__Bacteroidia; o__Bacteroidales; f__Tannerellaceae; g__Tannerella	0.9999241363621475
964f1be63f2df367b042384a54b73bac	d__Bacteria; p__Firmicutes; c__Clostridia; o__Peptostreptococcales-Tissierellales; f__Peptostreptococcales-Tissierellales; g__Anaerococcus	0.9999999999998068
77eefae5ff79e7f222bc1e62047b136d	d__Eukaryota; p__Basidiomycota; c__Tremellomycetes; o__Tremellales; f__Bulleribasidiaceae; g__Vishniacozyma; s__Vishniacozyma_dimennae	0.9972146155105192
ff196dab979721c732fb9822b60d608f	d__Bacteria; p__Proteobacteria; c__Alphaproteobacteria; o__Sphingomonadales; f__Sphingomonadaceae; g__Sphingomonas	0.972106011482566
a0455d5ed8b47fa1b1feb54fda332a7c	d__Bacteria; p__Bacteroidota; c__Bacteroidia; o__Flavobacteriales; f__Weeksellaceae; g__Chryseobacterium; s__Chryseobacterium_bovis	0.9114831759527152
ac440baab294b68179df9922956918d2	d__Bacteria; p__Actinobacteriota; c__Actinobacteria; o__Propionibacteriales; f__Propionibacteriaceae; g__Micropruina; s__metagenome	0.8586051021215896
075a912c480ded1640d8b9bb10bd32f3	d__Bacteria; p__Cyanobacteria; c__Cyanobacteriia; o__Chloroplast; f__Chloroplast; g__Chloroplast	0.9999999999974789
236b04180aede2cc646b7e4cd8af9c50	d__Bacteria; p__Bacteroidota; c__Bacteroidia; o__Flavobacteriales; f__Flavobacteriaceae; g__Capnocytophaga; s__Capnocytophaga_ochracea	0.8265774252105091
afc7f589bd362fee21040d1bad59a987	d__Bacteria; p__Actinobacteriota; c__Acidimicrobiia; o__Microtrichales; f__uncultured; g__uncultured; s__wastewater_metagenome	0.9986930524771581
60f04277fb02a1566ae4e026879215e2	d__Bacteria; p__Proteobacteria; c__Alphaproteobacteria; o__Rhizobiales; f__Rhizobiaceae	0.9977163674584141
b92559ecf4731c2b05a515f5c03f804b	d__Bacteria; p__Proteobacteria; c__Alphaproteobacteria; o__Rickettsiales; f__Mitochondria; g__Mitochondria	0.9999999999999956
05aefcb20277533f84e079c3ac1fe171	d__Bacteria; p__Proteobacteria; c__Alphaproteobacteria; o__Rhodobacterales; f__Rhodobacteraceae; g__Paracoccus	0.9422806398368997
f651681dd08be69ced942a98357490e2	d__Bacteria; p__Actinobacteriota; c__Actinobacteria; o__Pseudonocardiales; f__Pseudonocardiaceae; g__Actinophytocola	0.989417430874048
714de2c88d2d5fa94ce9796488c7b4da	d__Bacteria; p__Proteobacteria; c__Gammaproteobacteria; o__Salinisphaerales; f__Solimonadaceae; g__Hydrocarboniphaga	0.9999999024718901
e8e667bae260d28a2da79f09a578d883	d__Bacteria; p__Actinobacteriota; c__Thermoleophilia; o__Solirubrobacterales; f__Solirubrobacteraceae; g__Conexibacter; s__Solirubrobacterales_bacterium	0.9360927221005235
114364d275bb2aaf4b3fe43c410bfe43	d__Bacteria; p__Chloroflexi; c__Chloroflexia; o__Thermomicrobiales; f__JG30-KF-CM45; g__JG30-KF-CM45; s__uncultured_bacterium	0.9697575152313089
2fb15b4e6ce001f662e6a53d3d91bca6	d__Bacteria; p__Actinobacteriota; c__Actinobacteria; o__Micrococcales; f__Promicromonosporaceae; g__Isoptericola	0.9772303790885911
2cffb88f1f900eaa2a0142b2d89ea5a8	d__Bacteria; p__Firmicutes; c__Clostridia; o__Lachnospirales; f__Defluviitaleaceae; g__Defluviitaleaceae_UCG-011; s__Lachnospiraceae_bacterium	0.9997291595023622
ae87082216d468f8d257ffa3f3e0f192	d__Bacteria; p__Proteobacteria; c__Alphaproteobacteria; o__Sphingomonadales; f__Sphingomonadaceae; g__Sphingobium	0.999495957304802
f921bac458fcd1a929e79891ccf292c2	d__Bacteria; p__Actinobacteriota; c__Actinobacteria; o__Micrococcales; f__Microbacteriaceae; g__Agrococcus; s__Agrococcus_casei	0.7606906609909124
b53a1fb94fc20c614c8199a6933287e6	d__Bacteria; p__Proteobacteria; c__Alphaproteobacteria; o__Rhizobiales; f__Devosiaceae; g__Devosia	0.974816630940537
f4827509cda15cad38775f2e02f3118e	d__Bacteria; p__Firmicutes; c__Bacilli; o__Lactobacillales; f__Streptococcaceae; g__Streptococcus	0.9999913186259448
08c28518962a25b53ddf504676045267	d__Bacteria; p__Armatimonadota; c__Armatimonadia; o__Armatimonadales; f__Armatimonadales; g__Armatimonadales	0.7583986355139462
252955c32c5f48ad88323415cffe3399	d__Bacteria; p__Firmicutes; c__Clostridia; o__Peptostreptococcales-Tissierellales; f__Peptostreptococcaceae; g__[Eubacterium]_yurii_group	0.8332471405079538
250e4513e39522a4a445ad0c39d476bd	d__Bacteria; p__Actinobacteriota; c__Actinobacteria; o__Streptomycetales; f__Streptomycetaceae; g__Streptomyces	0.9638337695477062
bf12beb323319e25fc67831b96282f19	d__Bacteria; p__Cyanobacteria; c__Cyanobacteriia; o__Chloroplast; f__Chloroplast; g__Chloroplast	0.9999999999998888
d059c7318fc2469c0b7fdb998d782f12	d__Bacteria; p__Firmicutes; c__Clostridia; o__Peptostreptococcales-Tissierellales; f__Peptostreptococcales-Tissierellales; g__Finegoldia	0.9999999998670906
dcd7a0b40c1ebedc71fde573227d0b5a	d__Bacteria; p__Actinobacteriota; c__Actinobacteria; o__Micrococcales; f__Microbacteriaceae	0.9985289175049913
a478d7c37befb68321cc06059a1767f4	d__Bacteria; p__Actinobacteriota; c__Actinobacteria; o__Kineosporiales; f__Kineosporiaceae; g__Angustibacter; s__uncultured_bacterium	0.7092837564437025
fdbbeb780c4613829c23c2358905e629	d__Bacteria; p__Proteobacteria; c__Alphaproteobacteria; o__Rickettsiales; f__Mitochondria; g__Mitochondria	0.9999999999999949
c859d3bdd6afad0586e49198477050cf	d__Bacteria; p__Firmicutes; c__Bacilli; o__Bacillales; f__Bacillaceae; g__Bacillus	0.9727456891827839
e167c65019599b6bebe1c31c0aac3e37	d__Bacteria; p__Firmicutes; c__Bacilli; o__Erysipelotrichales; f__Erysipelatoclostridiaceae; g__Erysipelatoclostridium; s__Erysipelatoclostridium_ramosum	0.8549464867124466
84fd04706bf43a42ebb94d5471b63f1a	d__Bacteria; p__Verrucomicrobiota; c__Verrucomicrobiae; o__Pedosphaerales; f__Pedosphaeraceae	0.9999999987896684
5202a7ab5294af2312e608c588fccfd6	d__Bacteria; p__Proteobacteria; c__Gammaproteobacteria; o__Acidithiobacillales; f__Acidithiobacillaceae; g__KCM-B-112; s__uncultured_bacterium	0.9957324422209676
9e44abd3a96ba9d7be78307ee7bf0ea1	d__Bacteria; p__Proteobacteria; c__Gammaproteobacteria; o__Burkholderiales; f__SC-I-84; g__SC-I-84	0.9998729068125665
fe6814a0e343add3b62d148253f27ec2	d__Bacteria; p__Chloroflexi; c__Chloroflexia; o__Chloroflexales; f__Herpetosiphonaceae; g__Herpetosiphon	0.999999999998959
79621a77c72a660adf89cad63d437815	d__Bacteria; p__Bacteroidota; c__Bacteroidia; o__Flavobacteriales; f__Flavobacteriaceae; g__Flavobacterium	0.9999157741607297
dcfe9b62df5aed1ceb6cb5f1087a0275	d__Eukaryota; p__Ascomycota	0.9998110535574788
13fa3298230b2cdadc98acd2697c4703	d__Bacteria; p__Firmicutes; c__Bacilli; o__Paenibacillales; f__Paenibacillaceae; g__Paenibacillus	0.9954712800491861
cbda1dad023e2232c982e1122f4ce4c5	d__Bacteria; p__Proteobacteria; c__Alphaproteobacteria; o__Rhodobacterales; f__Rhodobacteraceae	0.9999981006651047
70c059b65319706bdc4ca091672cab1c	d__Bacteria; p__Actinobacteriota; c__Actinobacteria; o__Corynebacteriales; f__Corynebacteriaceae; g__Corynebacterium; s__Corynebacterium_tuberculostearicum	0.7057886500478037
0fd755917ebafa2f8bbb886746591cdf	d__Bacteria; p__Bacteroidota; c__Bacteroidia; o__Sphingobacteriales; f__Sphingobacteriaceae; g__Mucilaginibacter	0.9994703685918229
41f145a89e59261dc11b1156fec4c146	d__Bacteria; p__Actinobacteriota; c__Actinobacteria; o__Streptomycetales; f__Streptomycetaceae; g__Streptomyces	0.882366260588999
a2dca62df9c8b2ce42220384a3253a4d	d__Bacteria; p__Proteobacteria; c__Alphaproteobacteria; o__Rhodobacterales; f__Rhodobacteraceae	0.9987520328677831
9b9e78c5706c875b0ed48c799bf8abf1	d__Bacteria; p__Spirochaetota; c__Spirochaetia; o__Spirochaetales; f__Spirochaetaceae; g__Treponema; s__uncultured_prokaryote	0.9826964971081855
9ae9d3aaaba38d42c0d21f91a499c5af	d__Bacteria; p__Firmicutes; c__Bacilli; o__Staphylococcales; f__Staphylococcaceae; g__Staphylococcus	0.9999249123145851
9b9280302fb401461aa36060b9260263	d__Bacteria; p__Proteobacteria; c__Alphaproteobacteria; o__Rhizobiales; f__Beijerinckiaceae; g__1174-901-12; s__uncultured_bacterium	0.9025992711298162
1210048b8b3096ab742afff422bbd152	d__Bacteria; p__Actinobacteriota; c__Actinobacteria; o__Micrococcales; f__Microbacteriaceae; g__Curtobacterium	0.7859416088168593
917c35ca57240d37ce7917f8d12b101b	d__Bacteria; p__Actinobacteriota; c__Actinobacteria; o__Propionibacteriales; f__Propionibacteriaceae; g__Cutibacterium	0.9995650687057562
c5b3c6cb36118f00d4304f3734caa611	d__Bacteria; p__Cyanobacteria; c__Cyanobacteriia; o__Chloroplast; f__Chloroplast; g__Chloroplast	0.999999999999452
b125052005ad25a676a20b445b0140dd	d__Bacteria; p__Proteobacteria; c__Alphaproteobacteria; o__Sphingomonadales; f__Sphingomonadaceae; g__Sphingomonas	0.9841013900538591
5f6a95e4f0f41ece9bc74ec730c5af6d	d__Eukaryota; p__Basidiomycota; c__Cystobasidiomycetes; o__Erythrobasidiales; f__Incertae_Sedis; g__Hasegawazyma; s__Erythrobasidiales_sp.	0.8396879017676526
736c32deb6d3777eb251b9fc75406326	d__Bacteria; p__Proteobacteria; c__Gammaproteobacteria; o__Pseudomonadales; f__Moraxellaceae; g__Psychrobacter	0.9999889625150044
0c40e34d9d20f75825888109c0f0f422	d__Bacteria; p__Proteobacteria; c__Gammaproteobacteria; o__Oceanospirillales; f__Nitrincolaceae; g__Neptunomonas; s__Neptunomonas_sp.	0.9766938746606696
430f1eea9ebbb939811ccf0754ca843d	d__Bacteria; p__Bacteroidota; c__Bacteroidia; o__Cytophagales; f__Hymenobacteraceae; g__Hymenobacter; s__uncultured_bacterium	0.8768435191649822
36a96a1ffadd8bf995be7f04f3ef5bd5	d__Bacteria; p__Acidobacteriota; c__Vicinamibacteria; o__Vicinamibacterales; f__Vicinamibacteraceae; g__Vicinamibacteraceae	0.9994566205972742
d2ecc5be12a64f68d25f205258c9d59d	d__Bacteria; p__Actinobacteriota; c__Actinobacteria; o__Micrococcales; f__Brevibacteriaceae; g__Brevibacterium	0.9999995868394534
b16c2f9791be610795252db9f6b53061	d__Bacteria; p__Firmicutes; c__Clostridia; o__Peptostreptococcales-Tissierellales; f__Peptostreptococcales-Tissierellales; g__Murdochiella	0.9999999999998811
0ee26e97cf6a59cc90f4180824e6e115	d__Bacteria; p__Gemmatimonadota; c__Gemmatimonadetes; o__Gemmatimonadales; f__Gemmatimonadaceae	0.9999999982280917
692c7bdda30ab7ff018ca4f843262106	d__Bacteria; p__Actinobacteriota; c__Actinobacteria; o__Micrococcales; f__Cellulomonadaceae; g__Cellulomonas	0.9996466227176865
4722c4887abef9f71e7e7c5ef032d117	d__Eukaryota; p__Basidiomycota; c__Exobasidiomycetes; o__Microstromatales; f__Microstromataceae; g__Microstroma; s__Parajaminaea_albizii	0.9228702468810536
c7aef6810bfdccea9237dc5f02434604	d__Eukaryota; p__Arthropoda; c__Arachnida; o__Acari; f__Acari; g__Acari; s__Dermatophagoides_evansi	0.9999268939138096
c76283ed61102290284f3c1f2f84ff92	d__Bacteria; p__Firmicutes; c__Bacilli; o__Lactobacillales; f__Streptococcaceae; g__Streptococcus	0.9993225445709492
b8134e0f378597615ae05a29cebb1a77	d__Bacteria; p__Proteobacteria; c__Alphaproteobacteria; o__Rhodobacterales; f__Rhodobacteraceae; g__Paracoccus	0.9827943032359455
cae873ac2fb589a13a620297c21fd0d8	d__Bacteria; p__Actinobacteriota; c__Actinobacteria; o__Propionibacteriales; f__Propionibacteriaceae; g__Cutibacterium	0.9998764959872801
529f486c521e442ea7a9fb6cc6036602	d__Bacteria; p__Sumerlaeota; c__Sumerlaeia; o__Sumerlaeales; f__Sumerlaeaceae; g__Sumerlaea	0.9436255292532811
5c424b8581979470ad99fe879498e1ae	d__Bacteria; p__Chloroflexi; c__Anaerolineae; o__SBR1031; f__A4b; g__A4b; s__uncultured_bacterium	0.9925220154210127
33ceaa85ae610c5cf05d0fd846a41c97	d__Bacteria; p__Actinobacteriota; c__Actinobacteria; o__Propionibacteriales; f__Propionibacteriaceae; g__Cutibacterium	0.9998451315428505
ebcfa978160ce42202bbe5d4086134ad	d__Bacteria; p__Actinobacteriota; c__Actinobacteria; o__Corynebacteriales; f__Corynebacteriaceae; g__Corynebacterium; s__Corynebacterium_tuberculostearicum	0.7051563761310196
ad05ffb70d35c542e494c3d5ed83408f	d__Bacteria; p__Proteobacteria; c__Gammaproteobacteria; o__Legionellales; f__Legionellaceae; g__Legionella	0.9999999080900734
810b221f41ee2f4c70d942f3c6deb330	d__Bacteria; p__Chloroflexi; c__Chloroflexia; o__Chloroflexales; f__Herpetosiphonaceae; g__Herpetosiphon	0.9999999999942978
431e53ed2394b2a9ac271f38c45234d2	d__Bacteria	0.9463533374040555
ad57fd307a19d91ad7aa1c7e7f9c8484	d__Bacteria; p__Proteobacteria; c__Alphaproteobacteria; o__Sphingomonadales; f__Sphingomonadaceae; g__Altererythrobacter; s__Porphyrobacter_mercurialis	0.9999848386282908
1f8f683cfd49fe493575b928b24207b1	d__Bacteria; p__Proteobacteria; c__Alphaproteobacteria; o__Sphingomonadales; f__Sphingomonadaceae; g__Novosphingobium	0.9870422484078071
3c6bb8ee699697911158721790d279f2	d__Bacteria; p__Chloroflexi; c__Anaerolineae; o__SBR1031; f__SBR1031; g__SBR1031; s__anaerobic_digester	0.9998540576455479
92829d157b93222e5ef9aa5cb8fe0871	d__Eukaryota; p__Phragmoplastophyta; c__Embryophyta; o__Magnoliophyta; f__Magnoliophyta; g__Magnoliophyta; s__Phaseoleae_environmental	0.9614174754479247
72a22706ff81127cdd3b09dbe5bb306e	d__Bacteria; p__Firmicutes; c__Clostridia; o__Lachnospirales; f__Lachnospiraceae; g__uncultured	0.7499482907861581
2012f5e5c3153398a784352c6c9e2300	d__Bacteria; p__Proteobacteria; c__Alphaproteobacteria; o__Azospirillales; f__Azospirillaceae; g__Skermanella	0.9999182633470707
61c12a36128670accb1f3f07e228f23a	d__Bacteria; p__Proteobacteria; c__Alphaproteobacteria; o__Rhizobiales; f__Beijerinckiaceae; g__1174-901-12; s__uncultured_bacterium	0.9283213394597555
08f24e239464fee771f517abd2aa3644	d__Bacteria; p__Proteobacteria; c__Alphaproteobacteria; o__Rickettsiales; f__Mitochondria; g__Mitochondria	1.000000000000005
c466d45bab023618e0f326095981b05f	d__Bacteria; p__Proteobacteria; c__Alphaproteobacteria; o__Sphingomonadales; f__Sphingomonadaceae; g__Sphingopyxis	0.9999034071284774
496baca0a9cac7858566d84961c320c8	d__Bacteria; p__Proteobacteria; c__Alphaproteobacteria; o__Rhodobacterales; f__Rhodobacteraceae	0.9984240245618148
79ec9440ef6784bca8afdaf5598b7d7c	d__Bacteria; p__Firmicutes; c__Bacilli; o__Bacillales; f__Bacillaceae; g__Bacillus; s__Bacillus_thermoamylovorans	0.9372179599501536
1b17dc725378fc41ce4de533736ac013	d__Bacteria; p__Firmicutes; c__Clostridia; o__Peptostreptococcales-Tissierellales; f__Peptostreptococcales-Tissierellales; g__Anaerococcus; s__uncultured_bacterium	0.792163623341407
7c3cf043b61fa4cc26206288f5157e0e	d__Bacteria; p__Firmicutes; c__Bacilli; o__Lactobacillales; f__Streptococcaceae; g__Streptococcus	0.9998160782161049
9b0ebd2c4c8b4171c497153d8df10dde	d__Bacteria; p__Firmicutes; c__Clostridia; o__Lachnospirales; f__Lachnospiraceae; g__Lachnoclostridium	0.9993562170541193
676be2e20024eba66694c4948f2f067b	d__Bacteria; p__Firmicutes; c__Clostridia; o__Lachnospirales; f__Lachnospiraceae; g__Catonella; s__Catonella_sp.	0.9684722282454884
b0fb13139edf2510ba21f09d29a0f3e0	d__Bacteria; p__Actinobacteriota; c__Actinobacteria; o__Propionibacteriales; f__Propionibacteriaceae; g__Cutibacterium	0.9987815216808573
4222cb751212f27db6c81e16b59bf71e	d__Bacteria; p__Firmicutes; c__Clostridia; o__Oscillospirales; f__Ruminococcaceae; g__Ruminococcus	0.999999948531412
c6c072d3ce1010cff378f9b8a1585f35	d__Bacteria; p__Firmicutes; c__Clostridia; o__Peptostreptococcales-Tissierellales; f__Peptostreptococcales-Tissierellales; g__Anaerococcus	0.9999999999992566
ae22243c4ff3e6e36e035a52233c2c65	d__Bacteria; p__Cyanobacteria; c__Cyanobacteriia; o__Chloroplast; f__Chloroplast; g__Chloroplast	0.9999999999974807
0b53193d6bdad478b186621003548e36	d__Bacteria; p__Proteobacteria; c__Gammaproteobacteria; o__Pasteurellales; f__Pasteurellaceae; g__Haemophilus	0.9662076054630498
6361a1e13f1b22bb8d04b26260603d9c	d__Bacteria; p__Firmicutes; c__Bacilli; o__Staphylococcales; f__Staphylococcaceae; g__Staphylococcus	0.9999837982978437
64c91afa542799b92d4d40bc8be89562	d__Eukaryota; p__Ascomycota; c__Eurotiomycetes; o__Eurotiales; f__Aspergillaceae; g__Aspergillus	0.9173180697144719
cfa322d1911334738fa2eb42e457566b	d__Bacteria; p__Proteobacteria; c__Gammaproteobacteria; o__Burkholderiales; f__Neisseriaceae; g__Neisseria	0.9993699036893463
7d68379ea58773b706cfecde787e283e	d__Bacteria; p__Bacteroidota; c__Bacteroidia; o__Bacteroidales; f__Prevotellaceae; g__Prevotella; s__Prevotella_maculosa	0.9912022816756382
25dfe35af7f065773fe26b1545dc10d7	d__Bacteria; p__Proteobacteria; c__Alphaproteobacteria; o__Tistrellales; f__Geminicoccaceae; g__uncultured	0.9999881712946704
ed9f4a03639e200099342c15bb034582	d__Bacteria; p__Actinobacteriota; c__Actinobacteria; o__Micrococcales	0.992699170047878
7d44cb1c8c6aa5e337f9c0964e949725	d__Bacteria; p__Actinobacteriota; c__Actinobacteria; o__Corynebacteriales; f__Corynebacteriaceae; g__Corynebacterium; s__Corynebacterium_imitans	0.8819381735092306
82bf9a9a7a67d9311ddd47a002e79ebb	d__Bacteria; p__Bacteroidota; c__Bacteroidia; o__Flavobacteriales; f__Flavobacteriaceae; g__Capnocytophaga; s__Capnocytophaga_gingivalis	0.7140229794195883
de4919af4fdb2d08dada0fa8d10ec18c	d__Bacteria; p__Firmicutes; c__Bacilli; o__Staphylococcales; f__Staphylococcaceae; g__Staphylococcus	0.9999805660003788
852474e91cf49744fbfe501e227076fd	d__Bacteria; p__Proteobacteria; c__Alphaproteobacteria; o__Sphingomonadales; f__Sphingomonadaceae; g__Sphingobium	0.9998510998838716
d6dec925b8846319501d22b9c6d51f73	d__Bacteria; p__Actinobacteriota; c__Actinobacteria; o__Streptomycetales; f__Streptomycetaceae; g__Streptomyces	0.974454634664499
47d7cfc6cf79083be66f68a5f2b2630f	d__Bacteria; p__Firmicutes; c__Bacilli; o__Erysipelotrichales; f__Erysipelotrichaceae; g__[Anaerorhabdus]_furcosa_group; s__Erysipelotrichaceae_bacterium	0.9998944746099445
fc811d98e45427f41ed860389a8cf7b6	d__Eukaryota; p__Phragmoplastophyta; c__Embryophyta; o__Pinophyta; f__Pinophyta; g__Pinophyta; s__Pinus_taeda	0.7793061524076763
b097bc0882c826969f17d1484c768a27	d__Bacteria; p__Proteobacteria; c__Alphaproteobacteria; o__Acetobacterales; f__Acetobacteraceae; g__Roseomonas; s__Roseomonas_aquatica	0.7497474547642201
79a542411304a6549920aa88f9e124b1	d__Bacteria; p__Firmicutes; c__Bacilli; o__Staphylococcales; f__Staphylococcaceae; g__Staphylococcus	0.9999883157521371
df938a1ccafef251ac03d1e69ce988a8	d__Bacteria; p__Verrucomicrobiota; c__Verrucomicrobiae; o__Pedosphaerales; f__Pedosphaeraceae	0.9999999999971741
af57b2d043e6ea67e6a2a8e2d9b3f3ad	d__Bacteria; p__Bacteroidota; c__Bacteroidia; o__Cytophagales; f__Spirosomaceae; g__Spirosoma; s__unidentified	0.9372919046592341
ddc39a4d74af67d9530b3711e41bd57f	d__Bacteria; p__Proteobacteria; c__Alphaproteobacteria; o__Sphingomonadales; f__Sphingomonadaceae	0.9924041461165558
5f7329da523ee6a27f56f36e81254905	d__Bacteria; p__Proteobacteria; c__Gammaproteobacteria; o__Enterobacterales; f__Enterobacteriaceae	0.857941161918717
77cb8b9c79556f8cf2583010056626d4	d__Bacteria; p__Proteobacteria; c__Gammaproteobacteria; o__Pseudomonadales; f__Moraxellaceae; g__Acinetobacter	0.999846101744115
66864a4795e31748cf1e7b92e8677181	d__Bacteria; p__Gemmatimonadota; c__Gemmatimonadetes; o__Gemmatimonadales; f__Gemmatimonadaceae; g__uncultured; s__uncultured_organism	0.9017588697363775
11ef3a5e106d845b4bcc737cb2786e4f	d__Bacteria; p__Proteobacteria; c__Alphaproteobacteria; o__Sphingomonadales; f__Sphingomonadaceae; g__Sphingomonas; s__Sphingomonas_guangdongensis	0.9788091911112813
41486c231a99aa0a88242449e87b71cf	d__Bacteria; p__Proteobacteria; c__Gammaproteobacteria; o__Burkholderiales; f__Burkholderiaceae; g__Ralstonia	0.9932198473561575
bd00c9202d5f557046a0174d196665ae	d__Bacteria; p__Proteobacteria; c__Gammaproteobacteria; o__Steroidobacterales; f__Steroidobacteraceae; g__Steroidobacter; s__uncultured_bacterium	0.7317629147220593
9c1df569202a03b975977ea96d37f66f	d__Bacteria; p__Proteobacteria; c__Gammaproteobacteria; o__Enterobacterales; f__Enterobacteriaceae	0.8766053114668761
2cc0b8dc7d8c5e548c763cafd8cfa5b4	d__Bacteria; p__Bacteroidota; c__Bacteroidia; o__Flavobacteriales; f__Flavobacteriaceae; g__Flavobacterium	0.9998665683172927
60c4dd2855330d8c2ea9625d529be0a4	d__Bacteria; p__Actinobacteriota; c__Thermoleophilia; o__Solirubrobacterales; f__Solirubrobacteraceae; g__Patulibacter; s__Patulibacter_minatonensis	0.9245401795408253
11ea2ec0168e3a1a7632b5e23099eeb8	d__Bacteria; p__Firmicutes; c__Clostridia; o__Peptostreptococcales-Tissierellales; f__Peptostreptococcales-Tissierellales; g__Helcococcus; s__Helcococcus_seattlensis	0.9849905513856274
b37361ca1c8e8621ca301a2814a0dcc6	d__Bacteria; p__Planctomycetota; c__Planctomycetes; o__Pirellulales; f__Pirellulaceae; g__Pir4_lineage; s__uncultured_soil	0.9757519045719877
a7524623e4a3b9797dfac1da78c28dec	d__Bacteria; p__Proteobacteria; c__Gammaproteobacteria; o__Xanthomonadales; f__Xanthomonadaceae; g__Arenimonas	0.9999995959123253
bdc1eed330bbb5b644c10d3b1ffd5be7	d__Bacteria; p__Proteobacteria; c__Gammaproteobacteria; o__Enterobacterales; f__Enterobacteriaceae	0.7969265113660767
df2c39eae078f976e3c6bdf5fd8da7fc	d__Bacteria; p__Bacteroidota; c__Bacteroidia; o__Flavobacteriales; f__Weeksellaceae; g__Chryseobacterium	0.9994604407325389
41fd53581c70b46e106727363b398fd1	d__Bacteria; p__Actinobacteriota; c__Actinobacteria; o__Micrococcales; f__Demequinaceae; g__Demequina; s__uncultured_bacterium	0.9937983174868757
f34253ef8230c4450ee69427da6901d7	d__Bacteria; p__Proteobacteria; c__Alphaproteobacteria; o__Rhodobacterales; f__Rhodobacteraceae; g__Paracoccus	0.9900150416212463
f0421c0f0d25f433b5e8182c5d14061b	Unassigned	0.43063015422773965
36ec1e7b78d89b308373dcf53352b9ff	d__Bacteria; p__Actinobacteriota; c__Actinobacteria; o__Micrococcales; f__Micrococcaceae	0.9999628085236276
07348a87ce3f7ba0aa813e0c615d5aa7	Unassigned	0.3937506978357401
5140e2f0b2a394e50dc07f0276fa0a84	d__Bacteria; p__Actinobacteriota; c__Actinobacteria; o__Corynebacteriales; f__Corynebacteriaceae; g__Corynebacterium	0.99680127857471
a98013b6fbe30991766fee0ace69ba6d	d__Bacteria; p__Firmicutes; c__Bacilli; o__Bacillales; f__Bacillaceae; g__Bacillus; s__Bacillus_murimartini	0.9738221978188158
e4d66a516963a2ed8e4ae1ff73bc78ae	d__Bacteria; p__Firmicutes; c__Clostridia; o__Peptostreptococcales-Tissierellales; f__Anaerovoracaceae; g__Mogibacterium	0.9999999964201772
8f7d702b0b1186dd133e3b02e605fe66	d__Bacteria; p__Actinobacteriota; c__Actinobacteria; o__Actinomycetales; f__Actinomycetaceae; g__Actinomyces; s__Gleimia_coleocanis	0.9981792554848895
531bbd0a7f8c88d0d7f6f7e074733649	d__Bacteria; p__Firmicutes; c__Clostridia; o__Christensenellales; f__Christensenellaceae; g__Christensenellaceae_R-7_group	0.9386570670423038
841979df24c007335801d659652ddbb7	d__Bacteria; p__Proteobacteria; c__Alphaproteobacteria; o__Rhodobacterales; f__Rhodobacteraceae; g__Paracoccus	0.9474248495000601
224a67d086b062bfec4a1be09228fb19	d__Bacteria; p__Firmicutes; c__Bacilli; o__Lactobacillales; f__Streptococcaceae; g__Streptococcus	0.9999774500978192
48a0155cb3908b5bdddac87d4a924616	d__Bacteria; p__Bacteroidota; c__Bacteroidia; o__Bacteroidales; f__Prevotellaceae; g__Prevotella	0.9999999931040344
30deebbb59e05dfdde60eb71d45368c8	d__Bacteria; p__Firmicutes; c__Clostridia; o__Peptostreptococcales-Tissierellales; f__Peptostreptococcales-Tissierellales; g__Finegoldia; s__Finegoldia_magna	0.7500731319291808
49c4617bef86d1a34c22b9daf0c91e7f	d__Bacteria; p__Proteobacteria; c__Alphaproteobacteria; o__Sphingomonadales; f__Sphingomonadaceae	0.9998717073550613
1ce515d59a779a604f6e9b760cf2b92b	d__Bacteria; p__Firmicutes; c__Bacilli; o__Erysipelotrichales; f__Erysipelotrichaceae; g__Solobacterium; s__Solobacterium_moorei	0.9672510126141118
09dd6296dfff7d9fa8778a0d48818ec9	d__Bacteria; p__Proteobacteria; c__Gammaproteobacteria; o__Pseudomonadales; f__Pseudomonadaceae; g__Pseudomonas	0.9036554559225142
cca22391b499ed9c121a8c71f867455f	d__Bacteria; p__Firmicutes; c__Bacilli; o__Bacillales; f__Bacillaceae; g__Bacillus; s__Bacillus_funiculus	0.9265330123909168
7ec0920173a768da67cd6b8854847403	d__Bacteria; p__Proteobacteria; c__Alphaproteobacteria; o__Caulobacterales; f__Caulobacteraceae; g__Brevundimonas	0.9999990661973653
2681425a064c7053e32ed9e43d2db279	d__Bacteria; p__Cyanobacteria; c__Cyanobacteriia; o__Chloroplast; f__Chloroplast; g__Chloroplast	0.9999999999995669
e59f8baaafbf0396cf21ce12d890a662	d__Bacteria; p__Proteobacteria; c__Alphaproteobacteria; o__Rhizobiales; f__Rhizobiaceae	0.9999992795481389
6ef0e9a891705a89ee80de0d57812510	d__Bacteria; p__Proteobacteria; c__Gammaproteobacteria; o__Enterobacterales; f__Morganellaceae; g__Candidatus_Hamiltonella; s__Candidatus_Hamiltonella	0.7029223497606736
49896015870d7cfabd48fd0e288f77b5	d__Bacteria; p__Firmicutes; c__Bacilli; o__Staphylococcales; f__Staphylococcaceae; g__Staphylococcus	0.9997610396491364
ccb8d3d347ced7f2af935fa57f61d4c0	d__Bacteria; p__Bacteroidota; c__Bacteroidia; o__Cytophagales; f__Hymenobacteraceae; g__Hymenobacter	0.9999999956044701
3e9354981fb381fbc30db0e22f8e210d	d__Eukaryota; p__Phragmoplastophyta; c__Embryophyta; o__Pinophyta; f__Pinophyta; g__Pinophyta; s__Pinus_taeda	0.7747386646570492
7b81e437c75d1f9d7cfe68f2544b8f39	d__Bacteria; p__Actinobacteriota; c__Actinobacteria; o__Frankiales; f__Geodermatophilaceae; g__Blastococcus	0.9997354594239563
b31bc564588aa87b34dd83315457b361	d__Bacteria; p__Bacteroidota; c__Bacteroidia; o__Flavobacteriales; f__Flavobacteriaceae; g__Flavobacterium; s__Flavobacterium_ummariense	0.9980800129157363
4326e44cb0a1e564eb9e11dd1bfd6eb1	d__Bacteria; p__Bdellovibrionota; c__Bdellovibrionia; o__Bdellovibrionales; f__Bdellovibrionaceae; g__Bdellovibrio; s__Bdellovibrio_sp.	0.9887370125073908
fb6e623edd3e5e5d1d928be18ec8f6e1	d__Bacteria; p__Proteobacteria; c__Alphaproteobacteria; o__Rhizobiales; f__Rhizobiaceae; g__Allorhizobium-Neorhizobium-Pararhizobium-Rhizobium	0.9966550902344381
c4449de6c0522fdcdb6325e8a54f85ac	d__Bacteria; p__Proteobacteria; c__Alphaproteobacteria; o__Rhodobacterales; f__Rhodobacteraceae; g__Paracoccus	0.7571147621456945
5ff28474d431e0423497476ec256a651	d__Bacteria; p__Cyanobacteria; c__Cyanobacteriia; o__Thermosynechococcales	0.991199442636041
8f93f4afe0a0a9ff5103ec4c474cacf0	d__Eukaryota; p__Basidiomycota; c__Exobasidiomycetes; o__Microstromatales; f__Microstromatales; g__Quambalaria; s__Quambalaria_cyanescens	0.9980011012517183
59a5f93475148a7f302d729ab0bbf618	d__Bacteria; p__Proteobacteria; c__Alphaproteobacteria; o__Caulobacterales; f__Hyphomonadaceae; g__Euryhalocaulis; s__Euryhalocaulis_caribicus	0.999444301994948
b351c6bfef34f4a58b047c698cff6c96	d__Bacteria; p__Actinobacteriota; c__Actinobacteria; o__Micrococcales; f__Sanguibacteraceae; g__Sanguibacter	0.9201196534649473
5cfcdf75cfd684adcf294678701bc1bf	d__Bacteria; p__Actinobacteriota; c__Actinobacteria; o__Propionibacteriales; f__Propionibacteriaceae; g__Cutibacterium	0.9997589348880468
477f91c22d625a565f71223fdf2d908d	d__Bacteria; p__Bacteroidota; c__Bacteroidia; o__Flavobacteriales; f__Weeksellaceae	0.9999922478864277
468accc0d60094118192320ffe7dd5bd	d__Bacteria; p__Actinobacteriota; c__Actinobacteria; o__Corynebacteriales; f__Corynebacteriaceae; g__Corynebacterium	0.999796522221988
1aa2839ceb19edb1f7100cd01ec948d1	d__Bacteria; p__Proteobacteria; c__Gammaproteobacteria; o__Burkholderiales; f__Comamonadaceae	0.9999997813483017
d6cd29626d61fee2639ebcec538ded93	d__Eukaryota; p__Basidiomycota; c__Microbotryomycetes; o__Sporidiobolales; f__Sporidiobolaceae; g__Rhodotorula; s__uncultured_fungus	0.8212506574810583
8c5e0d0aafe0304688392fc8f58edd97	d__Bacteria; p__Proteobacteria; c__Gammaproteobacteria; o__Pseudomonadales; f__Moraxellaceae; g__Psychrobacter; s__Psychrobacter_alimentarius	0.7651717372365203
c64d784e2d7258853723656979c49304	d__Bacteria; p__Firmicutes; c__Bacilli; o__Bacillales; f__Planococcaceae; g__Solibacillus	0.9483678628917511
ddfab9bc29bf589a03dad6a062bd92bc	d__Bacteria; p__Proteobacteria; c__Alphaproteobacteria; o__Acetobacterales; f__Acetobacteraceae; g__Craurococcus-Caldovatus	0.9999999459159392
ff82f33832cb7d144098da8005182c71	d__Bacteria; p__Actinobacteriota; c__Actinobacteria; o__Micrococcales	0.970549938090192
9af6516a47502525a057b46c44a74a8a	d__Bacteria; p__Deinococcota; c__Deinococci; o__Deinococcales; f__Deinococcaceae; g__Deinococcus	0.9999999971177769
4239ebe0c7cd14c8357fe272aac069fa	d__Bacteria; p__Firmicutes; c__Bacilli; o__Lactobacillales; f__Leuconostocaceae; g__Weissella; s__Weissella_jogaejeotgali	0.9787741565957745
f17404dfbc715e12f669487626d036ae	d__Bacteria; p__Firmicutes; c__Clostridia; o__Peptostreptococcales-Tissierellales; f__Peptostreptococcales-Tissierellales; g__Ezakiella	0.9999999999995521
f1220507105081834600b750148c8185	d__Bacteria; p__Proteobacteria; c__Gammaproteobacteria; o__Burkholderiales; f__Rhodocyclaceae	0.9997467839907134
61f7600360a35ffb112cb7341b0b6b31	d__Bacteria; p__Proteobacteria; c__Gammaproteobacteria; o__Enterobacterales; f__Yersiniaceae	0.9981798446839483
1f690bea16f4d98e9211568dbd1ef3d9	d__Eukaryota; p__Phragmoplastophyta; c__Embryophyta; o__Magnoliophyta; f__Magnoliophyta; g__Magnoliophyta	0.9999999372063876
26278a94a7ecc824f010d2b85be4ca71	d__Bacteria; p__Actinobacteriota; c__Actinobacteria; o__Corynebacteriales; f__Corynebacteriaceae; g__Corynebacterium	0.9964565082840866
57b2b2e832b426463069190bbf227bcb	d__Bacteria; p__Proteobacteria; c__Alphaproteobacteria; o__Rhodobacterales; f__Rhodobacteraceae; g__Palleronia-Pseudomaribius	0.8895873753802241
7e7e0894cea7f8db1c62a2c588f909ce	d__Bacteria; p__Actinobacteriota; c__Actinobacteria; o__Propionibacteriales; f__Propionibacteriaceae; g__Cutibacterium	0.999750466286208
2ed565f3676103bc3b1582ddaaff1db7	d__Bacteria; p__Proteobacteria; c__Alphaproteobacteria; o__Sphingomonadales; f__Sphingomonadaceae; g__Sphingomonas; s__Sphingomonas_dokdonensis	0.7908064709003956
b2683a81c7d76751fb8d03f42cf6a1b2	d__Bacteria; p__Bacteroidota; c__Bacteroidia; o__Sphingobacteriales; f__Sphingobacteriaceae; g__Pedobacter	0.9927288160575154
1a5411d3af985df9cb09fa2a5ec8bc9d	d__Bacteria; p__Bacteroidota; c__Bacteroidia; o__Sphingobacteriales; f__Sphingobacteriaceae; g__Sphingobacterium; s__Sphingobacterium_corticis	0.9990757989852357
29fa3d283041b7a6edd2f5a29e4b813a	d__Bacteria; p__Proteobacteria; c__Alphaproteobacteria; o__Rhizobiales; f__Beijerinckiaceae; g__Microvirga	0.9993272753757942
f12b28b4b24f04a48f15bc23ccb1a190	d__Bacteria; p__Actinobacteriota; c__Actinobacteria; o__Propionibacteriales; f__Propionibacteriaceae; g__Cutibacterium	0.9997257164683581
8a54d61d378d3d7c2c06e34aaf52a791	d__Bacteria; p__Bacteroidota; c__Bacteroidia; o__Sphingobacteriales; f__Sphingobacteriaceae; g__Sphingobacterium; s__Sphingobacterium_populi	0.9994864292056351
186c53a4b8616d520ecc106f988b48ab	d__Eukaryota; p__Ascomycota; c__Dothideomycetes; o__Pleosporales; f__Didymellaceae	0.7057953076667076
4e94aacf9cb36c9c9e4d4a2a85a2230e	d__Bacteria; p__Bacteroidota; c__Bacteroidia; o__Bacteroidales; f__Prevotellaceae; g__Prevotella; s__Prevotella_timonensis	0.9999999446165349
0793ec54718ff9fc93abf3d3df181b33	d__Bacteria; p__Proteobacteria; c__Gammaproteobacteria; o__Oceanospirillales; f__Alcanivoracaceae; g__Ketobacter	0.9998101927439369
eb53db63f34c3993ed1b5315d06e233e	d__Bacteria; p__Firmicutes; c__Bacilli; o__Paenibacillales; f__Paenibacillaceae; g__Paenibacillus; s__Paenibacillus_camelliae	0.9920868883226813
69087c14da4c461aa5828c051b79a65d	d__Bacteria; p__Firmicutes; c__Bacilli; o__Staphylococcales; f__Staphylococcaceae; g__Staphylococcus	0.999982082109923
fb453bc0279df7df38b6f489fd8ce83a	d__Bacteria; p__Proteobacteria; c__Gammaproteobacteria; o__Burkholderiales; f__Burkholderiaceae; g__Burkholderia-Caballeronia-Paraburkholderia	0.9999384778381769
d1b310e2609b43e14e0857828ccac865	d__Eukaryota; p__Phragmoplastophyta; c__Embryophyta; o__Magnoliophyta; f__Magnoliophyta; g__Magnoliophyta; s__Ulmus_macrocarpa	0.9254207515805578
8592a83f5e136be66069afd07174e628	d__Bacteria; p__Firmicutes; c__Bacilli; o__Lactobacillales; f__Streptococcaceae; g__Streptococcus	0.9996058770881131
57868e6c3744f9bd3af0e2cb2bc1f877	d__Bacteria; p__Bacteroidota; c__Bacteroidia; o__Chitinophagales; f__Chitinophagaceae; g__Flavisolibacter	0.9694396110457306
7f3193f62a94d46302bf82bd317193e6	d__Bacteria; p__Cyanobacteria; c__Cyanobacteriia; o__Chloroplast; f__Chloroplast; g__Chloroplast	0.9999999999999629
a8163f935f34e53932731753922c833f	d__Bacteria; p__Proteobacteria; c__Gammaproteobacteria; o__Pseudomonadales; f__Moraxellaceae; g__Enhydrobacter	0.8521187650397808
20b63ab66329929ca79359a6e9b26ad1	d__Eukaryota; p__Ciliophora; c__Intramacronucleata; o__Conthreep; f__Colpodea	0.9999999984767934
8cfd99dcb2bf94fba88e714a5fd7e654	d__Bacteria; p__Actinobacteriota; c__Actinobacteria; o__Propionibacteriales; f__Propionibacteriaceae; g__Cutibacterium	0.9998767254524961
a2c493695b6de673e71d091cf38dfb14	d__Bacteria; p__Proteobacteria; c__Alphaproteobacteria; o__Sphingomonadales; f__Sphingomonadaceae; g__Altererythrobacter	0.9993481318968442
bf6ff1ece471494247461a6007e0e7e4	d__Bacteria; p__Bacteroidota; c__Bacteroidia; o__Bacteroidales; f__Prevotellaceae; g__Prevotella; s__Prevotella_nigrescens	0.9999979442809872
5f3ffa7f5af1ef2222ce7fb2dbbde3c1	d__Bacteria; p__Bacteroidota; c__Bacteroidia; o__Flavobacteriales; f__Flavobacteriaceae; g__Capnocytophaga; s__Capnocytophaga_gingivalis	0.768817658021693
229ea805c1103df25cbdf7ebd9d992ac	d__Bacteria; p__Proteobacteria; c__Gammaproteobacteria; o__Pseudomonadales; f__Pseudomonadaceae; g__Pseudomonas	0.9159434828391257
43a6018cbf0cd55d09d6c1ed9b274ada	d__Bacteria; p__Proteobacteria; c__Gammaproteobacteria; o__Xanthomonadales; f__Xanthomonadaceae; g__Pseudoxanthomonas	0.9999993195379026
a16ca711724f3d15159176266d9df434	d__Bacteria; p__Proteobacteria; c__Alphaproteobacteria; o__Rickettsiales; f__Mitochondria; g__Mitochondria	1.0000000000000042
ba1d4e20280020308088715a70aec3ac	d__Bacteria; p__Proteobacteria; c__Alphaproteobacteria; o__Caulobacterales; f__Caulobacteraceae; g__PMMR1	0.9999994057224629
677213a5be196b8f066ed5523f618565	d__Bacteria; p__Proteobacteria; c__Gammaproteobacteria; o__Pseudomonadales; f__Pseudomonadaceae; g__Pseudomonas	0.9993323695096407
97a687ade1929c0aed47f9a2f761afc6	d__Bacteria; p__Proteobacteria; c__Gammaproteobacteria; o__Burkholderiales; f__Oxalobacteraceae; g__Massilia	0.9994775234576899
706d55308884bc4d3977452d9beeb41a	d__Bacteria; p__Proteobacteria; c__Gammaproteobacteria; o__Burkholderiales; f__Neisseriaceae; g__Neisseria	0.9997821132114731
ba9e133a6e70e3caf9a47152f996553e	d__Bacteria; p__Actinobacteriota; c__Actinobacteria; o__Corynebacteriales; f__Mycobacteriaceae; g__Mycobacterium	0.9999989790904804
fa9a158ea7aeb201d3388ee2639a6874	d__Eukaryota; p__Basidiomycota; c__Malasseziomycetes; o__Malasseziales; f__Malasseziaceae; g__Malassezia	0.9999999998542046
b25dd7ca1ad5cfd04d033f7c95205602	d__Bacteria; p__Firmicutes; c__Negativicutes; o__Veillonellales-Selenomonadales; f__Selenomonadaceae; g__Selenomonas	0.9999995718248098
2955f1b9b6c5e77485c5ddd906f1965a	d__Bacteria; p__Proteobacteria; c__Gammaproteobacteria; o__Burkholderiales; f__Neisseriaceae	0.9999970365276063
f6df3a9710e4ed4fa59759fc3d4748e3	d__Bacteria; p__Actinobacteriota; c__Actinobacteria; o__Micrococcales; f__Micrococcaceae; g__Micrococcus	0.9956815536607825
dee46c01cb7b3b0c73661f115811c9ab	d__Eukaryota; p__Ciliophora; c__Intramacronucleata; o__Conthreep; f__Colpodea; g__uncultured; s__uncultured_Eimeriidae	0.9914855440559024
c2a8e4758f8bdb4d361c89bf720c8e82	d__Eukaryota; p__Mucoromycota; c__Incertae_Sedis; o__Mucorales; f__Mucoraceae; g__Mucor	0.9923296631487687
5649264c18e723cba21a28c9fae002af	d__Bacteria; p__Bacteroidota; c__Bacteroidia; o__Flavobacteriales; f__Flavobacteriaceae; g__Antarcticibacterium	0.9999423816958619
9fc9b5ed94efead63132c402a718b8ea	d__Bacteria; p__Proteobacteria; c__Alphaproteobacteria; o__Tistrellales; f__Geminicoccaceae; g__Candidatus_Alysiosphaera; s__metagenome	0.8523081600145505
dea07c5c8c7c6d925d16b045d992ea38	d__Bacteria; p__Cyanobacteria; c__Cyanobacteriia; o__Cyanobacteriales; f__Nostocaceae; g__Desmonostoc_PCC-7422	0.9997427705202505
06d5f5eea3c51a47116d976416a15b79	d__Bacteria; p__Bacteroidota; c__Bacteroidia; o__Chitinophagales; f__Chitinophagaceae; g__Flavisolibacter	0.9959795166315022
388841623599f8c34d67e985a7cb4d6f	d__Bacteria; p__Firmicutes; c__Clostridia; o__Peptostreptococcales-Tissierellales; f__Peptostreptococcales-Tissierellales; g__Fenollaria	0.9999999999902032
b8607ce0288140da5b3be3e99c371de0	d__Bacteria; p__Actinobacteriota; c__Acidimicrobiia; o__Microtrichales; f__uncultured; g__uncultured; s__uncultured_bacterium	0.8918482608105757
79f8cac592eab84cc0871857b96878e7	d__Bacteria; p__Actinobacteriota; c__Actinobacteria; o__Corynebacteriales; f__Corynebacteriaceae; g__Corynebacterium	0.9971863348632078
ec72eee8f9a0e6c4d668f20e3d1349bb	d__Bacteria; p__Proteobacteria; c__Gammaproteobacteria; o__Xanthomonadales; f__Xanthomonadaceae; g__Stenotrophomonas	0.999970668530497
b7b913c2e910bc30d03df1da8289a3d0	d__Bacteria; p__Planctomycetota; c__Planctomycetes; o__Gemmatales; f__Gemmataceae; g__Gemmata; s__uncultured_Planctomycetales	0.99678001190137
4b2a4da1ceaaee1b0d55498b79c9cd7d	d__Eukaryota; p__Ochrophyta; c__Chrysophyceae	0.9999999999997826
a9712f18b913697a0d0fcbf754a894c3	d__Bacteria; p__Firmicutes; c__Clostridia; o__Peptostreptococcales-Tissierellales; f__Peptostreptococcales-Tissierellales; g__Anaerococcus	0.9999999998755429
88ed86c0e5c9edc30d46324dcb0c7ce3	d__Bacteria; p__Actinobacteriota; c__Actinobacteria; o__Micrococcales; f__Microbacteriaceae	0.9998483737176248
8797251cd162f51db048f5cf17779386	d__Bacteria; p__Proteobacteria; c__Alphaproteobacteria; o__Rhizobiales; f__Xanthobacteraceae	0.9495571330905521
c0a8f6ca41519a76cee241b7d24cb9c5	d__Bacteria; p__Actinobacteriota; c__Actinobacteria; o__Micrococcales; f__Microbacteriaceae; g__Curtobacterium	0.8062806388722363
47695b77ec32eb2752afb6a75d80d976	d__Bacteria; p__Firmicutes; c__Bacilli; o__Staphylococcales; f__Staphylococcaceae; g__Staphylococcus	0.999932728233913
7e8ae62a905055960bfc6080b2e817f1	d__Bacteria; p__Bacteroidota; c__Bacteroidia; o__Flavobacteriales; f__Flavobacteriaceae; g__Tenacibaculum	0.8030723372369181
fb9f8094aca15e7e5859b100d8761c84	d__Bacteria; p__Actinobacteriota; c__Actinobacteria; o__Propionibacteriales; f__Propionibacteriaceae; g__Cutibacterium	0.9997893680226387
152e0e728d91ee37f0ffcc9e25949c9a	d__Bacteria; p__Bacteroidota; c__Bacteroidia; o__Flavobacteriales; f__Crocinitomicaceae	0.9999999933016427
9d9dac63cbacb8d7447e0dd2d2e121cd	d__Eukaryota; p__Phragmoplastophyta; c__Embryophyta; o__Pinophyta; f__Pinophyta; g__Pinophyta; s__Pinus_taeda	0.9849679189772178
cc363537b7f2b2452a1f8421822912fe	d__Bacteria; p__Bacteroidota; c__Bacteroidia; o__Cytophagales; f__Spirosomaceae; g__Dyadobacter	0.9999980070078661
ec7e1e73c7a227ed1454d0e64d9dbb7b	d__Bacteria; p__Proteobacteria; c__Gammaproteobacteria; o__Burkholderiales; f__Oxalobacteraceae; g__Massilia	0.9999573067755224
63d91afee04b49458aaebc469c5a6b75	d__Bacteria; p__Proteobacteria; c__Alphaproteobacteria; o__Sphingomonadales; f__Sphingomonadaceae; g__Sphingomonas	0.999095415218088
b037c310da4030748668098dcc547eee	d__Bacteria; p__Proteobacteria; c__Gammaproteobacteria; o__Burkholderiales; f__Burkholderiaceae; g__Lautropia	0.9999996721823984
bab0bc8cef4497dc73815b12457fe718	d__Bacteria; p__Proteobacteria; c__Gammaproteobacteria; o__Pseudomonadales; f__Moraxellaceae; g__Alkanindiges	0.9997840224469018
6895431a942437ed1ed841dbc4723329	d__Eukaryota; p__Vertebrata; c__Mammalia; o__Mammalia; f__Mammalia; g__Mammalia; s__Homo_sapiens	0.9945085721346936
37f970610c5353dd8d3f0c8ea6f178e6	d__Bacteria; p__Planctomycetota; c__Planctomycetes; o__Gemmatales; f__Gemmataceae; g__Gemmata	0.9999927155703501
96c7cd66c815e30c6bcea82f0340052a	d__Eukaryota; p__Mucoromycota; c__Incertae_Sedis; o__Mucorales; f__Lichtheimiaceae; g__Lichtheimia; s__Lichtheimia_ramosa	0.7017855401206687
1bc5164c69fdae2a359d1f59abe7f290	d__Bacteria; p__Firmicutes; c__Bacilli; o__Bacillales; f__Planococcaceae	0.9197642109690112
e8a92ceef80796e9d6d1442b0648284c	d__Bacteria; p__Proteobacteria; c__Gammaproteobacteria; o__Cardiobacteriales; f__Cardiobacteriaceae; g__Cardiobacterium; s__uncultured_Cardiobacterium	0.9758978915703458
5d7c21435dde623fa8606c920ba85a93	d__Bacteria; p__Firmicutes; c__Bacilli; o__Lactobacillales; f__Leuconostocaceae; g__Leuconostoc	0.9999999968118761
0af166874907b5b90880ba9833cc3b5a	d__Bacteria; p__Bacteroidota; c__Bacteroidia; o__Cytophagales; f__Spirosomaceae; g__Spirosoma; s__uncultured_bacterium	0.7638680913847655
b4ad0d77b6f07dbfda506608feb8d65e	d__Bacteria; p__Actinobacteriota; c__Actinobacteria; o__Micrococcales; f__Microbacteriaceae; g__Curtobacterium	0.7412375868208966
eea2796c8415ba74ce0b481df69b2019	d__Bacteria; p__Proteobacteria; c__Gammaproteobacteria; o__Burkholderiales; f__Comamonadaceae; g__Comamonas	0.7703844904038603
acb5f7f7403563de46deb1eea4db5283	d__Bacteria; p__Proteobacteria; c__Alphaproteobacteria; o__Rhodobacterales; f__Rhodobacteraceae; g__Paracoccus	0.9496569426330478
ca8893ffe9f536f08b4038c467feba35	d__Bacteria; p__Actinobacteriota; c__Actinobacteria; o__Frankiales; f__Sporichthyaceae; g__uncultured; s__uncultured_Sporichthya	0.9126210818951883
3a97452f94b5f4def1eb5ab285dd3a86	d__Bacteria; p__Actinobacteriota; c__Actinobacteria; o__Micrococcales; f__Microbacteriaceae	0.9998867717772586
127ddfca715950f93c877e8a2b7d5335	d__Bacteria; p__Firmicutes; c__Clostridia; o__Lachnospirales; f__Lachnospiraceae; g__Coprococcus	0.9910086100192596
e50262ae52e82d3200cace9563eb18f4	d__Bacteria; p__Firmicutes; c__Bacilli; o__Staphylococcales; f__Staphylococcaceae; g__Staphylococcus	0.9999839873302828
fcd2320b07f746570bf6fb4b82403bfd	d__Bacteria	0.7241391014876158
cfef0df4c73cc2f5b97632cce09e9503	d__Bacteria; p__Bacteroidota; c__Bacteroidia; o__Flavobacteriales; f__Weeksellaceae; g__Empedobacter	0.9985691576376783
3cae73b668cb951f43bf3f52c9a64d4f	d__Bacteria; p__Proteobacteria; c__Alphaproteobacteria; o__Rickettsiales; f__Mitochondria; g__Mitochondria	1.000000000000002
9960ed556f9901b79d95fcbbb7aff371	d__Bacteria; p__Cyanobacteria; c__Cyanobacteriia; o__Chloroplast; f__Chloroplast; g__Chloroplast	0.9999999999968519
a75df8ec36a6a265155bd5148b06e3ff	d__Bacteria; p__Bacteroidota; c__Bacteroidia; o__Sphingobacteriales; f__Sphingobacteriaceae; g__Pedobacter	0.9492432024786427
80883386cd67f32ff0255d37ca492305	d__Bacteria; p__Proteobacteria; c__Gammaproteobacteria; o__Burkholderiales; f__Rhodocyclaceae; g__Azospira	0.9839661515232119
452374a4d955433c95e9739b75412df3	d__Bacteria; p__Firmicutes; c__Clostridia; o__Peptostreptococcales-Tissierellales; f__Peptostreptococcales-Tissierellales; g__Anaerococcus; s__uncultured_bacterium	0.8271674893203457
3bd4b12c3a97258133cf7018621798c1	d__Bacteria; p__Actinobacteriota; c__Actinobacteria; o__Micrococcales; f__Microbacteriaceae; g__Curtobacterium	0.7824991359539899
8840f42fceadc5eaa917a49d8fd94788	d__Bacteria; p__Proteobacteria; c__Alphaproteobacteria; o__Rhizobiales; f__Beijerinckiaceae; g__Microvirga	0.9999651483984489
06b30a2362ce932b7ca926f6e47a6942	d__Eukaryota; p__Phragmoplastophyta; c__Embryophyta; o__Magnoliophyta; f__Magnoliophyta; g__Magnoliophyta; s__Pyrus_x	0.99600203268568
faf8d31319c45f64675ed63c8772d060	d__Bacteria; p__Bacteroidota; c__Bacteroidia; o__Bacteroidales; f__Prevotellaceae; g__Alloprevotella; s__Alloprevotella_tannerae	0.9895976914813384
3747119375b51348416b7e35f525ad72	d__Bacteria; p__Bacteroidota; c__Bacteroidia; o__Cytophagales; f__Microscillaceae; g__Chryseolinea	0.75189573976895
bbd7f6369b530a17b89dbcf494620e4c	d__Eukaryota; p__Basidiomycota; c__Malasseziomycetes; o__Malasseziales; f__Malasseziaceae; g__Malassezia	0.9999999634309931
3589a3ef0f809b9634bb331cb0a09abd	d__Bacteria; p__Actinobacteriota; c__Actinobacteria; o__Propionibacteriales; f__Nocardioidaceae; g__Nocardioides	0.9999959121132592
1f5cdd934e3994a9475d8c9d4351460f	d__Eukaryota; p__Basidiomycota; c__Tremellomycetes; o__Cystofilobasidiales; f__Cystofilobasidiaceae; g__Cystofilobasidium	0.9999991195227935
4a167282de83034021ad831cf65d2cd5	d__Bacteria; p__Actinobacteriota; c__Actinobacteria; o__Corynebacteriales; f__Dietziaceae; g__Dietzia; s__Dietzia_cinnamea	0.8234170974713778
86f86fbee81eb4f5466067ba3f492ae8	d__Bacteria; p__Proteobacteria; c__Gammaproteobacteria; o__Burkholderiales; f__Oxalobacteraceae; g__Undibacterium	0.973782825043657
a8bd61f839b373487c39a25d91d7f075	d__Bacteria; p__Actinobacteriota; c__Thermoleophilia; o__Gaiellales; f__Gaiellaceae; g__Gaiella	0.9899347765216877
fc575f91dbafd200331a195b0186d1fb	d__Bacteria; p__Proteobacteria; c__Gammaproteobacteria; o__Cellvibrionales; f__Cellvibrionaceae; g__Cellvibrio	0.9999998513743629
5c80b1893f6adfcb33af07ab36f8a41b	d__Bacteria; p__Proteobacteria; c__Alphaproteobacteria; o__Rhodobacterales; f__Rhodobacteraceae; g__Paracoccus	0.9931466902668508
4d6adbd484bfd5c8fa1fdf20fa546dcb	d__Eukaryota; p__Basidiomycota; c__Pucciniomycetes; o__Pucciniales; f__Melampsoraceae; g__Melampsora; s__uncultured_fungus	0.9907090032974326
2bbb9ba77f797b7be215f87dfac87e5f	d__Bacteria; p__Proteobacteria; c__Gammaproteobacteria; o__Pseudomonadales; f__Pseudomonadaceae; g__Pseudomonas	0.9999993993251394
a0818910a044986d6cdc9456393502e8	d__Bacteria; p__Firmicutes; c__Clostridia; o__Oscillospirales; f__Ruminococcaceae; g__CAG-352; s__uncultured_bacterium	0.8342085610305292
914c86dc3bf0c594b78482c7d1e155fb	d__Bacteria; p__Proteobacteria; c__Gammaproteobacteria; o__Burkholderiales; f__Oxalobacteraceae	0.9991450153665069
ab316983a0cebe91e9ab6b97a26a3b91	d__Bacteria; p__Proteobacteria; c__Alphaproteobacteria; o__Sphingomonadales; f__Sphingomonadaceae; g__Sphingomonas	0.8875776332021068
60eb38cda44a5fd5f0de545843686d83	d__Eukaryota; p__Mucoromycota; c__Incertae_Sedis; o__Mortierellales; f__Mortierellaceae; g__Mortierella; s__uncultured_fungus	0.7581251380603452
fb137170d6ef1b57604382bf4003437f	d__Bacteria; p__Proteobacteria; c__Gammaproteobacteria; o__Pseudomonadales; f__Pseudomonadaceae; g__Pseudomonas	0.936277430332264
154d73aa629648720cf5eb2ead06757d	d__Bacteria; p__Bacteroidota; c__Bacteroidia; o__Bacteroidales; f__Prolixibacteraceae; g__Draconibacterium; s__uncultured_bacterium	0.8680793918656744
5f45a40eda6c25b92986ead430af7e98	d__Bacteria; p__Proteobacteria; c__Gammaproteobacteria; o__Burkholderiales; f__Neisseriaceae	0.9999990131582962
66771b882b45b60ce8e33ca33b44fe77	d__Bacteria; p__Firmicutes; c__Bacilli; o__Staphylococcales; f__Staphylococcaceae; g__Staphylococcus	0.9999864654739569
12f23009553e5f3166bdbf78c391acb8	d__Bacteria; p__Firmicutes; c__Clostridia; o__Oscillospirales; f__Oscillospiraceae; g__UCG-002; s__uncultured_rumen	0.9092921050790987
2341abf0e819646778db48ebc298c24f	d__Bacteria; p__Actinobacteriota; c__Actinobacteria; o__Corynebacteriales; f__Corynebacteriaceae; g__Corynebacterium	0.9902444525911537
a5346a41823c183cb62a7ca3d4ac118f	d__Bacteria; p__Firmicutes; c__Clostridia; o__Peptostreptococcales-Tissierellales	0.8996946246679266
d3fa7a195cc4d7107b25a445faae8970	d__Bacteria; p__Firmicutes; c__Bacilli; o__Staphylococcales; f__Staphylococcaceae; g__Staphylococcus	0.9999886754403933
56be28215323d89e9f2fc98a00ee8be7	d__Bacteria; p__Proteobacteria; c__Gammaproteobacteria; o__Burkholderiales; f__Comamonadaceae; g__Variovorax	0.8999117219825314
e64f270f383c7405e2813fbff46aed53	d__Eukaryota; p__Phragmoplastophyta; c__Embryophyta; o__Magnoliophyta; f__Magnoliophyta; g__Magnoliophyta	0.9993313005485043
ab25c42845ef868e0012d9b7dc425627	d__Bacteria; p__Proteobacteria; c__Gammaproteobacteria; o__Xanthomonadales; f__Xanthomonadaceae; g__Stenotrophomonas	0.9999806796822139
ce7a61e5b9be1e131a69d7d5b4e7f41c	d__Eukaryota; p__Phragmoplastophyta; c__Embryophyta; o__Magnoliophyta; f__Magnoliophyta; g__Magnoliophyta; s__Fragaria_vesca	0.8308776885340192
cfe6566b5668c2246136158858cb3f84	d__Bacteria; p__Firmicutes; c__Bacilli; o__Lactobacillales; f__Streptococcaceae; g__Streptococcus	0.9996889942118589
51ec75d84860b004231f43d03a07af1e	d__Bacteria; p__Firmicutes; c__Bacilli; o__Staphylococcales; f__Staphylococcaceae; g__Staphylococcus	0.9999629718314261
2bcc3ef893486e345648d0bc810e09d5	d__Bacteria; p__Proteobacteria; c__Alphaproteobacteria; o__Acetobacterales; f__Acetobacteraceae; g__Roseomonas	0.999986196359946
e6893bd87b3b4a161257ba8b9eaf4d4d	d__Bacteria; p__Firmicutes; c__Clostridia; o__Peptostreptococcales-Tissierellales; f__Peptostreptococcaceae; g__Peptoanaerobacter; s__Peptoanaerobacter_stomatis	0.9993661288227084
9ebd9740387adb656af71c63869f8933	d__Eukaryota; p__Archamoebae; c__Entamoebida; o__Entamoebida; f__Entamoebida; g__Entamoeba; s__Entamoeba_gingivalis	0.9999992841466967
c2a6aed9c430959e2168fb7c9845bae1	d__Bacteria; p__Proteobacteria; c__Gammaproteobacteria; o__Pasteurellales; f__Pasteurellaceae; g__Haemophilus	0.9525991030828539
6a77f3326c7e4cf9123f90cca558b42a	d__Bacteria; p__Bacteroidota; c__Bacteroidia; o__Bacteroidales; f__Prevotellaceae; g__Prevotella; s__Prevotella_sp.	0.9641145613301061
6d88ee7bd781853b4207bc1f6db446b0	d__Bacteria; p__Bacteroidota; c__Bacteroidia; o__Bacteroidales; f__Prevotellaceae; g__Prevotella; s__Prevotella_shahii	0.9547299105509185
f1cef46997d48fa8a49633821ceeb10f	d__Bacteria; p__Bacteroidota; c__Bacteroidia; o__Bacteroidales; f__Prevotellaceae; g__Alloprevotella; s__Alloprevotella_tannerae	0.9870239678681376
993340d3c00b5dd767d08b33a7feef7c	d__Bacteria; p__Proteobacteria; c__Alphaproteobacteria; o__Rhizobiales; f__Beijerinckiaceae; g__Methylobacterium-Methylorubrum	0.9994869893998749
8dd3b0cc60f11650123d2c7826c8b0c5	d__Bacteria; p__Firmicutes; c__Negativicutes; o__Veillonellales-Selenomonadales; f__Selenomonadaceae; g__Selenomonas; s__Selenomonas_sputigena	0.9422799970474722
27182c0edf0b9cb785a3c07e2ae70c3e	d__Bacteria; p__Actinobacteriota; c__Actinobacteria; o__Micrococcales; f__Microbacteriaceae; g__Curtobacterium	0.8105616493553263
b6caa04900b5650a398e1573450ed41f	d__Bacteria; p__Firmicutes; c__Bacilli; o__Paenibacillales; f__Paenibacillaceae; g__Paenibacillus; s__Paenibacillus_senegalensis	0.9979088219539659
7ff92630df7fac12313337779853fbbd	d__Bacteria; p__Proteobacteria; c__Gammaproteobacteria; o__Pasteurellales; f__Pasteurellaceae; g__Haemophilus	0.9404875062597025
4d4e57206b2553b80b22e405ed219798	d__Bacteria; p__Firmicutes; c__Bacilli; o__Staphylococcales; f__Staphylococcaceae; g__Staphylococcus	0.9997247958144773
6851fe6fa621c1731e2ca334bbe5b52d	d__Bacteria; p__Proteobacteria; c__Gammaproteobacteria; o__Burkholderiales; f__Oxalobacteraceae; g__Massilia	0.9985597588056743
e6ab81710fc6d86824a378afb8e45117	d__Bacteria; p__Firmicutes; c__Bacilli; o__Bacillales; f__Bacillaceae; g__Bacillus; s__Bacillus_funiculus	0.9603874444924725
4ebbf9e674324653af1f077ec37c84f8	d__Bacteria; p__Firmicutes; c__Clostridia; o__Peptostreptococcales-Tissierellales; f__Peptostreptococcales-Tissierellales; g__Anaerococcus; s__Anaerococcus_nagyae	0.7412818258763207
f4a33c45ef6074638d2b49fae5fe7829	d__Bacteria; p__Actinobacteriota; c__Actinobacteria; o__Corynebacteriales; f__Corynebacteriaceae; g__Corynebacterium	0.9999995407298593
e00a65be6bec07fe1c74b04bd9e16341	d__Bacteria; p__Firmicutes; c__Bacilli; o__Lactobacillales; f__Streptococcaceae; g__Streptococcus	0.9996482757592776
1e326a589b4bce63c079eb7e77349bb8	d__Bacteria; p__Bacteroidota; c__Bacteroidia; o__Cytophagales; f__Cyclobacteriaceae; g__uncultured	0.9198708315010236
e71cae8bb3c81f2df4e6fac3be46d3b2	d__Bacteria; p__Firmicutes; c__Clostridia; o__Peptostreptococcales-Tissierellales; f__Peptostreptococcales-Tissierellales; g__Anaerococcus	0.9999999999985807
6aa4a5e44d55fc40b7d8b007ef293b74	d__Bacteria; p__Firmicutes; c__Bacilli; o__Staphylococcales; f__Staphylococcaceae; g__Staphylococcus	0.9999824457002755
4c80e32d0b7035efc6facf67d8fe5bd7	d__Bacteria; p__Actinobacteriota; c__Actinobacteria; o__Corynebacteriales; f__Corynebacteriaceae; g__Turicella; s__uncultured_bacterium	0.9366979248510606
700596c1156f4a20258a482beab207a0	d__Bacteria; p__Fusobacteriota; c__Fusobacteriia; o__Fusobacteriales; f__Fusobacteriaceae; g__Fusobacterium	0.9999999998305
22c53d3a7ce566f0b58dc3534de5b350	d__Bacteria; p__Fusobacteriota; c__Fusobacteriia; o__Fusobacteriales; f__Leptotrichiaceae; g__Leptotrichia; s__Leptotrichia_buccalis	0.8093681884412173
7f42c27f02dea0bf51ee6d1d946a5e97	d__Bacteria; p__Actinobacteriota; c__Actinobacteria; o__Propionibacteriales; f__Nocardioidaceae; g__Nocardioides	0.9986772621166993
ab0e37b5098e656f86373c719c62664d	d__Bacteria; p__Proteobacteria; c__Gammaproteobacteria; o__Pseudomonadales; f__Pseudomonadaceae; g__Pseudomonas	0.9004881367179203
0f7128ae28c4256de426f77a073a0e20	d__Bacteria; p__Actinobacteriota; c__Actinobacteria; o__Corynebacteriales; f__Corynebacteriaceae; g__Corynebacterium	0.9985689414715198
f652a3a8d24260e18f66fa9a36f267d7	d__Bacteria; p__Proteobacteria; c__Gammaproteobacteria; o__Enterobacterales; f__Enterobacteriaceae	0.7384800989637358
1f540f248c0b0b765e7ad7742f9fb83d	d__Bacteria; p__Firmicutes; c__Clostridia; o__Peptostreptococcales-Tissierellales; f__Anaerovoracaceae; g__Mogibacterium; s__Mogibacterium_timidum	0.9979532839445939
25cbf688b1a47c6cb420fb4247f2f4a8	d__Bacteria; p__Proteobacteria; c__Alphaproteobacteria; o__Rhodobacterales; f__Rhodobacteraceae; g__uncultured; s__uncultured_Amaricoccus	0.8299187155996527
ae79b9c5ed1959f17c7024fec9972dff	d__Bacteria; p__Actinobacteriota; c__Actinobacteria; o__Corynebacteriales; f__Corynebacteriaceae; g__Corynebacterium; s__Corynebacterium_tuberculostearicum	0.7304446936076718
ccef1fe123d3cccbb486898231e24989	d__Bacteria; p__Firmicutes; c__Bacilli; o__Lactobacillales; f__Lactobacillaceae; g__Lactobacillus; s__Lactobacillus_helveticus	0.8310592414243749
5dd610089a2322168b43c22fa615e677	d__Bacteria; p__Firmicutes; c__Clostridia; o__Clostridia_UCG-014; f__Clostridia_UCG-014; g__Clostridia_UCG-014; s__uncultured_bacterium	0.9317127627746016
efb5d48d49798dc8b3f2e271b52ce2fb	d__Bacteria; p__Proteobacteria; c__Gammaproteobacteria; o__Burkholderiales; f__Burkholderiaceae; g__Ralstonia	0.9919031421314694
7192aa7915d5c3fd82291701f0632f0a	d__Bacteria; p__Proteobacteria; c__Gammaproteobacteria; o__Pseudomonadales; f__Pseudomonadaceae; g__Pseudomonas	0.9197135554779143
431ee819bd7f118a331e4824217ec9a7	d__Bacteria; p__Actinobacteriota; c__Actinobacteria; o__Corynebacteriales; f__Mycobacteriaceae; g__Mycobacterium	0.9999955731189698
0e784e8785f6098ca97b89a37e5a1bb4	d__Bacteria; p__Cyanobacteria; c__Cyanobacteriia; o__Chloroplast; f__Chloroplast; g__Chloroplast; s__Medicago_truncatula	0.9437713000732046
7dff22e15f3f9b42dac4f8b58cd7a1f7	d__Bacteria; p__Verrucomicrobiota; c__Verrucomicrobiae; o__Verrucomicrobiales; f__Verrucomicrobiaceae; g__uncultured; s__uncultured_bacterium	0.8636920121543403
dfa3f85168324b7e3f9ff7854eec993f	d__Bacteria; p__Proteobacteria; c__Alphaproteobacteria; o__Rhizobiales; f__Beijerinckiaceae; g__1174-901-12; s__uncultured_bacterium	0.9932796824446474
aa2eeb4e31551d29d31c27f1cf7daaa1	d__Bacteria; p__Proteobacteria; c__Gammaproteobacteria; o__Enterobacterales; f__Enterobacteriaceae; g__Cronobacter	0.9094902384559116
dd10092b7f62d0b3a85d55305578cad8	d__Eukaryota; p__Phragmoplastophyta; c__Embryophyta; o__Magnoliophyta; f__Magnoliophyta; g__Magnoliophyta	0.9982752371834323
5670b22f864ab390918b7bfcdcc0b204	d__Bacteria; p__Patescibacteria; c__Berkelbacteria; o__Berkelbacteria; f__Berkelbacteria; g__Berkelbacteria; s__uncultured_soil	0.7511133919291095
f86c84586fcba6aeed8d294361c6d987	d__Bacteria; p__Actinobacteriota; c__Actinobacteria; o__Propionibacteriales; f__Nocardioidaceae; g__Marmoricola; s__uncultured_bacterium	0.8013503560141548
241192625b998c4ce1ba34976d64909b	d__Bacteria; p__Actinobacteriota; c__Actinobacteria; o__Corynebacteriales; f__Corynebacteriaceae; g__Corynebacterium; s__Corynebacterium_pyruviciproducens	0.9095323860318358
d392d5ebc86af5cd3e4e957bbb924732	d__Bacteria; p__Fusobacteriota; c__Fusobacteriia; o__Fusobacteriales; f__Fusobacteriaceae; g__Fusobacterium	0.9999999999349412
638450cecd3b4e7db7221435aacd9af0	d__Bacteria; p__Acidobacteriota; c__Acidobacteriae; o__Acidobacteriales; f__Acidobacteriaceae_(Subgroup_1); g__Terriglobus	0.9999202030009363
7bbf399c200324ca9205491ca764dc20	d__Bacteria; p__Actinobacteriota; c__Actinobacteria; o__Pseudonocardiales; f__Pseudonocardiaceae; g__Saccharopolyspora	0.9955759909474622
7fcfd116dbe9afdc7546c3de8e564a36	d__Bacteria; p__Proteobacteria; c__Alphaproteobacteria; o__Sphingomonadales; f__Sphingomonadaceae	0.9966939320111424
404fbf5aa275a6c65d0417bc2edd86b5	d__Bacteria; p__Actinobacteriota; c__Thermoleophilia; o__Solirubrobacterales; f__67-14; g__67-14; s__metagenome	0.9571931487153577
68cb3058b313a8b0777db0a790822625	d__Bacteria; p__Fusobacteriota; c__Fusobacteriia; o__Fusobacteriales; f__Leptotrichiaceae; g__Leptotrichia; s__Leptotrichia_sp.	0.984431537903967
040dab130b3c6a338a73537d096a8ae2	d__Bacteria; p__Proteobacteria; c__Gammaproteobacteria; o__Burkholderiales; f__Burkholderiaceae; g__Ralstonia	0.9923716166532215
d5d8014273ba5ff5e6f71b1c520eb527	d__Archaea; p__Halobacterota; c__Halobacteria; o__Halobacterales; f__Haloferacaceae; g__Halobellus	0.9999987293557946
1fa777876898902804e331eb2d57d7cf	d__Bacteria; p__Bacteroidota; c__Bacteroidia; o__Bacteroidales; f__Prevotellaceae; g__Prevotella; s__Prevotella_stercorea	0.9379371865437558
f8fd02fa7f9f57a8cea3555b5888b1d6	d__Bacteria; p__Actinobacteriota; c__Actinobacteria; o__Propionibacteriales; f__Propionibacteriaceae; g__Microlunatus	0.9994170206942901
62bcd9446f20086aee58792c8291bc66	d__Bacteria; p__Actinobacteriota; c__Thermoleophilia; o__Gaiellales; f__Gaiellaceae; g__Gaiella; s__actinobacterium_WWH12	0.8986826509552456
8bed1a4e73399b548c1c685056872b4f	d__Bacteria; p__Proteobacteria; c__Alphaproteobacteria; o__Rhizobiales; f__Beijerinckiaceae; g__Bosea	0.9999980483636502
6d7b968ca1799043a96d08e79e358eef	d__Eukaryota; p__Basidiomycota; c__Wallemiomycetes; o__Wallemiales; f__Incertae_Sedis; g__Wallemia; s__Wallemia_sebi	0.9916510641670302
4f20dfc4a5cd0c250bfa81c770abe099	d__Bacteria; p__Proteobacteria; c__Alphaproteobacteria; o__Azospirillales; f__Azospirillaceae; g__Skermanella	0.994394364929796
238cf83efef02c6e5660c3bf4d572638	d__Bacteria; p__Bacteroidota; c__Bacteroidia; o__Bacteroidales; f__Prevotellaceae; g__Prevotella; s__Prevotella_corporis	0.9806351592648581
2ec0e0df3cbacf4ed792c2d6f7b59a31	d__Bacteria; p__Actinobacteriota; c__Actinobacteria; o__Corynebacteriales; f__Corynebacteriaceae; g__Corynebacterium	0.9939202176811963
7eb3668985849b88ba42e500c6b3b3b1	d__Bacteria; p__Firmicutes; c__Clostridia; o__Lachnospirales; f__Lachnospiraceae; g__Blautia	0.9968474933767184
ae4226335c82a87320f61fbb2992c349	d__Bacteria; p__Bacteroidota; c__Bacteroidia; o__Sphingobacteriales; f__Sphingobacteriaceae; g__Pedobacter	0.991565695931366
7e2ba915c7721cee374ab965da34d18f	d__Bacteria; p__Verrucomicrobiota; c__Verrucomicrobiae; o__Opitutales; f__Opitutaceae; g__Ereboglobus; s__Opitutaceae_bacterium	0.9997672123856014
652813e5d13c0d1e2fdecce5e9425c42	d__Bacteria; p__Actinobacteriota; c__Actinobacteria; o__Micrococcales; f__Intrasporangiaceae	0.9769839348282107
7c2c61d068bd6c3c65302405231eb6c1	d__Bacteria; p__Actinobacteriota; c__Actinobacteria; o__Propionibacteriales; f__Nocardioidaceae; g__Nocardioides; s__uncultured_organism	0.9756426165153573
04b3108a5f228e4ec6e010e8a3bf46fa	d__Bacteria; p__Proteobacteria; c__Gammaproteobacteria; o__Xanthomonadales; f__Rhodanobacteraceae	0.9999996234405434
dd6471dea6750c1386651f05d33ce856	d__Bacteria; p__Bacteroidota; c__Bacteroidia; o__Flavobacteriales; f__Flavobacteriaceae; g__Flavobacterium	0.9999900912674177
0a5c8a92db59c7ccf09c348bb0fb1373	Unassigned	0.37099817360556087
75ffedf27db782516c408db974f6f390	d__Bacteria; p__Actinobacteriota; c__Coriobacteriia; o__Coriobacteriales; f__Eggerthellaceae; g__Slackia; s__Slackia_exigua	0.9466421825951065
573d0ac06d6d2855258a6ce1180a9556	d__Bacteria; p__Firmicutes; c__Bacilli; o__Lactobacillales; f__Lactobacillaceae; g__Lactobacillus	0.9999991094388883
d2472f7ac8a9bd596235c6685703eddc	d__Bacteria; p__Actinobacteriota; c__Actinobacteria; o__Propionibacteriales; f__Propionibacteriaceae; g__Cutibacterium	0.9765303842620815
bc050e3029851baa9320a1b6db096cf7	d__Bacteria; p__Firmicutes; c__Clostridia; o__Lachnospirales; f__Lachnospiraceae; g__Roseburia; s__Roseburia_hominis	0.8427717925414557
22cf2eb64b2c903559b2bf6db44e4033	d__Bacteria; p__Proteobacteria; c__Gammaproteobacteria; o__Pseudomonadales; f__Pseudomonadaceae; g__Pseudomonas	0.9742344859301993
c8ac2ba164f284f5d765b8ae76f9c6c4	d__Bacteria; p__Actinobacteriota; c__Actinobacteria; o__Propionibacteriales; f__Propionibacteriaceae; g__Cutibacterium	0.9998397506801677
a7dfebb304ecfa11e0ae840e72b9c805	d__Bacteria; p__Actinobacteriota; c__Actinobacteria; o__Micrococcales; f__Brevibacteriaceae; g__Brevibacterium; s__Brevibacterium_pityocampae	0.7066087416489686
6ac3b629be9cc1db6c41981d7dc3b908	d__Bacteria; p__Actinobacteriota; c__Coriobacteriia; o__Coriobacteriales; f__Coriobacteriaceae; g__Collinsella	0.9999999280645787
9995405670cc3aeb2c80d6e94ee261c7	d__Bacteria; p__Bacteroidota; c__Bacteroidia; o__Cytophagales; f__Hymenobacteraceae; g__Adhaeribacter	0.9999993392051546
772e4cf2a8a307119448f6f45d0a11f6	d__Bacteria; p__Proteobacteria; c__Gammaproteobacteria; o__Gammaproteobacteria_Incertae_Sedis; f__Unknown_Family; g__Acidibacter	0.998630852282538
3888529583f321ea0cbd597699a71dce	d__Bacteria; p__Fusobacteriota; c__Fusobacteriia; o__Fusobacteriales; f__Fusobacteriaceae; g__Fusobacterium	0.9999964980158289
2d1e1c8cf375238acf481128b9d81f05	d__Bacteria; p__Actinobacteriota; c__Actinobacteria; o__Corynebacteriales; f__Corynebacteriaceae; g__Corynebacterium	0.9978487846591861
915e2a32f4c56ba7b7e9f295cb6be2f1	d__Bacteria; p__Actinobacteriota; c__Actinobacteria; o__Propionibacteriales; f__Nocardioidaceae; g__Nocardioides	0.9999965243383115
43e0577b0e9a92e987aa4683863f8beb	d__Bacteria; p__Firmicutes; c__Clostridia; o__Peptostreptococcales-Tissierellales; f__Peptostreptococcales-Tissierellales; g__Helcococcus; s__uncultured_bacterium	0.9961404158196739
09cebb80e3791cbc48cde2484d0ea40f	d__Bacteria; p__Actinobacteriota; c__Actinobacteria; o__Propionibacteriales; f__Propionibacteriaceae; g__Cutibacterium	0.9998830105685911
17623c702f99fc71cf4b3e66300b6589	d__Bacteria; p__Bacteroidota; c__Bacteroidia; o__Bacteroidales; f__Porphyromonadaceae; g__Porphyromonas	0.9999999778036337
4887862e3a0cd84707a94a7d31a4ad63	d__Bacteria; p__Proteobacteria; c__Alphaproteobacteria	0.999999999930477
8aed0554fe407ad665d8851649f8681b	d__Bacteria	0.7120567149026545
b2c7a4e919f9277266d8190ea672fcd9	d__Bacteria; p__Actinobacteriota; c__Actinobacteria; o__Propionibacteriales; f__Propionibacteriaceae; g__Cutibacterium	0.9997805659996042
da5f1d80803deeae87aea9dbeb207109	d__Bacteria; p__Proteobacteria; c__Gammaproteobacteria; o__Burkholderiales; f__Comamonadaceae; g__Aquabacterium	0.871666354859066
8dc472b91eab694fab28cb2fd9721cea	d__Bacteria; p__Actinobacteriota; c__Actinobacteria; o__Euzebyales; f__Euzebyaceae; g__uncultured; s__Actinobacteria_bacterium	0.9999999999997442
adbcef6f6f0c6f3bdaa143e3f9aaa095	d__Bacteria; p__Proteobacteria; c__Alphaproteobacteria; o__Sphingomonadales; f__Sphingomonadaceae; g__Sphingobium	0.9986945742142332
53153a8df5f80e4101db83108659a631	d__Bacteria; p__Actinobacteriota; c__Actinobacteria; o__Micrococcales; f__Microbacteriaceae; g__Leifsonia	0.9920947354374392
7d1c83ade20360795a4cc46abc7ae953	d__Bacteria; p__Bacteroidota; c__Bacteroidia; o__Chitinophagales; f__Chitinophagaceae; g__Aurantisolimonas	0.9998848793714884
b70b231699853fe131f3219e302d553d	d__Bacteria; p__Proteobacteria; c__Alphaproteobacteria; o__Sphingomonadales; f__Sphingomonadaceae; g__Blastomonas	0.9952845453855503
45bd8ed5491c614b3921b42df1d7f955	d__Bacteria; p__Actinobacteriota; c__Actinobacteria; o__Propionibacteriales; f__Nocardioidaceae; g__Marmoricola	0.8818490637065629
c880bb39ab940bbf9781ee69d271529a	d__Bacteria; p__Proteobacteria; c__Alphaproteobacteria; o__Rhizobiales; f__Beijerinckiaceae; g__Bosea	0.9999989378210937
e44c57f97613959124e03e41b6950efe	d__Bacteria; p__Proteobacteria; c__Alphaproteobacteria; o__Azospirillales; f__Azospirillaceae; g__Skermanella	0.9944319729246269
dd1debc775fd9aa63dd1a29af33cf53c	d__Bacteria; p__Bacteroidota; c__Rhodothermia; o__Rhodothermales; f__Rhodothermaceae; g__Rhodothermaceae; s__uncultured_bacterium	0.9168380667884724
1b5512279ac9621814934897996cd6a7	d__Bacteria; p__Firmicutes; c__Bacilli; o__Bacillales; f__Planococcaceae; g__Planococcus	0.8228951074350397
ba3067b0434724845b20bfd12e608d08	d__Bacteria; p__Proteobacteria; c__Gammaproteobacteria; o__Pseudomonadales; f__Moraxellaceae; g__Acinetobacter	0.9993756767840904
0987b494abf7807afeb1fe766f59b8d1	d__Eukaryota; p__Ascomycota; c__Dothideomycetes; o__Capnodiales; f__Cladosporiaceae; g__Cladosporium	0.9007191334914798
8069ee0be5a079847f47bae73164baac	d__Bacteria; p__Actinobacteriota; c__Actinobacteria; o__Micrococcales	0.9999999896059265
eba634740da1a04cbeee679a50e635bc	d__Bacteria; p__Actinobacteriota; c__Actinobacteria; o__Micrococcales; f__Microbacteriaceae	0.9998802747930619
c18ea85d43f1155cc53b77e30fb82869	d__Bacteria; p__Firmicutes; c__Clostridia; o__Lachnospirales; f__Lachnospiraceae; g__Blautia	0.9997924233669374
c01d220858b7381c86fcc13f5e916c9e	d__Bacteria; p__Bacteroidota; c__Bacteroidia; o__Flavobacteriales; f__Flavobacteriaceae; g__Flavobacterium	0.9999826373848765
2d6ab4834d84fe3c1d2dbc6dfc1a5720	d__Bacteria; p__Actinobacteriota; c__Actinobacteria; o__Corynebacteriales; f__Corynebacteriaceae; g__Corynebacterium	0.9998142422207746
b38f288ed0fbe5a22c056beac6a4b3c1	d__Bacteria; p__Proteobacteria; c__Gammaproteobacteria; o__Pseudomonadales; f__Pseudomonadaceae; g__Pseudomonas	0.9638574637863366
020f3815cbfce77bca0ab3f7d1aecef8	d__Bacteria; p__Proteobacteria; c__Gammaproteobacteria; o__Burkholderiales; f__Neisseriaceae; g__Neisseria	0.9993002405048269
f4ed8ff048ae875c3be2315f31099ff9	d__Bacteria; p__Bacteroidota; c__Bacteroidia; o__Cytophagales; f__Hymenobacteraceae; g__Hymenobacter; s__Hymenobacter_koreensis	0.9993816444992949
3c6c385f5c1ede4271d2c90593a031f3	d__Bacteria; p__Myxococcota; c__Polyangia; o__Haliangiales; f__Haliangiaceae; g__Haliangium	0.9787350392219174
41ab2654a27e954b7105d1aed3f5b237	d__Bacteria; p__Bacteroidota; c__Bacteroidia; o__Bacteroidales; f__Prevotellaceae; g__Prevotella	0.9999993228049378
bd3330ee848fdeb0c357442a613f1648	d__Bacteria; p__Bacteroidota; c__Bacteroidia; o__Bacteroidales; f__Porphyromonadaceae; g__Porphyromonas	0.9998945324958918
63c7622160e5bfff356eb92502a442b5	d__Bacteria; p__Bacteroidota; c__Bacteroidia; o__Flavobacteriales; f__Flavobacteriaceae; g__Flavobacterium	0.9999994792761452
5f1c15cb89ef2f2a8aa3b3f448cb5648	d__Bacteria; p__Proteobacteria; c__Gammaproteobacteria; o__Pseudomonadales; f__Pseudomonadaceae; g__Pseudomonas	0.9949154450414119
793d16a9e3b95a87cc64b1edf27dfcad	d__Bacteria; p__Firmicutes; c__Bacilli; o__Lactobacillales; f__Streptococcaceae; g__Streptococcus; s__Streptococcus_suis	0.780293148318355
eb1bdae0a7da37a3fb9b6e5c57bb9307	d__Bacteria; p__Proteobacteria; c__Gammaproteobacteria; o__Enterobacterales; f__Enterobacteriaceae	0.9463268687867618
4d816afdb8315364cfe5fe74aae8178d	d__Bacteria; p__Proteobacteria; c__Gammaproteobacteria; o__Burkholderiales; f__Neisseriaceae	0.9999998344562415
2a4c8ed9afc6bbc0cdfaacd08e4f1237	d__Eukaryota; p__Cercozoa; c__uncultured; o__uncultured; f__uncultured; g__uncultured; s__uncultured_Eimeriidae	0.943267910949052
35b84c645dbe645d5fdb356e2efd2de4	Unassigned	0.3563974507363954
0b3445e39226e01e83ab4b5607d4f84a	d__Bacteria; p__Proteobacteria; c__Alphaproteobacteria; o__Caulobacterales; f__Caulobacteraceae; g__Brevundimonas	0.9999940357843574
8d793cdfd4c900f5642a1f4f4e0b2d88	d__Bacteria; p__Actinobacteriota; c__Actinobacteria; o__Propionibacteriales; f__Nocardioidaceae; g__Nocardioides	0.9997740829307002
e483b4a9867faebd4c32e5ee46c538f0	d__Bacteria; p__Proteobacteria; c__Gammaproteobacteria; o__Burkholderiales; f__Burkholderiaceae; g__Ralstonia	0.9924137958341277
b843d8b8e457ac8d151da14888702ae7	d__Bacteria; p__Actinobacteriota; c__Actinobacteria; o__Kineosporiales; f__Kineosporiaceae; g__Kineococcus	0.9999804313242993
94cef815a5670447976a54a8c0c367fd	d__Bacteria; p__Actinobacteriota; c__Actinobacteria; o__Corynebacteriales; f__Corynebacteriaceae; g__Corynebacterium	0.9996358951982097
556da064d59ffad112255f06178112bd	d__Bacteria; p__Firmicutes; c__Clostridia; o__Clostridiales; f__Clostridiaceae; g__Clostridium_sensu_stricto_8; s__uncultured_bacterium	0.8176167600966401
a6953364fa71bafd262126fc36f492e2	d__Bacteria; p__Fusobacteriota; c__Fusobacteriia; o__Fusobacteriales; f__Leptotrichiaceae; g__Leptotrichia; s__uncultured_bacterium	0.8922837811525599
dd73577819d600dfdb9c62635b126902	Unassigned	0.329193768728813
2d4e6ecabdc864ae52b70deab68d001f	d__Bacteria; p__Proteobacteria; c__Gammaproteobacteria; o__Xanthomonadales; f__Xanthomonadaceae	0.999977240569988
0febd41dc6daf03580dd0d38c52eedfa	d__Bacteria; p__Firmicutes; c__Clostridia; o__Peptostreptococcales-Tissierellales; f__Peptostreptococcales-Tissierellales; g__Anaerococcus	0.9999999999941306
c1cfcde8775af7b349b454f3d328d157	d__Bacteria; p__Proteobacteria; c__Gammaproteobacteria; o__Burkholderiales; f__Neisseriaceae; g__uncultured; s__uncultured_bacterium	0.9999975934314559
ecc578981b5ab7c9c81a4a9eab28318f	d__Bacteria; p__Proteobacteria; c__Gammaproteobacteria; o__Burkholderiales; f__Burkholderiaceae; g__Ralstonia	0.9927497842701621
0d5cf95cbf87c88ecb1e55afc82bd7ba	d__Bacteria; p__Actinobacteriota; c__Actinobacteria; o__Propionibacteriales; f__Propionibacteriaceae; g__Cutibacterium	0.9997538923079708
02bc632c107005d2cde911dea9a35cfd	d__Bacteria; p__Actinobacteriota; c__Actinobacteria; o__Propionibacteriales; f__Propionibacteriaceae; g__Cutibacterium	0.9996752326998413
2718c88fee025334cc1e4c869fce3f8e	d__Bacteria; p__Bacteroidota; c__Bacteroidia; o__Cytophagales; f__Hymenobacteraceae; g__Hymenobacter; s__Hymenobacter_tibetensis	0.7937097246851695
36c2950fe0f001d571ae55aa81e0ce61	d__Bacteria; p__Actinobacteriota; c__Actinobacteria; o__Micromonosporales; f__Micromonosporaceae; g__Micromonospora	0.985114338188698
e18db9cf3fe0ec9b47b89ed2fca326e4	d__Bacteria; p__Firmicutes; c__Bacilli; o__Lactobacillales; f__Streptococcaceae; g__Streptococcus	0.9999969926292536
a6285441fe257290b9fc1b3c39bfc993	d__Bacteria; p__Proteobacteria; c__Alphaproteobacteria; o__Sphingomonadales; f__Sphingomonadaceae; g__Sphingomonas	0.9734113905557851
963be52fd59fa7b5c6499a98c8db5162	d__Bacteria; p__Actinobacteriota; c__Actinobacteria; o__Nitriliruptorales; f__Nitriliruptoraceae; g__Nitriliruptoraceae; s__uncultured_Actinobacteridae	0.9645138252306664
75d3ae239552afb1c964256980ce1319	d__Bacteria; p__Proteobacteria; c__Alphaproteobacteria; o__Caulobacterales; f__Caulobacteraceae	0.9999998014875789
4ec0c827c1240ec5b760d81ab2624f9e	d__Bacteria; p__Bacteroidota; c__Bacteroidia; o__Chitinophagales; f__Chitinophagaceae; g__Ferruginibacter	0.9949540767121818
0ce9ae18f9c5818fc466e4b9722e5aec	d__Bacteria; p__Actinobacteriota; c__Actinobacteria; o__Propionibacteriales; f__Nocardioidaceae; g__Nocardioides	0.9186387113023332
1bae4ddade26a53fbe13dc479fae9f5b	d__Bacteria; p__Bacteroidota; c__Bacteroidia; o__Chitinophagales; f__Chitinophagaceae; g__uncultured	0.7509207247650489
7b12d2dcfceeb6becce0b69c71edbd12	d__Eukaryota; p__Phragmoplastophyta; c__Embryophyta; o__Magnoliophyta; f__Magnoliophyta; g__Magnoliophyta; s__Linum_usitatissimum	0.9993648300633927
51246a5b372f0ee05615f52579235fad	d__Bacteria; p__Actinobacteriota; c__Actinobacteria; o__Corynebacteriales; f__Corynebacteriaceae; g__Corynebacterium; s__Corynebacterium_confusum	0.8859656684193072
9a63ac14bfd87b319ea1597fdca1c4cf	d__Bacteria; p__Actinobacteriota; c__Actinobacteria; o__Frankiales; f__Geodermatophilaceae; g__Blastococcus	0.9999506363959073
b8825b7d59ef2877fd4a64e871bf65a5	d__Eukaryota; p__Basidiomycota; c__Agaricomycetes; o__Agaricales; f__Bolbitiaceae; g__Conocybe; s__uncultured_Psathyrella	0.8264156323713049
43e723f4942e5be8ff97533d99904e85	d__Bacteria; p__Firmicutes; c__Bacilli; o__Staphylococcales; f__Staphylococcaceae; g__Staphylococcus	0.9999852986559314
2f98ea025593a224e2900ee324c2c97f	d__Bacteria; p__Proteobacteria; c__Alphaproteobacteria; o__Acetobacterales; f__Acetobacteraceae; g__Belnapia; s__Belnapia_sp.	0.816304037630131
23958ed8e085b4115dbe690702503512	d__Bacteria; p__Firmicutes; c__Clostridia; o__Peptostreptococcales-Tissierellales; f__Peptostreptococcales-Tissierellales; g__Finegoldia	0.9999999999269961
84117eceb9671faf1276670959d95440	d__Bacteria; p__Firmicutes; c__Bacilli; o__Staphylococcales; f__Gemellaceae; g__Gemella	0.9999993538835971
a6c9b731b1ef41cf26bc0bc85c2c9aad	d__Bacteria; p__Firmicutes; c__Bacilli; o__Lactobacillales; f__Lactobacillaceae; g__Lactobacillus	0.9999962006616248
3999169d053ca8ef7e50371a2775f782	d__Bacteria; p__Firmicutes; c__Bacilli; o__Lactobacillales; f__Lactobacillaceae; g__Lactobacillus; s__Lactobacillus_apis	0.9977989169964178
e57b3e463f324064ab752c2df27856a3	d__Bacteria; p__Actinobacteriota; c__Thermoleophilia; o__Solirubrobacterales; f__Solirubrobacteraceae; g__Solirubrobacter	0.9999450173441777
713bd571051813b1cbe8da8a41e178db	d__Bacteria; p__Actinobacteriota; c__Actinobacteria; o__Propionibacteriales; f__Propionibacteriaceae; g__Cutibacterium	0.999771872256189
b24871ad4d6a2fe8631bd9cfd8799b70	d__Bacteria; p__Actinobacteriota; c__Thermoleophilia; o__Gaiellales; f__uncultured; g__uncultured	0.9993381697314841
9cb3ad94d6cfe714c99d82823991e1e5	d__Bacteria; p__Actinobacteriota; c__Actinobacteria; o__Propionibacteriales; f__Propionibacteriaceae; g__Cutibacterium	0.9997775456301566
fa8d4306f23bf01ea49772b4512afa8f	d__Bacteria; p__Proteobacteria; c__Gammaproteobacteria; o__Burkholderiales; f__Burkholderiaceae; g__Pandoraea	0.9996350377908547
e2067a8057243f70e64402f4ae54e7f1	d__Eukaryota; p__Phragmoplastophyta; c__Embryophyta; o__Magnoliophyta; f__Magnoliophyta; g__Magnoliophyta; s__Allium_cepa	0.9093861891095809
5db921ca512ff249a7d7a1e2db0d4fa8	d__Eukaryota	0.9996830660240256
25ebd03cf3e2890d4be2abca595d28c5	Unassigned	0.3835021286838052
ca1155d876627123365ea7b7ef692df8	d__Eukaryota; p__Basidiomycota; c__Agaricomycetes; o__Russulales; f__uncultured; g__uncultured; s__uncultured_fungus	0.9958371663851412
4cd91c521c10d32205833fcf15571875	d__Bacteria; p__Actinobacteriota; c__Actinobacteria; o__Streptosporangiales; f__Nocardiopsaceae; g__Nocardiopsis; s__Nocardiopsis_sp.	0.710124246678749
bd099f0c86b5d50cbc1f52820cd669ee	d__Eukaryota	0.7072396711842222
bca053a174f4083a99f7385c9f228de6	d__Bacteria; p__Proteobacteria; c__Gammaproteobacteria; o__Burkholderiales; f__Oxalobacteraceae; g__Massilia	0.9989787817929724
8568aba2fd3d772632cd20c4172c01e5	d__Bacteria; p__Bacteroidota; c__Bacteroidia; o__Sphingobacteriales; f__Sphingobacteriaceae; g__Sphingobacterium	0.9999999947145942
a05024ad10ed41a33a182b4e98aa7bbf	d__Bacteria; p__Proteobacteria; c__Alphaproteobacteria; o__Rhodobacterales; f__Rhodobacteraceae; g__Paracoccus	0.9658471759212811
fdacf59061e340b613d993742a555e2d	d__Eukaryota; p__Ascomycota; c__Eurotiomycetes; o__Eurotiales; f__Aspergillaceae; g__Aspergillus; s__Aspergillus_penicillioides	0.9379410787693186
28f649d1c0204187f7b09b784a58c872	d__Bacteria; p__Proteobacteria; c__Alphaproteobacteria; o__Sphingomonadales; f__Sphingomonadaceae; g__Sphingobium	0.999347750778001
5e2b3fdd23d6182a74fbdae20be8db6d	d__Bacteria; p__Proteobacteria; c__Alphaproteobacteria; o__Azospirillales; f__Azospirillaceae; g__Skermanella	0.9996236782187516
a372517ba8463daf326795f5fd21268e	d__Bacteria; p__Firmicutes; c__Bacilli; o__Lactobacillales; f__Carnobacteriaceae	0.9911055188359751
d078e63f54c93acfb8bba3358e5f68dd	d__Archaea; p__Crenarchaeota; c__Nitrososphaeria; o__Nitrososphaerales; f__Nitrososphaeraceae	0.9999992914087757
8e34910248b6a73e456a5f8beb8d0f26	d__Bacteria; p__Firmicutes; c__Bacilli; o__Lactobacillales; f__Streptococcaceae; g__Streptococcus	0.9993868048181007
dfbf9c3dba5e9f0a7be183cb48607403	d__Bacteria; p__Firmicutes; c__Bacilli; o__Staphylococcales; f__Staphylococcaceae; g__Staphylococcus	0.9998624730848947
7c5acfb997ece071d82a94093eaa0806	d__Bacteria; p__Firmicutes; c__Bacilli; o__Lactobacillales; f__Lactobacillaceae; g__Lactobacillus	0.9999997978731388
254a83486c7af7db775da3027b75ea04	d__Bacteria; p__Actinobacteriota; c__Actinobacteria; o__Corynebacteriales; f__Corynebacteriaceae; g__Corynebacterium; s__Corynebacterium_matruchotii	0.9714902114556515
36a9fb229d97039ef4d4f3bfb2a1e01a	d__Bacteria; p__Actinobacteriota; c__Actinobacteria; o__Propionibacteriales; f__Propionibacteriaceae; g__Cutibacterium	0.9997994827542758
8c2c95630889260725ad03ed75c2b835	d__Bacteria; p__Actinobacteriota; c__Actinobacteria; o__Micrococcales; f__Microbacteriaceae; g__Curtobacterium	0.7916217986656127
b0b2a2520d7308c272459a44bb3405fe	d__Bacteria; p__Actinobacteriota; c__Actinobacteria; o__Frankiales; f__Geodermatophilaceae; g__Geodermatophilus	0.985996196043561
081bf90280a846e1d55b40faf01b4a6a	d__Bacteria; p__Firmicutes; c__Clostridia; o__Oscillospirales; f__Oscillospiraceae; g__UCG-002	0.9999814494773782
6c86dd0b36e574e53485daf2fca8187c	d__Bacteria; p__Firmicutes; c__Clostridia; o__Oscillospirales; f__[Eubacterium]_coprostanoligenes_group; g__[Eubacterium]_coprostanoligenes_group	0.9999999993946043
bc2e9a07cb2c3614e500fb14ed5359d9	d__Eukaryota; p__Phragmoplastophyta; c__Embryophyta; o__Magnoliophyta; f__Magnoliophyta; g__Magnoliophyta	0.9999998267981661
597b04871572561be5d40484af2cfce7	d__Eukaryota; p__Phragmoplastophyta; c__Embryophyta; o__Magnoliophyta; f__Magnoliophyta; g__Magnoliophyta; s__Setaria_italica	0.84475673758993
e11c0910915dcad7060d06a302d7188e	d__Bacteria; p__Cyanobacteria; c__Cyanobacteriia; o__Chloroplast; f__Chloroplast; g__Chloroplast; s__Castanea_mollissima	0.9999997464258892
76fa6324d9d9df87029973b642fd1b18	d__Bacteria; p__Actinobacteriota; c__Actinobacteria; o__Propionibacteriales; f__Nocardioidaceae; g__Nocardioides	0.9989196267369362
f0e61260af3ae3a5c6034ea13add83f7	d__Bacteria; p__Firmicutes; c__Negativicutes; o__Veillonellales-Selenomonadales; f__Veillonellaceae; g__Megasphaera	0.999996901451804
f2bbb639eb14d51247a9b2d79fcd9597	d__Bacteria; p__Proteobacteria; c__Gammaproteobacteria; o__Burkholderiales; f__Neisseriaceae; g__Neisseria	0.999937818650823
9b392785c682125097d28f5f9be34ad9	d__Bacteria; p__Proteobacteria; c__Gammaproteobacteria; o__Pseudomonadales; f__Moraxellaceae; g__Acinetobacter	0.9959336648478391
4c7372cfdca983870dbcd9e36dccb239	d__Bacteria; p__Firmicutes; c__Bacilli; o__Lactobacillales; f__Streptococcaceae; g__Lactococcus	0.9999993228050383
bfb5db4ace4aea20eefb6534efcbdace	d__Bacteria; p__Firmicutes; c__Bacilli; o__Bacillales; f__Planococcaceae	0.8775697330049314
48eec442f4061ab1f6e19b1ccb68c89a	d__Bacteria; p__Bacteroidota; c__Bacteroidia; o__Chitinophagales; f__Chitinophagaceae; g__Flavitalea	0.996840974638956
459124772a9f964b3090479b1bdb5592	d__Bacteria; p__Bacteroidota; c__Bacteroidia; o__Flavobacteriales; f__Flavobacteriaceae; g__Marixanthomonas; s__Marinirhabdus_gelatinilytica	0.9974830652649708
97384499a2b4535448634763e5cb2c50	d__Bacteria; p__Firmicutes; c__Bacilli; o__Bacillales; f__Bacillaceae; g__Ureibacillus	0.9930780973071038
5c667e4969a136b7d2931b20d42c4a57	d__Bacteria; p__Firmicutes; c__Bacilli; o__Bacillales; f__Planococcaceae	0.9715928161845064
eeb49d297d0c24d56da6a8d433df3d6e	d__Bacteria; p__Actinobacteriota; c__Actinobacteria; o__Corynebacteriales; f__Corynebacteriaceae; g__Corynebacterium; s__Corynebacterium_genitalium	0.736153948188547
6d0d44f2f4985e6b06d59546185158c3	d__Bacteria; p__Firmicutes; c__Bacilli; o__Alicyclobacillales; f__Alicyclobacillaceae; g__Tumebacillus	0.9999999126201062
f9d5cf1628b248f5604baf1744dcb827	d__Bacteria; p__Actinobacteriota; c__Actinobacteria; o__Actinomycetales; f__Actinomycetaceae; g__Actinomyces; s__Actinomyces_radicidentis	0.7877001078940565
c100592b6f457e4c1f3f7d508a9afff2	d__Eukaryota; p__Basidiomycota	0.71993494143515
6dfd2acc54d34e3a084bf9d42c8ad580	d__Bacteria; p__Firmicutes; c__Bacilli; o__Lactobacillales; f__Aerococcaceae; g__Facklamia; s__Facklamia_tabacinasalis	0.814429163956629
3e826ebfaf07ab7bd094aa3cddbc7d3a	d__Bacteria; p__Proteobacteria; c__Gammaproteobacteria; o__Pseudomonadales; f__Pseudomonadaceae; g__Pseudomonas; s__Pseudomonas_xanthomarina	0.945692343170988
019005f94a689b97ebc8347c84310d1e	d__Bacteria; p__Proteobacteria; c__Alphaproteobacteria; o__Sphingomonadales; f__Sphingomonadaceae; g__Sphingobium	0.9993808920311069
a7155cc8f0cb682466caf15b0e784616	d__Bacteria; p__Fusobacteriota; c__Fusobacteriia; o__Fusobacteriales; f__Leptotrichiaceae; g__Leptotrichia	0.999999999990764
e8b1f59cd3513aa286cf6f1b3e99c9e2	d__Eukaryota; p__Basidiomycota; c__Malasseziomycetes; o__Malasseziales; f__Malasseziaceae; g__Malassezia; s__Malassezia_globosa	0.7976814041324327
25b4c4300c55c74a73a65e17dcd400e0	d__Bacteria; p__Actinobacteriota; c__Actinobacteria; o__Propionibacteriales; f__Propionibacteriaceae; g__Cutibacterium	0.9995342366124331
4aa1abe824af37b572a78422d067103b	d__Bacteria; p__Spirochaetota; c__Spirochaetia; o__Spirochaetales; f__Spirochaetaceae; g__Treponema; s__Treponema_socranskii	0.9974517695896449
fccfbc0ff336d33d1664e93d97e1b767	d__Bacteria; p__Firmicutes; c__Bacilli; o__Lactobacillales; f__Streptococcaceae; g__Streptococcus	0.9999813488635773
aed6430e3df678ad4f3dab2daf4dd4f6	d__Bacteria; p__Cyanobacteria; c__Cyanobacteriia; o__Chloroplast; f__Chloroplast; g__Chloroplast	0.9999999999960186
838ccc2ec45e56abcd11c1d829641bc0	d__Bacteria; p__Cyanobacteria; c__Cyanobacteriia; o__Cyanobacteriales	0.9841285446486971
fa841ead4ad3fc8758a49a2d52f0f292	d__Bacteria; p__Firmicutes; c__Bacilli; o__Paenibacillales; f__Paenibacillaceae; g__Paenibacillus; s__Paenibacillus_stellifer	0.9998515832150038
cbbce7b071a8fd3de26e5a3d4208ccaa	d__Bacteria; p__Actinobacteriota; c__Actinobacteria; o__Corynebacteriales; f__Corynebacteriaceae; g__Corynebacterium; s__Corynebacterium_glucuronolyticum	0.9485432211955181
36d9768231ea9eda784b31050f6dcbb5	d__Bacteria; p__Cyanobacteria; c__Cyanobacteriia; o__Chloroplast; f__Chloroplast; g__Chloroplast	0.9999999999990764
c20fbb5112f61e8cb9640f235c451207	d__Bacteria; p__Firmicutes; c__Bacilli; o__Lactobacillales; f__Carnobacteriaceae; g__Atopostipes; s__uncultured_bacterium	0.7667461992211324
83aa49e2094eaf038e176c1827d629cf	d__Bacteria; p__Actinobacteriota; c__Actinobacteria; o__Corynebacteriales; f__Corynebacteriaceae; g__Corynebacterium	0.9999998353926712
743315c8ff200cc52522c9f1f6faccd9	d__Bacteria; p__Proteobacteria; c__Gammaproteobacteria; o__Burkholderiales; f__Neisseriaceae	0.9999999523062922
b667f4953e46a12566d3b32545690171	d__Eukaryota; p__Basidiomycota; c__Tremellomycetes; o__Tremellales; f__Bulleribasidiaceae; g__Vishniacozyma; s__Vishniacozyma_peneaus	0.7412328683072735
692c3d6ad66ab59bbe3ec3e67d7cd4f4	d__Bacteria; p__Proteobacteria; c__Alphaproteobacteria; o__Sphingomonadales; f__Sphingomonadaceae; g__Sphingobium	0.9993736823533659
c66119f53e48e06e465a341c3e0e0642	d__Bacteria; p__Actinobacteriota; c__Actinobacteria	0.9999904449945849
63a01847c5555ba5c2c15249c6658246	d__Eukaryota; p__Basidiomycota; c__Tremellomycetes; o__Tremellomycetes; f__Tremellomycetes; g__Tremellomycetes; s__uncultured_Holtermanniella	0.8581685707379142
fb2617ea73ee26057ffaecd034ce8fc1	d__Bacteria; p__Acidobacteriota; c__Acidobacteriae; o__Bryobacterales; f__Bryobacteraceae; g__Bryobacter	0.9979825312859001
1e9b9a0953e23a60af8a1108cfa23cc0	d__Bacteria; p__Proteobacteria; c__Alphaproteobacteria; o__Rickettsiales; f__Mitochondria; g__Mitochondria	1.0000000000000024
4267b53c52783760915fd23d28210a30	d__Bacteria; p__Firmicutes; c__Bacilli; o__Staphylococcales; f__Staphylococcaceae; g__Jeotgalicoccus	0.9978156495362634
ae55aa0bc80ccf6dc496303b39066cfa	d__Bacteria; p__Actinobacteriota; c__Actinobacteria; o__Micrococcales; f__Micrococcaceae	0.9998107459329231
c243dbc935328299ed4fa57c7e26721e	d__Bacteria; p__Firmicutes; c__Clostridia; o__Oscillospirales; f__Ruminococcaceae; g__Faecalibacterium	0.9991398602634768
49343a47738d042249181be8aa49fa3e	d__Bacteria; p__Proteobacteria; c__Gammaproteobacteria; o__Burkholderiales; f__Rhodocyclaceae	0.9997733632126506
c466377e6888946d85a5b5a564cab355	d__Bacteria; p__Actinobacteriota; c__Thermoleophilia; o__Solirubrobacterales; f__Solirubrobacteraceae; g__Solirubrobacter	0.9998671028957951
f0fe10c9cbde2f449fae2ef726d1a888	d__Bacteria; p__Proteobacteria; c__Alphaproteobacteria; o__Sphingomonadales; f__Sphingomonadaceae; g__Sphingomonas	0.9883294262804748
7905c98c235d965c3eab0af1be324bde	d__Bacteria; p__Proteobacteria; c__Alphaproteobacteria; o__Rhizobiales; f__Rhizobiaceae; g__Phyllobacterium	0.9862974987581722
8247fb13769014c4e17f9e8b437a7256	d__Bacteria; p__Proteobacteria; c__Gammaproteobacteria; o__Burkholderiales; f__Neisseriaceae; g__Neisseria	0.9999338908344331
6a61a52b9a41a35fa77eeb229a7d60d9	d__Bacteria; p__Proteobacteria; c__Gammaproteobacteria; o__Enterobacterales; f__Enterobacteriaceae	0.9090777266830016
64d7ad39035fd7476e6a78266a59f06a	d__Bacteria; p__Proteobacteria; c__Gammaproteobacteria; o__Burkholderiales; f__Burkholderiaceae; g__Ralstonia	0.9902176883427369
eff7d912e9546916437091f38356134e	d__Bacteria; p__Proteobacteria; c__Gammaproteobacteria; o__Burkholderiales; f__Neisseriaceae; g__Neisseria	0.9378957708803326
5efe1d830d9910b8ab6de548482d0d29	d__Bacteria; p__Actinobacteriota; c__Acidimicrobiia; o__Actinomarinales; f__uncultured; g__uncultured; s__uncultured_Actinomycetales	0.9282902563823255
67a7f30967dabad4ac06c6f16785d446	d__Bacteria; p__Firmicutes; c__Clostridia; o__Peptostreptococcales-Tissierellales; f__Peptostreptococcales-Tissierellales; g__Peptoniphilus	0.9999999999990661
0d28f58d43448fa04cc9436c712140e2	d__Bacteria; p__Firmicutes; c__Bacilli; o__Lactobacillales; f__Streptococcaceae; g__Streptococcus	0.9995349010508263
95505c8ef086bbb56371574153b89b39	d__Bacteria; p__Actinobacteriota; c__Actinobacteria; o__Frankiales; f__Geodermatophilaceae	0.9998740364421271
e3829d2940417e03d46a5113d782d7e3	d__Bacteria; p__Firmicutes; c__Bacilli; o__Staphylococcales; f__Staphylococcaceae; g__Staphylococcus	0.9999086980827154
59d9d4a0aab3db9893afce7fad99c0e9	d__Bacteria; p__Actinobacteriota; c__Actinobacteria; o__Pseudonocardiales; f__Pseudonocardiaceae; g__Actinomycetospora	0.9990997129621149
613fac2d37093f7ccfd16809fc8ba0be	d__Bacteria; p__Bacteroidota; c__Bacteroidia; o__Cytophagales; f__Cytophagaceae; g__Siphonobacter; s__Siphonobacter_sp.	0.9999615909930972
3da015064532274dbf2eb4e3002f2b8c	d__Bacteria; p__Actinobacteriota; c__Coriobacteriia; o__Coriobacteriales; f__uncultured; g__uncultured; s__uncultured_bacterium	0.9999998163854711
2572cce48830427030edda5a3825235d	d__Bacteria; p__Proteobacteria; c__Alphaproteobacteria; o__Sphingomonadales; f__Sphingomonadaceae; g__Sandaracinobacter	0.9885120589330556
812a1badc84f8e77267e17d707ec8fd3	d__Bacteria; p__Cyanobacteria; c__Cyanobacteriia	0.9964160826847148
05cbe89a05da2ce7f5fb33cd196ec54c	d__Bacteria; p__Actinobacteriota; c__Actinobacteria; o__Propionibacteriales; f__Propionibacteriaceae; g__Cutibacterium	0.9995493036098053
d87095c7cab8bff52523d34eda14f305	d__Bacteria; p__Firmicutes; c__Bacilli; o__Lactobacillales; f__Streptococcaceae; g__Streptococcus	0.9995169653694714
277b746bb85509ed852c2d3c975e5f3c	d__Bacteria; p__Actinobacteriota; c__Actinobacteria; o__Micrococcales; f__Microbacteriaceae; g__Microbacterium	0.9194593043377837
8b519aaa04a278f09bf6da7d1b2eb7cb	d__Bacteria; p__Proteobacteria; c__Gammaproteobacteria; o__Burkholderiales; f__Burkholderiaceae; g__Ralstonia	0.992173953640686
704e8cab5c7fb9bc90ea815ea314d74a	d__Bacteria; p__Firmicutes; c__Clostridia; o__Lachnospirales; f__Lachnospiraceae; g__Stomatobaculum; s__uncultured_bacterium	0.8221961822718188
f88857291ce0bf372631c3384233a7ec	d__Bacteria; p__Fusobacteriota; c__Fusobacteriia; o__Fusobacteriales; f__Fusobacteriaceae; g__Fusobacterium	0.9999999999685393
98f4549bee638a83f08f32175778e151	d__Bacteria; p__Proteobacteria; c__Gammaproteobacteria; o__Burkholderiales; f__Comamonadaceae; g__Aquabacterium	0.9338156988262589
be294cdc4e1d6bbe8b520be40447aac2	d__Bacteria; p__Firmicutes; c__Clostridia; o__Peptostreptococcales-Tissierellales; f__Anaerovoracaceae; g__Mogibacterium; s__uncultured_Eubacteriaceae	0.8401184236678371
8ec71670ccbbfb75c9829997279a51a1	d__Bacteria; p__Actinobacteriota; c__Acidimicrobiia; o__Microtrichales; f__Iamiaceae; g__Iamia	0.9999954797796434
a66782bd5b1c9a26bcad42c61e9b02ac	d__Bacteria; p__Proteobacteria; c__Alphaproteobacteria; o__Sphingomonadales; f__Sphingomonadaceae; g__Sphingobium	0.9995795065908502
f614aadef18845ed76d1fd56bc29dc8a	d__Eukaryota; p__Phragmoplastophyta; c__Embryophyta; o__Pinophyta; f__Pinophyta; g__Pinophyta	0.9999999123904522
5e415bf212723a5974a25574215855aa	d__Bacteria; p__Proteobacteria; c__Alphaproteobacteria; o__Sphingomonadales; f__Sphingomonadaceae; g__Sphingomonas	0.9915963385174018
da4d1b02afb6ccfc636f5663ccd02b48	d__Bacteria; p__Proteobacteria; c__Gammaproteobacteria; o__Burkholderiales; f__Alcaligenaceae; g__Verticiella	0.9862266628425677
ed749e402a0676b5140727be29257775	d__Bacteria; p__Proteobacteria; c__Gammaproteobacteria; o__Pseudomonadales; f__Moraxellaceae; g__Psychrobacter; s__Psychrobacter_alimentarius	0.7616013659180064
3e3c7a146f9b911ba8da4e959e044963	d__Bacteria; p__Firmicutes; c__Clostridia; o__Peptostreptococcales-Tissierellales; f__Peptostreptococcales-Tissierellales; g__Finegoldia	0.9999999999402391
7d017220ac70cd78a530f093b6fcb16f	d__Bacteria; p__Proteobacteria; c__Gammaproteobacteria; o__Pseudomonadales; f__Pseudomonadaceae; g__Pseudomonas	0.8986532491932278
bfd9630db84d1b6a83e7bb4a2db1ae16	d__Bacteria; p__Proteobacteria; c__Alphaproteobacteria; o__Sphingomonadales; f__Sphingomonadaceae; g__Sphingomonas	0.8894754920067439
d5f69a5cd0c023fe5b5915c59f4a8f48	d__Bacteria; p__Firmicutes; c__Clostridia; o__Clostridiales; f__Clostridiaceae	0.9999999997632081
8de062044b274b605ee6fa5c5f19db6e	d__Bacteria; p__Actinobacteriota; c__Actinobacteria; o__Corynebacteriales; f__Mycobacteriaceae; g__Mycobacterium	0.9999999710817409
a1985dc8e433de84b865e1b7729d8a0a	d__Bacteria; p__Firmicutes; c__Bacilli; o__Lactobacillales; f__Streptococcaceae; g__Streptococcus	0.9999996622529658
04c53e13f2b06c0c2e7e36ebf716c560	d__Eukaryota; p__Basidiomycota; c__Malasseziomycetes; o__Malasseziales; f__Malasseziaceae; g__Malassezia; s__uncultured_Basidiomycota	0.8453461920162184
aa238d837e8b0cef346680dcd016dabe	d__Bacteria; p__Firmicutes; c__Bacilli; o__Lactobacillales; f__Streptococcaceae; g__Streptococcus	0.9998462653538241
5c1e6e3f5624c386d566729d23b3d289	d__Bacteria; p__Actinobacteriota; c__Actinobacteria; o__Micrococcales; f__Micrococcaceae; g__Kocuria	0.8240584931721232
2838c1305164372011425fa62926fdfb	d__Bacteria; p__Bacteroidota; c__Bacteroidia; o__Bacteroidales; f__Bacteroidaceae; g__Bacteroides; s__Bacteroides_vulgatus	0.9036989175369978
6d3cb7dd276f6e7d6abd043134ebb386	d__Bacteria; p__Firmicutes; c__Bacilli; o__Lactobacillales; f__Lactobacillaceae; g__Lactobacillus; s__Lactobacillus_mellis	0.9729228738084897
c86cca6ca17ff41813615f0f51cde316	d__Bacteria; p__Acidobacteriota; c__Vicinamibacteria; o__Subgroup_9; f__Subgroup_9; g__Subgroup_9; s__uncultured_bacterium	0.9940205578600692
3bf1bb41ddeefb1e4219e327b4918500	d__Bacteria; p__Firmicutes; c__Bacilli; o__Lactobacillales; f__Aerococcaceae; g__Facklamia; s__Facklamia_languida	0.8811851169662392
bca247a208ec5fed4eee642cdaf614eb	d__Bacteria; p__Actinobacteriota; c__Actinobacteria; o__Propionibacteriales; f__Propionibacteriaceae; g__Cutibacterium; s__Cutibacterium_granulosum	0.9937122697953903
eee61d2d4f0ca7af87ea47c68e5fcd04	d__Bacteria; p__Proteobacteria; c__Alphaproteobacteria; o__Rickettsiales; f__Mitochondria; g__Mitochondria; s__Triticum_aestivum	0.974349474561545
7de44dfb2deb8e0ede7c607458b2db63	d__Bacteria; p__Proteobacteria; c__Alphaproteobacteria; o__Reyranellales; f__Reyranellaceae; g__Reyranella	0.9999999998487984
7bf97008c3cdcba3b74e5251bb0a4ce7	d__Bacteria; p__Proteobacteria; c__Alphaproteobacteria; o__Rhizobiales; f__Rhizobiaceae	0.9999248201650757
a64ae73a3b707aa8b91f5d10c3f2b3d3	d__Bacteria; p__Firmicutes; c__Clostridia; o__Oscillospirales; f__Ruminococcaceae; g__Incertae_Sedis	0.9999987260200497
5bb39a7ec7bccd394b9ff370bf0c8f63	d__Bacteria; p__Actinobacteriota; c__Actinobacteria; o__Micrococcales; f__Micrococcaceae; g__Micrococcus	0.9931595155394198
cde514a51eb104391f0a8f16a1f998f7	d__Bacteria; p__Proteobacteria; c__Gammaproteobacteria; o__Burkholderiales; f__Alcaligenaceae	0.9999999990627902
d714207dff31b5f946c669444fdc5fbb	d__Bacteria; p__Firmicutes; c__Clostridia; o__Peptostreptococcales-Tissierellales; f__Peptostreptococcales-Tissierellales; g__Helcococcus; s__Helcococcus_sp.	0.9977366059347709
e5ab00fd2f555971e0cf5057630192db	d__Bacteria; p__Bacteroidota; c__Bacteroidia; o__Cytophagales; f__Hymenobacteraceae; g__Hymenobacter	0.999999999564028
b61e44611c1d3f075d63d721482b60b3	d__Bacteria; p__Bacteroidota; c__Bacteroidia; o__Bacteroidales; f__Prevotellaceae; g__Prevotella; s__Prevotella_maculosa	0.9795765045447278
08a906fa723e9021b6c6f90b6be4aa64	d__Bacteria; p__Actinobacteriota; c__Thermoleophilia; o__Solirubrobacterales; f__67-14; g__67-14	0.9346213392546806
8f92a0ad219d858439c9f01d63255d2e	d__Eukaryota; p__Ascomycota; c__Sordariomycetes; o__Hypocreales; f__Incertae_Sedis; g__Sarocladium	0.9812467556040442
b75cad3148b1ee96d49235abefac23d8	d__Bacteria; p__Firmicutes; c__Bacilli; o__Bacillales; f__Bacillaceae	0.9810723555314161
32f08a82e015d1c1acb99c4ef6af1972	d__Eukaryota; p__Phragmoplastophyta; c__Embryophyta; o__Magnoliophyta; f__Magnoliophyta; g__Magnoliophyta	0.9999991286563645
927ffd32b62bb85c140def2ea76505f7	d__Bacteria; p__Proteobacteria; c__Alphaproteobacteria; o__Rhizobiales; f__Devosiaceae; g__Devosia	0.997411652791793
d712e559957cc694a4985874fc931a05	d__Bacteria; p__Actinobacteriota; c__Actinobacteria; o__Actinomycetales; f__Actinomycetaceae; g__Arcanobacterium; s__Arcanobacterium_sp.	0.9948463269609189
6e3f4e2f0f9f3c32947b1fcf7c908ab0	d__Bacteria; p__Actinobacteriota; c__Actinobacteria; o__Micrococcales; f__Microbacteriaceae; g__Curtobacterium	0.7804636105716329
768c4c0eac981bb9be75020f56bf3278	d__Bacteria; p__Proteobacteria; c__Gammaproteobacteria; o__Xanthomonadales; f__Xanthomonadaceae; g__Stenotrophomonas	0.9999791263897551
b36d2af8ea9081051e866adb4e312ed1	d__Bacteria; p__Proteobacteria; c__Alphaproteobacteria; o__Sphingomonadales; f__Sphingomonadaceae; g__uncultured; s__Sphingosinicella_sp.	0.7399481183179969
53634f7fa190f3a27e863a7ac0a173f6	d__Bacteria; p__Proteobacteria; c__Alphaproteobacteria; o__Rhizobiales; f__Rhizobiaceae; g__Allorhizobium-Neorhizobium-Pararhizobium-Rhizobium	0.9408826841632052
9647b52fe930c03e5b3beee1eb11c056	d__Bacteria; p__Actinobacteriota; c__Actinobacteria; o__Micrococcales; f__Micrococcaceae; g__Micrococcus	0.9924925575358272
a095316561fc74ee72a6dc038d7bdd30	d__Bacteria; p__Actinobacteriota; c__Actinobacteria; o__Corynebacteriales; f__Corynebacteriaceae; g__Corynebacterium	0.9947656785634816
7a616aeb48f999d28e3b17c00136e3d8	d__Bacteria; p__Firmicutes; c__Bacilli; o__Bacillales; f__Bacillaceae; g__Geobacillus	0.9986141946076843
8773e56555f8538b9d483c0c9bb2efac	d__Eukaryota; p__Chlorophyta; c__Trebouxiophyceae; o__Trebouxiophyceae; f__Trebouxiophyceae; g__Trebouxiophyceae	0.9999999991725773
ac0e169acd790f7de6d764ba187f541f	d__Bacteria; p__Bacteroidota; c__Bacteroidia; o__Cytophagales; f__Hymenobacteraceae; g__Hymenobacter	0.9999999996630763
cf04be70f55298e265ba45ec7fa44d7e	d__Bacteria; p__Proteobacteria; c__Gammaproteobacteria; o__Pasteurellales; f__Pasteurellaceae; g__Haemophilus	0.9701538230008097
a6cccc5063523e918252defaac013f82	d__Bacteria; p__Patescibacteria; c__Gracilibacteria; o__Absconditabacteriales_(SR1); f__Absconditabacteriales_(SR1); g__Absconditabacteriales_(SR1); s__SR1_bacterium	0.9989608019634861
a04decaad7e2ceab68b8f15c5c5a565c	d__Bacteria; p__Proteobacteria; c__Alphaproteobacteria; o__Rhizobiales; f__Rhizobiaceae; g__Allorhizobium-Neorhizobium-Pararhizobium-Rhizobium; s__Allorhizobium_vitis	0.7688716722597808
aa3818e26c98a193ab8b7c2fdd60f767	d__Eukaryota; p__Basidiomycota; c__Tremellomycetes; o__Tremellales; f__Bulleribasidiaceae; g__Vishniacozyma; s__Cryptococcus_sp.	0.9561107617133847
c5c3fd381512acbf3bb11b60482cfa05	d__Bacteria; p__Actinobacteriota; c__Actinobacteria; o__Propionibacteriales; f__Nocardioidaceae; g__Nocardioides; s__Nocardioides_plantarum	0.9101310391024627
987f5a7a1ed309807c794d9c29081250	d__Bacteria; p__Bacteroidota; c__Bacteroidia; o__Cytophagales; f__Hymenobacteraceae; g__Adhaeribacter; s__Adhaeribacter_sp.	0.9679713171398351
7547756c874291058022a88e345714ca	d__Bacteria; p__Planctomycetota; c__Planctomycetes; o__Pirellulales; f__Pirellulaceae; g__Pir4_lineage; s__uncultured_soil	0.7661088216740451
fdb74839f9893c1545a44e1e1336da41	d__Bacteria; p__Bacteroidota; c__Bacteroidia; o__Bacteroidales; f__Bacteroidaceae; g__Bacteroides; s__Bacteroides_uniformis	0.9482442751888184
024a843a7bdb86e5ff959b2ab2c9270a	d__Eukaryota; p__Ascomycota; c__Saccharomycetes; o__Saccharomycetales; f__Debaryomycetaceae; g__Candida-Lodderomyces_clade; s__Candida_parapsilosis	0.7531792636702779
d16dec3bc15f896e35d2a2e4f8076216	d__Bacteria; p__Proteobacteria; c__Alphaproteobacteria; o__Rhizobiales; f__Xanthobacteraceae; g__Xanthobacter	0.997733444058529
7873a34e196eea726b05abad029d794f	d__Bacteria; p__Actinobacteriota; c__Thermoleophilia; o__Solirubrobacterales; f__Solirubrobacteraceae; g__Patulibacter; s__uncultured_bacterium	0.9962054869546063
ffb24d771258a33285d22c0d363b8ca4	d__Bacteria; p__Actinobacteriota; c__Actinobacteria; o__Propionibacteriales; f__Nocardioidaceae; g__Nocardioides	0.9366958390219232
27626cb210b9bc739fc645d632c26ab7	d__Bacteria; p__Firmicutes; c__Clostridia; o__Peptostreptococcales-Tissierellales; f__Peptostreptococcales-Tissierellales; g__Anaerococcus	0.9999999999474655
f6dd1b7c48bcb70bd337cdfc549abf39	d__Bacteria; p__Firmicutes; c__Clostridia; o__Clostridia; f__Hungateiclostridiaceae; g__Fastidiosipila; s__Clostridiales_bacterium	0.9997677809935441
3f7870ce230413e7710b412bb6b7e2a0	d__Eukaryota; p__Ascomycota; c__Dothideomycetes; o__Capnodiales; f__Teratosphaeriaceae	0.8074811369402175
69795c3e1bc0b0960fe57455ed1375d5	d__Bacteria; p__Proteobacteria; c__Gammaproteobacteria; o__Pseudomonadales; f__Moraxellaceae; g__uncultured; s__metagenome	0.9543923915641668
d1b109ce95c8f8e3115d5e8cf6c50d65	d__Bacteria; p__Proteobacteria; c__Gammaproteobacteria; o__Burkholderiales; f__Comamonadaceae; g__Comamonas; s__Comamonas_koreensis	0.7976920989314247
f7b7298c974175b76f83eae92bfb80ed	d__Bacteria; p__Actinobacteriota; c__Thermoleophilia; o__Gaiellales; f__Gaiellaceae; g__Gaiella	0.9825528463089456
39396f306efce5c91d7b0fa3029eeddd	d__Bacteria; p__Firmicutes; c__Bacilli; o__Paenibacillales; f__Paenibacillaceae; g__Paenibacillus; s__Paenibacillus_zeae	0.7064039566762325
0a2b117bdbc324ad7cd4c1a55340412e	d__Bacteria; p__Firmicutes; c__Bacilli; o__Bacillales; f__Bacillaceae; g__Bacillus	0.9910489544100642
4beceae83880108b60e8aad77ae22943	d__Bacteria; p__Bacteroidota; c__Bacteroidia; o__Bacteroidales; f__Prevotellaceae; g__Prevotella; s__Prevotella_fusca	0.994423195118885
b6e48c804cf458027d83290e9b0fb92c	d__Bacteria; p__Bacteroidota; c__Bacteroidia; o__Cytophagales; f__Spirosomaceae; g__Spirosoma	0.9999999977969193
cf8e1dc7c6f928aedce66c34c586637b	d__Bacteria; p__Proteobacteria; c__Gammaproteobacteria; o__Burkholderiales; f__Burkholderiaceae; g__Lautropia	0.9999840249017166
ce7b56a97a6da20f95c59f5e4c817a0a	d__Bacteria; p__Proteobacteria; c__Gammaproteobacteria; o__Pseudomonadales; f__Moraxellaceae; g__Acinetobacter	0.9999408299588323
6b7457298cd5546d70fcab6342b61cce	d__Bacteria; p__Proteobacteria; c__Alphaproteobacteria; o__Rickettsiales; f__Mitochondria; g__Mitochondria; s__Solanum_melongena	0.9423241946674642
d85f15fb6ee6a568d5b0daedc6502341	d__Bacteria; p__Proteobacteria; c__Alphaproteobacteria; o__Sphingomonadales; f__Sphingomonadaceae; g__Sphingomonas	0.9977729342389243
322112be9f386e9421d263b27af0ce72	d__Bacteria; p__Bacteroidota; c__Rhodothermia; o__Balneolales; f__Balneolaceae; g__Balneola	0.999972260244482
c745966d428f7af17057b190074b4cee	d__Bacteria; p__Actinobacteriota; c__Actinobacteria; o__Corynebacteriales; f__Corynebacteriaceae; g__Corynebacterium	0.9998094918699322
726cf34134cb324918f88111155a92ef	d__Bacteria; p__Proteobacteria; c__Alphaproteobacteria; o__Rhizobiales; f__Beijerinckiaceae	0.9906182409839133
55a334c7c2e02993632e30ea5433ed35	d__Bacteria; p__Actinobacteriota; c__Actinobacteria; o__Propionibacteriales; f__Propionibacteriaceae; g__Cutibacterium	0.9999636539941393
b60d31b786b7a5c3f5b9ed22c1f9b57c	d__Bacteria; p__Proteobacteria; c__Alphaproteobacteria; o__Sphingomonadales; f__Sphingomonadaceae; g__Sphingomonas	0.9297419924151201
9c6f18a998252d61e2abc8ae87fe94e7	d__Bacteria; p__Actinobacteriota; c__Actinobacteria; o__Corynebacteriales; f__Corynebacteriaceae; g__Corynebacterium	0.9949852202122359
d57bd29bb051ecbca403ce99fb617e12	d__Bacteria; p__Actinobacteriota; c__Actinobacteria; o__Micrococcales; f__Microbacteriaceae; g__Curtobacterium	0.7983367165245088
6ac60833ff8300cdd177f6d20b904564	d__Bacteria; p__Firmicutes; c__Bacilli; o__Bacillales; f__Bacillaceae; g__Bacillus	0.9992656937279627
693445f5facbd61f47a57d0cd03d6526	d__Bacteria; p__Firmicutes; c__Bacilli; o__Lactobacillales; f__Streptococcaceae; g__Streptococcus	0.9999954465416703
94dd8fc706c227a321b21f91012e5fcc	d__Bacteria; p__Firmicutes; c__Clostridia; o__Peptostreptococcales-Tissierellales; f__Peptostreptococcaceae; g__Peptostreptococcus; s__Peptostreptococcus_anaerobius	0.9675079852602175
b8a49b4365e9e7cf1833719b5aa05063	d__Bacteria; p__Proteobacteria; c__Gammaproteobacteria; o__Alteromonadales; f__Alteromonadaceae; g__Rheinheimera	0.9999955699606753
e94132ed370fc7910da1e008be993f09	d__Eukaryota; p__Phragmoplastophyta; c__Embryophyta; o__Magnoliophyta; f__Magnoliophyta; g__Magnoliophyta	0.9987715276385373
a843f7fc6771b2158e34e1821dc2ee99	d__Eukaryota; p__Basidiomycota; c__Agaricomycetes; o__Agaricales; f__Omphalotaceae; g__Lentinula; s__Lentinula_edodes	0.9961696163501469
5492a6d185a34b1e617a9fe5ce943d6e	d__Bacteria; p__Firmicutes; c__Bacilli; o__Staphylococcales; f__Staphylococcaceae; g__Staphylococcus; s__Staphylococcus_pettenkoferi	0.9435775692598249
ba5c000036598c3f7705b9c235b98759	d__Bacteria; p__Firmicutes; c__Bacilli; o__Lactobacillales; f__Streptococcaceae; g__Streptococcus	0.9999998411233496
ac48ae0d4318c617c88e9e018d6c6558	d__Bacteria; p__Proteobacteria; c__Gammaproteobacteria; o__Enterobacterales; f__Enterobacteriaceae	0.9573081847939791
fef9512a908e0fa3597d51a6c2ba60c0	d__Bacteria; p__Actinobacteriota; c__Actinobacteria; o__Streptomycetales; f__Streptomycetaceae; g__Streptomyces	0.7097488085319736
22e34a3a88dcaf7a9eee2e80af8aa202	d__Bacteria; p__Gemmatimonadota; c__Longimicrobia; o__Longimicrobiales; f__Longimicrobiaceae; g__Longimicrobiaceae; s__uncultured_bacterium	0.9918407652430582
b022a4b7f4a6f5aab758c0676af251f4	d__Bacteria; p__Actinobacteriota; c__Actinobacteria; o__Micrococcales; f__Microbacteriaceae; g__Curtobacterium	0.7467926889357153
06a82a492f5051b2c43ab5f64a26f31a	d__Eukaryota; p__Phragmoplastophyta; c__Embryophyta; o__Magnoliophyta; f__Magnoliophyta; g__Magnoliophyta; s__Brassica_oleracea	0.7544382953597477
a95c8c5eec48255bcb48d0a4eb9ffad6	d__Bacteria; p__Proteobacteria; c__Alphaproteobacteria; o__Rhizobiales; f__Rhizobiaceae	0.999992657269275
ec355530a1c95b6e904b853ec2090914	d__Bacteria; p__Proteobacteria; c__Alphaproteobacteria; o__Sphingomonadales; f__Sphingomonadaceae; g__Sphingomonas	0.9787879891045194
927932c5eecf80d347636864f7ef83e5	d__Bacteria; p__Proteobacteria; c__Gammaproteobacteria; o__Burkholderiales; f__Burkholderiaceae; g__Ralstonia	0.9905092981461189
851f5b51c84bff367716645dafa80dc9	d__Bacteria; p__Firmicutes; c__Bacilli; o__Lactobacillales; f__Streptococcaceae; g__Streptococcus	0.9997911619310742
829329f527bc27b09f00afcbb0e4de74	d__Bacteria; p__Firmicutes; c__Bacilli; o__Lactobacillales; f__Lactobacillaceae; g__Lactobacillus	0.9999068428731872
1baec6586fb5bcf85c417d86bceadc5c	d__Bacteria; p__Proteobacteria; c__Alphaproteobacteria; o__Caedibacterales; f__Caedibacteraceae; g__Caedibacter; s__endosymbiont_of	0.9999916679641616
ef3e0d0a0c879cfa4ad70327f62da2d5	d__Bacteria; p__Proteobacteria; c__Alphaproteobacteria; o__Rhodobacterales; f__Rhodobacteraceae; g__Paracoccus	0.8456052447408237
8a0d5f1ea8da62d4bf965f8fa3f6d02c	d__Bacteria; p__Actinobacteriota; c__Actinobacteria; o__Corynebacteriales; f__Corynebacteriaceae; g__Corynebacterium	0.9877822695494307
513a642a39e24471aea7afe93f0a1e12	d__Bacteria; p__Proteobacteria; c__Alphaproteobacteria; o__Rhizobiales; f__Rhizobiaceae	0.9993575274734888
f26c33daa70cd48c4fe2e30c74d2c3c7	d__Bacteria; p__Campilobacterota; c__Campylobacteria; o__Campylobacterales; f__Campylobacteraceae; g__Campylobacter; s__Campylobacter_gracilis	0.9911990826710627
3ca5bca94cf98c99a9d5f57c11cc0ff3	d__Bacteria; p__Actinobacteriota; c__Actinobacteria; o__Corynebacteriales; f__Corynebacteriaceae; g__Corynebacterium	0.9999997871792601
d60ff7f12855abf595f43e7b88c94f86	d__Eukaryota; p__Arthropoda; c__Ellipura; o__Collembola; f__Collembola; g__Collembola; s__Sminthuridae_environmental	0.9692558743662932
3bcf69e937354f03323bb2bcb8942f1c	d__Bacteria; p__Bdellovibrionota; c__Oligoflexia; o__0319-6G20; f__0319-6G20; g__0319-6G20; s__uncultured_Syntrophobacteraceae	0.8462086981528398
2f5cbec36575fd7d4f5cdb09a4abcc89	d__Bacteria; p__Actinobacteriota; c__Actinobacteria; o__Propionibacteriales; f__Propionibacteriaceae; g__Cutibacterium	0.9971462732526966
30b351f4536927386ae523620be954bd	d__Bacteria; p__Actinobacteriota; c__Actinobacteria; o__Micrococcales; f__Microbacteriaceae; g__Curtobacterium	0.7798413570528492
ebf3e0897c1d0fb3138a079c61a66504	d__Bacteria; p__Actinobacteriota; c__Actinobacteria; o__Actinomycetales; f__Actinomycetaceae; g__Actinomyces; s__Gleimia_europaea	0.9984933670611861
baf68290eb8aa16ebd328b7e819f9ad4	d__Bacteria; p__Firmicutes; c__Bacilli; o__Staphylococcales; f__Staphylococcaceae; g__Staphylococcus	0.999984390608246
7644b84c9537e6ce14cad153539d7595	d__Bacteria; p__Verrucomicrobiota; c__Verrucomicrobiae; o__Opitutales; f__Puniceicoccaceae; g__Pelagicoccus	0.9999739023423878
d586a4f9c351ea76375e4d7aa6474c06	d__Bacteria; p__Proteobacteria; c__Alphaproteobacteria; o__Rhizobiales; f__Rhizobiaceae; g__Allorhizobium-Neorhizobium-Pararhizobium-Rhizobium	0.9989982837792066
5b8e4451b73e3a8f6381abc89b545da1	d__Bacteria; p__Firmicutes; c__Bacilli; o__Lactobacillales; f__Streptococcaceae; g__Streptococcus	0.999575370786633
b54fcc193e3ed497845324584593f596	d__Bacteria; p__Firmicutes; c__Clostridia; o__Oscillospirales; f__Ruminococcaceae; g__Faecalibacterium	0.9999124680035729
afa6fceb14fb48152dd09c1ca88db477	d__Bacteria; p__Proteobacteria; c__Alphaproteobacteria; o__Tistrellales; f__Geminicoccaceae; g__Candidatus_Alysiosphaera; s__metagenome	0.999727491057794
6629131484b7aee5774c34446bf49098	d__Bacteria; p__Firmicutes; c__Clostridia; o__Clostridia; f__Hungateiclostridiaceae; g__uncultured; s__uncultured_Ruminococcaceae	0.7993165449622481
eb500c82f817ef46558ac381acc737ce	d__Bacteria; p__Bacteroidota; c__Bacteroidia; o__Bacteroidales; f__Prevotellaceae; g__Prevotella; s__Prevotella_corporis	0.9999937758693852
0b754925edb647abfba67727933ed875	d__Bacteria; p__Firmicutes; c__Clostridia; o__Peptostreptococcales-Tissierellales; f__Peptostreptococcales-Tissierellales; g__Anaerococcus; s__Anaerococcus_mediterraneensis	0.7329615081937045
f4c616af0b7a409d67352450f6e3eb9f	d__Bacteria; p__Proteobacteria; c__Alphaproteobacteria; o__Sphingomonadales; f__Sphingomonadaceae; g__Sphingomonas	0.9481974884948683
6141e5b2983f440028703154d63c8c1f	d__Eukaryota; p__Chlorophyta; c__Trebouxiophyceae; o__Trebouxiophyceae; f__Trebouxiophyceae; g__Trebouxiophyceae	0.9999999981760164
1dda0ba0deb68db7c85f525e162a6bfa	d__Bacteria; p__Proteobacteria; c__Gammaproteobacteria; o__Alteromonadales; f__Alteromonadaceae; g__Alishewanella	0.9984830181216588
3830b903d616bd4013dce6a8cfb31b23	d__Bacteria; p__Firmicutes; c__Clostridia; o__Peptostreptococcales-Tissierellales; f__Peptostreptococcaceae; g__Romboutsia	0.8547439387947613
6ae0e23122d8b5ff384fe2332a270087	d__Bacteria; p__Actinobacteriota; c__Actinobacteria; o__Frankiales; f__Geodermatophilaceae; g__Blastococcus; s__Blastococcus_sp.	0.7242558418061917
b943713d408728c1b1de1a4da226b168	d__Bacteria; p__Bacteroidota; c__Bacteroidia; o__Bacteroidales; f__Rikenellaceae; g__Rikenellaceae_RC9_gut_group; s__Bacteroidales_oral	0.9999919304807764
2f787ef813a2ed622b670e8025016975	d__Bacteria; p__Cyanobacteria; c__Cyanobacteriia; o__Chloroplast; f__Chloroplast; g__Chloroplast	0.9999999999998721
05431afa426f6fa26d5df4825adb2417	d__Bacteria; p__Firmicutes; c__Clostridia; o__Peptostreptococcales-Tissierellales; f__Peptostreptococcales-Tissierellales; g__W5053; s__uncultured_bacterium	0.998996174303952
f3653f5dbe6a74bcda397e40fd0f7cc4	d__Bacteria; p__Firmicutes; c__Clostridia; o__Peptostreptococcales-Tissierellales; f__Peptostreptococcales-Tissierellales; g__Anaerococcus	0.9999992869324426
4166d4ec3588fc16394cb64763910d2b	d__Bacteria; p__Firmicutes; c__Clostridia; o__Peptostreptococcales-Tissierellales; f__Peptostreptococcales-Tissierellales; g__Peptoniphilus	0.9999999999993057
1864dd24fe611318aefb681bae6981c1	d__Bacteria; p__Proteobacteria; c__Gammaproteobacteria; o__Oceanospirillales; f__Halomonadaceae; g__Halomonas	0.9967474634749244
35f8e9b28b5e504539c5dbce0855f8ed	d__Bacteria; p__Actinobacteriota; c__Actinobacteria; o__Micrococcales; f__Dermacoccaceae; g__Dermacoccus	0.9053665594538673
4577b93d55e2f38288cf986e36e9ce87	d__Bacteria; p__Proteobacteria; c__Alphaproteobacteria; o__Sphingomonadales; f__Sphingomonadaceae; g__Sphingomonas	0.9031059930755592
8807437572c709eebdc31ad6efdb1cdf	d__Bacteria; p__Bacteroidota; c__Bacteroidia; o__Bacteroidales; f__Prevotellaceae; g__Prevotella; s__Prevotella_buccae	0.9999745015550052
755aed14261dcffc5700047945b6b113	d__Bacteria; p__Fusobacteriota; c__Fusobacteriia; o__Fusobacteriales; f__Fusobacteriaceae; g__Fusobacterium	0.9999999999025432
90b04823b6ac0115851fbfdd4e6c27bf	d__Bacteria; p__Proteobacteria; c__Alphaproteobacteria; o__Rhizobiales; f__Rhizobiaceae; g__Phyllobacterium	0.988533673027026
5fd2d35a1d0e86887f1ea858901b0f54	d__Bacteria; p__Myxococcota; c__Polyangia; o__Polyangiales; f__Sandaracinaceae; g__uncultured	0.9999677643708773
6d3c316411905c6c171f44a1f67b89dc	d__Bacteria; p__Firmicutes; c__Bacilli; o__Staphylococcales; f__Staphylococcaceae; g__Staphylococcus	0.9999411164462082
0c86fc89e9e183d258a48b0be236a705	d__Bacteria; p__Bacteroidota; c__Bacteroidia; o__Bacteroidales; f__Prevotellaceae; g__Prevotella; s__Prevotella_timonensis	0.999999343451807
f1395cae5be598137cb355fb03dbe20e	d__Bacteria; p__Bacteroidota; c__Bacteroidia; o__Bacteroidales; f__Prevotellaceae; g__Prevotella; s__Prevotella_buccalis	0.9998253548504291
f1dcba81ba29781a324576c660c9accb	d__Bacteria; p__Firmicutes; c__Bacilli; o__Staphylococcales; f__Staphylococcaceae; g__Staphylococcus	0.9999767133743039
78a284805b39a6921b28fad005037946	d__Bacteria; p__Firmicutes; c__Negativicutes; o__Veillonellales-Selenomonadales; f__Veillonellaceae; g__Veillonella	0.9999999676664812
994a20231f64982ca6b2e0c0a1e5766b	d__Bacteria; p__Proteobacteria; c__Gammaproteobacteria; o__Pseudomonadales; f__Moraxellaceae; g__Acinetobacter	0.9998562734270887
72197f582fc629865f642b6845fe92af	d__Bacteria; p__Actinobacteriota; c__Actinobacteria; o__Propionibacteriales; f__Propionibacteriaceae; g__Cutibacterium	0.9997137458035104
3e57ec6601a52ce891f0525acc8b8688	d__Bacteria; p__Proteobacteria; c__Alphaproteobacteria; o__Sphingomonadales; f__Sphingomonadaceae; g__Sphingobium	0.9999993573266694
c33a1b40420c76176fe793765d11a6df	d__Bacteria; p__Actinobacteriota; c__Actinobacteria; o__Corynebacteriales; f__Nocardiaceae; g__Williamsia; s__Williamsia_sp.	0.9135937127570171
de2662a0e808af095e6db3c45ac454a8	d__Bacteria; p__Proteobacteria; c__Alphaproteobacteria; o__Sphingomonadales; f__Sphingomonadaceae	0.9971834985386748
f6aa3d6c602fec321adcb393293d3cfb	d__Bacteria; p__Firmicutes; c__Clostridia; o__Clostridia_UCG-014; f__Clostridia_UCG-014; g__Clostridia_UCG-014	0.9999999369217598
478fc7532341b8948bab187c6cb3151e	d__Eukaryota; p__Ascomycota; c__Dothideomycetes; o__Botryosphaeriales; f__Phyllostictaceae; g__Phyllosticta; s__Phyllosticta_capitalensis	0.7311547847769554
1b918c98c5fd8222b87003d8df56765c	d__Eukaryota	0.9999976184136842
a6e427aaedb7c03a960290d8785f9f79	d__Bacteria; p__Proteobacteria; c__Gammaproteobacteria; o__Burkholderiales; f__SC-I-84; g__SC-I-84	0.9999998979156244
74ae12f2569373ce6aeb7b7853f8fa6c	d__Bacteria; p__Firmicutes; c__Bacilli; o__Lactobacillales; f__Streptococcaceae; g__Streptococcus	0.9995361717175003
a1ecdfe6f549ce83c25eafbd383835b3	d__Eukaryota; p__Basidiomycota; c__Malasseziomycetes; o__Malasseziales; f__Malasseziaceae; g__Malassezia; s__uncultured_fungus	0.9921642800759355
e000440e8147dde24e5d16e85afbacf1	d__Bacteria; p__Proteobacteria; c__Alphaproteobacteria; o__Sphingomonadales; f__Sphingomonadaceae; g__Sphingomonas	0.7544314130524324
336fb25caaea543fbffb7526617745d1	d__Bacteria; p__Firmicutes; c__Clostridia; o__Lachnospirales; f__Lachnospiraceae; g__Blautia	0.9762425268795459
23be6e874324ac95aa0efe2209c2ce3c	d__Bacteria; p__Bacteroidota; c__Bacteroidia; o__Cytophagales; f__Hymenobacteraceae; g__Hymenobacter	0.99999999973719
89f53feb085513aeaa1b8a6b88c7f270	d__Bacteria; p__Actinobacteriota; c__Actinobacteria; o__Micrococcales; f__Micrococcaceae; g__Micrococcus	0.9935196632129264
c19bc2979f71e643d64c2e5f30179bc0	d__Bacteria; p__Actinobacteriota; c__Actinobacteria; o__Micrococcales; f__Microbacteriaceae	0.9995780178041817
fabba53f9303156b8d3c91f9045e3cb5	d__Bacteria; p__Bacteroidota; c__Bacteroidia; o__Cytophagales; f__Hymenobacteraceae	0.9999999999691442
d33fca27a3237f52400eeb7f4bc864aa	d__Bacteria; p__Bacteroidota; c__Bacteroidia; o__Bacteroidales; f__Prevotellaceae; g__Prevotella; s__Prevotella_buccalis	0.9985081949500229
0884c7283f3ac1216c7ad8494fcca5d1	d__Bacteria; p__Proteobacteria; c__Alphaproteobacteria; o__Sphingomonadales; f__Sphingomonadaceae; g__Sphingomonas; s__Sphingomonas_panaciterrae	0.9004480079103001
cd99653ed14f2caa321f787521772666	d__Bacteria; p__Actinobacteriota; c__Thermoleophilia; o__Solirubrobacterales; f__Solirubrobacteraceae; g__Patulibacter; s__Patulibacter_americanus	0.9999101995157138
c850ffb7ad8b92ef195e99a3381c7e39	d__Bacteria; p__Acidobacteriota; c__Vicinamibacteria; o__Vicinamibacterales; f__uncultured; g__uncultured; s__metagenome	0.9779488332966063
d6f367d254a41ad38d6bba675f4c3cc3	d__Bacteria; p__Actinobacteriota; c__Actinobacteria; o__Streptomycetales; f__Streptomycetaceae; g__Streptomyces	0.9999917484145916
0f431c029b919a5df240b06a93d9a6a5	d__Bacteria; p__Bacteroidota; c__Bacteroidia; o__Flavobacteriales; f__Flavobacteriaceae; g__Flavobacterium	0.9999994892790542
1eb374c637f16e2c010a8badb53596c2	d__Eukaryota; p__Phragmoplastophyta; c__Embryophyta; o__Magnoliophyta; f__Magnoliophyta; g__Magnoliophyta	0.9993981804110793
a736a0eccb35e730d83d8c6ceb55333f	d__Bacteria; p__Firmicutes; c__Bacilli; o__Staphylococcales; f__Staphylococcaceae; g__Staphylococcus	0.9999798599766789
de7942e1b3fa4e9551e3840d58ad2139	d__Eukaryota; p__Phragmoplastophyta; c__Embryophyta; o__Magnoliophyta; f__Magnoliophyta; g__Magnoliophyta	0.999999991452487
a7613ee22cdaa6a129ec2454062f400d	d__Bacteria; p__Actinobacteriota; c__Actinobacteria; o__Streptosporangiales; f__Nocardiopsaceae; g__Nocardiopsis	0.9992277757644167
5c0936b5fb1739c54749f0858d235438	d__Bacteria; p__Proteobacteria; c__Gammaproteobacteria; o__Pseudomonadales; f__Pseudomonadaceae; g__Pseudomonas	0.9978856748058252
92811bddd97199c02fe4f5318b976663	d__Bacteria; p__Firmicutes; c__Negativicutes; o__Veillonellales-Selenomonadales; f__Veillonellaceae; g__Negativicoccus; s__Negativicoccus_succinicivorans	0.986117116336286
4e134c94b194e6ce252d7d39b2f7a869	d__Eukaryota; p__Vertebrata; c__Mammalia; o__Mammalia; f__Mammalia; g__Mammalia	0.999929956239897
954a7b3733b63881d1407dc8d5b25d4d	d__Bacteria; p__Actinobacteriota; c__Actinobacteria; o__Micrococcales; f__Microbacteriaceae; g__Curtobacterium	0.772856733691367
b445c27b4ce36551fcc073bc38c46cba	d__Bacteria; p__Firmicutes; c__Bacilli; o__Staphylococcales; f__Staphylococcaceae; g__Staphylococcus	0.9999841829499988
fd1d99b5c7b87373600ecb80e284e470	d__Bacteria; p__Firmicutes; c__Negativicutes; o__Veillonellales-Selenomonadales; f__Veillonellaceae; g__Veillonella; s__Veillonella_sp.	0.7296894103390538
e7a20e4cc9dc094d6e6d4aa7fe76981d	d__Bacteria; p__Proteobacteria; c__Gammaproteobacteria; o__Enterobacterales; f__Enterobacteriaceae	0.9618681995166017
afaeb0b9b17f07e96468379f0a07f392	d__Bacteria; p__Actinobacteriota; c__Actinobacteria; o__Corynebacteriales; f__Mycobacteriaceae; g__Mycobacterium	0.9999995329684689
97305a5f687727548c3921508c189868	d__Bacteria; p__Bacteroidota; c__Bacteroidia; o__Cytophagales; f__Hymenobacteraceae; g__Hymenobacter	0.9999999998963799
dbfd71ef2b089ebdc142e05a5b2e48ea	d__Eukaryota; p__Arthropoda; c__Insecta; o__Psocoptera; f__Psocoptera; g__Psocoptera; s__Trichopsocus_sp.	0.9999998898516428
65c0fd80b25e41020fc381690e4776fa	d__Bacteria; p__Proteobacteria; c__Alphaproteobacteria; o__Rhizobiales; f__Rhizobiaceae; g__Shinella	0.9767337433257981
b240d2b449ea82ca0001e583150c0e67	d__Bacteria; p__Proteobacteria; c__Gammaproteobacteria; o__Burkholderiales; f__Comamonadaceae; g__Comamonas; s__Polyangium_sp.	0.7409332579087802
76024c6392c7ac0852a4cf1780b8897a	d__Eukaryota; p__Phragmoplastophyta; c__Embryophyta; o__Magnoliophyta; f__Magnoliophyta; g__Magnoliophyta	0.9999327343961023
ec7baabfa7518311f4e682ddbf962704	d__Eukaryota; p__Arthropoda; c__Arachnida; o__Acari; f__Acari; g__Acari; s__Dermatophagoides_evansi	0.9937150495007665
ff76264f4b30b2abc62007344a8ae68d	d__Bacteria; p__Actinobacteriota; c__Actinobacteria; o__Pseudonocardiales; f__Pseudonocardiaceae; g__Saccharopolyspora	0.9969829583470593
643d99c358e7e6a4e62d6e045a503e0e	d__Bacteria; p__Bacteroidota; c__Bacteroidia; o__Cytophagales; f__Spirosomaceae; g__Dyadobacter; s__metagenome	0.8624458316807844
32a97c310ac6793b3b1a48c01e9d8225	d__Bacteria; p__Firmicutes; c__Bacilli; o__Lactobacillales; f__Streptococcaceae; g__Streptococcus	0.9994997111669549
0f7296599ad7eac07a298b98c43a9ac8	d__Bacteria; p__Firmicutes; c__Clostridia; o__Peptostreptococcales-Tissierellales; f__Peptostreptococcales-Tissierellales; g__Peptoniphilus	0.9999999999986487
efed4d5469a68e3fc1ee1d9d5ddb27b2	d__Bacteria; p__Bdellovibrionota; c__Bdellovibrionia; o__Bdellovibrionales; f__Bdellovibrionaceae; g__Bdellovibrio; s__uncultured_bacterium	0.739842123575571
e1facc3c9b2b3b5334527973768bc115	d__Bacteria; p__Proteobacteria; c__Alphaproteobacteria; o__Caulobacterales; f__Hyphomonadaceae; g__Litorimonas; s__uncultured_bacterium	0.9590198434261705
2d4048615f0edcbee0ba14a9c3d513fe	d__Bacteria; p__Actinobacteriota; c__Actinobacteria; o__Propionibacteriales; f__Propionibacteriaceae; g__Pseudopropionibacterium	0.9950408116327516
086d005a19ea36dd940a7b0a853f5ce2	d__Bacteria; p__Proteobacteria; c__Gammaproteobacteria; o__Enterobacterales; f__Morganellaceae; g__Buchnera	0.9999998702797773
4859395bb1d506d2bee60fff61541d47	d__Bacteria; p__Firmicutes; c__Clostridia; o__Peptostreptococcales-Tissierellales; f__Peptostreptococcales-Tissierellales; g__Anaerococcus; s__Anaerococcus_octavius	0.9699294993734993
bd63fbeeb4f67d27b3e54dd1149a7733	d__Bacteria; p__Firmicutes; c__Bacilli; o__Staphylococcales; f__Staphylococcaceae; g__Staphylococcus	0.9998974749269048
8466f28fe622aedf9f9c80f98576b80e	d__Bacteria; p__Firmicutes; c__Bacilli; o__Lactobacillales; f__Streptococcaceae; g__Streptococcus	0.9999899200340819
ae976c8b3daa61bf2b93984a42e86f6b	d__Eukaryota; p__Ascomycota; c__Dothideomycetes; o__Botryosphaeriales; f__Phyllostictaceae; g__Phyllosticta; s__Phyllosticta_capitalensis	0.794199311001927
9cde2f23965bc5270837e1fd5b015281	d__Bacteria; p__Bacteroidota; c__Bacteroidia; o__Cytophagales; f__Hymenobacteraceae; g__Adhaeribacter	0.9999993072497443
33aa46afbd7fc28aa2dc07c5ffe78dbd	d__Bacteria; p__Firmicutes; c__Bacilli; o__Lactobacillales; f__Streptococcaceae; g__Streptococcus	0.9996254584553889
ec2539a33371b24a7d09ed8e2bd63f78	d__Bacteria; p__Firmicutes; c__Clostridia; o__Lachnospirales; f__Lachnospiraceae; g__Oribacterium	0.9999998340307508
cbc750b2f2f3930c34e92d1cd68219d7	d__Bacteria; p__Proteobacteria; c__Gammaproteobacteria; o__Burkholderiales; f__Comamonadaceae; g__Variovorax	0.8723376787467769
94c9758c04a9b7ffd8605f7cc132e2fb	d__Bacteria; p__Firmicutes; c__Bacilli; o__Paenibacillales; f__Paenibacillaceae; g__Saccharibacillus	0.9999993488352563
3028cb494304ef0448dda5fb5dabda4a	d__Bacteria; p__Proteobacteria; c__Alphaproteobacteria; o__Sphingomonadales; f__Sphingomonadaceae; g__Blastomonas	0.9959480416534691
f9f3ef05741d4789d3af59e63741c0bf	d__Eukaryota; p__Basidiomycota; c__Malasseziomycetes; o__Malasseziales; f__Malasseziaceae; g__Malassezia; s__uncultured_fungus	0.7238452869148932
0ea2e9210e1bcb882ce96d0290afac7f	d__Bacteria; p__Proteobacteria; c__Gammaproteobacteria; o__Burkholderiales; f__Burkholderiaceae; g__Ralstonia	0.9909814179622668
8413073017938f9901d55ce1d8044c32	d__Bacteria; p__Proteobacteria; c__Alphaproteobacteria; o__Caulobacterales; f__Caulobacteraceae; g__Phenylobacterium	0.929569127267836
989434fad71f156e3011de307ada872d	d__Bacteria; p__Firmicutes; c__Clostridia; o__Christensenellales; f__Christensenellaceae; g__Christensenellaceae_R-7_group	0.9354481728007271
cb8aaea87952d4e8cdb953b2751b19d2	d__Bacteria; p__Bacteroidota; c__Bacteroidia; o__Cytophagales; f__Cytophagaceae; g__Rhodocytophaga; s__uncultured_bacterium	0.9065288341087089
caa1217b50956d7e27b54e8c0732cd15	d__Bacteria; p__Proteobacteria; c__Alphaproteobacteria; o__Sphingomonadales; f__Sphingomonadaceae; g__Sphingomonas	0.8655993612378888
63ea007d29edce4b4e2a604f89632438	d__Bacteria; p__Firmicutes; c__Clostridia; o__Lachnospirales; f__Lachnospiraceae; g__Lachnospiraceae_NK4A136_group; s__uncultured_organism	0.8177971372796657
fc939f26479962b5b6a61b4f7853a645	d__Bacteria; p__Bacteroidota; c__Bacteroidia; o__Cytophagales; f__Hymenobacteraceae; g__Hymenobacter	0.9999999999842302
94436ecc0f517d78b4c4e706a9bc85e8	d__Bacteria; p__Actinobacteriota; c__Actinobacteria; o__Micrococcales; f__Microbacteriaceae; g__Curtobacterium	0.7685019026606359
214dfe5d54df0b8a805dec41aedabfc6	Unassigned	0.5439002130884552
16e6710599e23a68d3fa4ac867c0f896	d__Bacteria; p__Proteobacteria; c__Alphaproteobacteria; o__Rhizobiales; f__Beijerinckiaceae	0.9987571270641137
569c26bc806dfad9fe2419c2161fb2dd	d__Bacteria; p__Actinobacteriota; c__Actinobacteria; o__Propionibacteriales; f__Nocardioidaceae; g__Marmoricola	0.8427501519093303
3aa5850d168f670042315eced8f8e6a3	d__Bacteria; p__Firmicutes; c__Bacilli; o__Lactobacillales; f__Streptococcaceae; g__Streptococcus	0.9999901648318261
85ad81e68c729b80eeca2fa956239762	d__Bacteria; p__Fusobacteriota; c__Fusobacteriia; o__Fusobacteriales; f__Leptotrichiaceae; g__Leptotrichia; s__uncultured_bacterium	0.9127825440667833
b968b809424b7738a88ec80e8fc91b70	d__Bacteria; p__Firmicutes; c__Bacilli; o__Lactobacillales; f__Carnobacteriaceae; g__Granulicatella	0.7947082517611495
55c7a4cbdd1c43afb30fe899de136e15	d__Bacteria; p__Firmicutes; c__Bacilli; o__Lactobacillales; f__Streptococcaceae; g__Streptococcus	0.9995249665676783
19d20c99c21627d192ea1f926326c801	d__Bacteria; p__Proteobacteria; c__Alphaproteobacteria; o__Sphingomonadales; f__Sphingomonadaceae; g__Sphingobium	0.9993214881390658
9c5b68eef1f59d4b06d5a576c37a959e	d__Bacteria; p__Proteobacteria; c__Alphaproteobacteria; o__Rhodobacterales; f__Rhodobacteraceae; g__Amaricoccus; s__uncultured_bacterium	0.8033683025177716
003d6a77b35830302f10578e241d453a	d__Bacteria; p__Actinobacteriota; c__Actinobacteria; o__Micrococcales; f__Microbacteriaceae	0.9976698670025146
458e026e15a50ac63fb1f4efca544f25	d__Bacteria; p__Proteobacteria; c__Alphaproteobacteria; o__Sphingomonadales; f__Sphingomonadaceae; g__Sphingobium; s__Sphingobium_yanoikuyae	0.7571606839057992
5460f751c2288b8e7aeaf423dd50495d	d__Bacteria; p__Actinobacteriota; c__Actinobacteria; o__Micrococcales; f__Microbacteriaceae; g__Curtobacterium	0.7724337384644467
a0a35426568bf7d2b7a8416a849b1fee	d__Eukaryota; p__Phragmoplastophyta; c__Embryophyta; o__Magnoliophyta; f__Magnoliophyta; g__Magnoliophyta; s__Sesamum_indicum	0.9902452713378441
509d241f9c8f6c4c581cba973582e740	d__Bacteria; p__Firmicutes; c__Bacilli; o__Erysipelotrichales; f__Erysipelotrichaceae; g__Holdemanella; s__uncultured_bacterium	0.8948150482602276
be94e690a8bb9cdbcb776ee9971b3552	d__Bacteria; p__Actinobacteriota; c__Actinobacteria; o__Micrococcales; f__Micrococcaceae; g__Kocuria	0.9602117224729346
899a09e42b218c4193f46732bb1e4da3	d__Bacteria; p__Fusobacteriota; c__Fusobacteriia; o__Fusobacteriales; f__Fusobacteriaceae; g__Fusobacterium; s__Fusobacterium_nucleatum	0.7437640495253773
1082cc12fb9c1070e7decb32b37f6142	d__Bacteria; p__Actinobacteriota; c__Actinobacteria; o__Micrococcales; f__Micrococcaceae	0.9999962645567524
6c2884e837cc1205dfa8827c9aa86d81	d__Bacteria; p__Bacteroidota; c__Bacteroidia; o__Flavobacteriales; f__Flavobacteriaceae; g__Salinimicrobium; s__uncultured_Bacteroidetes	0.7165887703799195
e87c0374e16ff923f55d0b82a2639ddc	d__Bacteria; p__Deinococcota; c__Deinococci; o__Deinococcales; f__Trueperaceae; g__Truepera; s__uncultured_Deinococcales	0.8874188113494457
8b6d6085bd62c5092d2c80a2568f18ba	d__Bacteria; p__Proteobacteria; c__Gammaproteobacteria; o__Pseudomonadales; f__Pseudomonadaceae; g__Pseudomonas	0.9997226175835542
d6de32c132f2a0365eb815692fe3bf68	d__Bacteria; p__Proteobacteria; c__Gammaproteobacteria; o__Burkholderiales; f__Neisseriaceae; g__Neisseria	0.9563947486085641
d2eb4ac75aabdc1da643c2090f5eea96	d__Bacteria; p__Proteobacteria; c__Gammaproteobacteria; o__Burkholderiales; f__Burkholderiaceae; g__Lautropia	0.9999991938357614
36c7d1564d3f48da6caffbe96851137e	d__Eukaryota; p__Ascomycota; c__Dothideomycetes; o__Pleosporales	0.9999639039033926
94d39709f084df90b46c63dfdec5e05d	d__Bacteria; p__Actinobacteriota; c__Acidimicrobiia; o__Microtrichales; f__Ilumatobacteraceae; g__uncultured; s__uncultured_bacterium	0.9973380343802124
403b02260cbf0596aee63986b48405b6	d__Eukaryota; p__Ascomycota; c__Saccharomycetes; o__Saccharomycetales; f__Saccharomycetaceae; g__Saccharomyces	0.9657099770425748
9a51f3dc81c22ca82db6f37f4dfe1d08	d__Bacteria; p__Firmicutes; c__Bacilli; o__Lactobacillales; f__Lactobacillaceae; g__Lactobacillus; s__Lactobacillus_melliventris	0.913034157686291
2dc2892499a1b1071334cb6d25d4a18b	Unassigned	0.3568326216693024
f877225535c3c967b382beca00a60a58	d__Bacteria; p__Bacteroidota; c__Bacteroidia; o__Flavobacteriales; f__Weeksellaceae; g__Chryseobacterium	0.9998832007677947
624ddfa8eff14fc4c0722190f5307b23	d__Bacteria; p__Actinobacteriota; c__Actinobacteria; o__Micrococcales; f__Dermabacteraceae; g__Dermabacter	0.9980458507508495
a7863e22961290314c641a1d6d3e4cf4	d__Bacteria; p__Actinobacteriota; c__Thermoleophilia; o__Solirubrobacterales; f__67-14; g__67-14; s__uncultured_bacterium	0.7441037497540613
aaed68241d81a8fbcf7b8683fa33d5a6	d__Eukaryota; p__Phragmoplastophyta; c__Embryophyta; o__Magnoliophyta; f__Magnoliophyta; g__Magnoliophyta; s__Setaria_italica	0.9171093608920965
6b3f6a509d9dd5a45cd06b2c4c4ad249	d__Bacteria; p__Firmicutes; c__Clostridia; o__Peptostreptococcales-Tissierellales; f__Peptostreptococcales-Tissierellales; g__Finegoldia	0.999999999804918
f26cf17d02bca28f0e8c1310a693c5e5	d__Bacteria; p__Firmicutes; c__Clostridia; o__Christensenellales; f__Christensenellaceae; g__Christensenellaceae_R-7_group	0.9999844497720647
4fc91d687ffddfd17e454a2299c279c6	d__Bacteria; p__Proteobacteria; c__Alphaproteobacteria; o__Sphingomonadales; f__Sphingomonadaceae; g__Sphingomonas	0.8739703277205624
79e0671c405e17cb72a4d7fd05850f3d	d__Bacteria; p__Bacteroidota; c__Bacteroidia; o__Chitinophagales; f__Chitinophagaceae; g__Ferruginibacter	0.9986292194465438
c5d9b4ac6fbde42a9217a19f5a41514e	d__Bacteria; p__Bacteroidota; c__Bacteroidia; o__Sphingobacteriales; f__Sphingobacteriaceae; g__Sphingobacterium; s__Sphingobacterium_spiritivorum	0.9999994166710304
cd13c8493a47436e436872dcf8a896d5	d__Bacteria; p__Proteobacteria; c__Gammaproteobacteria; o__Enterobacterales; f__Enterobacteriaceae	0.9277225035642219
75748f58d9decb05ac6e9758b007d31d	d__Bacteria; p__Deinococcota; c__Deinococci; o__Deinococcales; f__Deinococcaceae; g__Deinococcus; s__Deinococcus_swuensis	0.9862267503385074
fca06e9eb0a8467565eeafd7510bc40e	d__Bacteria; p__Firmicutes; c__Bacilli; o__Lactobacillales; f__Carnobacteriaceae; g__Granulicatella	0.8520109913264302
e434da717bb73aa3e2cf16686e8ac680	d__Bacteria; p__Proteobacteria; c__Gammaproteobacteria; o__Xanthomonadales; f__Xanthomonadaceae; g__Xanthomonas	0.9980366900157236
20c9e5c352d7a36f2a83f89df093cea9	d__Bacteria; p__Firmicutes; c__Bacilli; o__Staphylococcales; f__Staphylococcaceae; g__Staphylococcus	0.9999575582197863
8baa3d5b142cb02b2ac7d226fd12cb26	d__Bacteria; p__Proteobacteria; c__Gammaproteobacteria; o__Pseudomonadales; f__Pseudomonadaceae; g__Pseudomonas	0.9994079807505573
d6c3f5b7125980e9843c4ffa55493919	d__Bacteria; p__Actinobacteriota; c__Actinobacteria; o__Actinomycetales; f__Actinomycetaceae; g__Actinomyces	0.9999999954500125
6213f2a3eee1b79c93fc9e1057d3f2e7	d__Bacteria; p__Firmicutes; c__Clostridia; o__Lachnospirales; f__Lachnospiraceae; g__Dorea; s__Dorea_formicigenerans	0.815554824230928
429986649187b8b37932907ad64db137	d__Bacteria; p__Firmicutes; c__Bacilli; o__Lactobacillales; f__Streptococcaceae; g__Streptococcus	0.9999959425375204
ced2c755ee73ea320bebd566b2b62d9b	d__Bacteria; p__Actinobacteriota; c__Actinobacteria; o__Actinomycetales; f__Actinomycetaceae; g__Actinomyces	0.9999999997815351
8754a90d6dcc8df86adf08c2b7540ad0	d__Bacteria; p__Myxococcota; c__Myxococcia; o__Myxococcales; f__Myxococcaceae	0.9987355398666414
0bd5a143acd462f8fd562e08f16a71e6	d__Bacteria; p__Actinobacteriota; c__Actinobacteria; o__Micrococcales; f__Micrococcaceae; g__Rothia	0.9999425788670151
6e56b6e13d880d4791f7716404c17234	d__Bacteria; p__Proteobacteria; c__Alphaproteobacteria; o__Caulobacterales; f__Caulobacteraceae; g__Brevundimonas	0.9999999071472296
740565576fe071e98e449bc4f7923793	d__Eukaryota; p__Myxogastria; c__Myxogastria; o__Myxogastria; f__Myxogastria; g__Badhamia; s__Physarum_roseum	0.9361838433852726
669967bd1ea7e8e1e3f8069c97a9f985	d__Eukaryota; p__Basidiomycota; c__Tremellomycetes; o__Tremellales; f__Rhynchogastremataceae; g__Papiliotrema	0.9916850605099746
f99d92f99b84e769289451d005690c61	d__Bacteria; p__Proteobacteria; c__Gammaproteobacteria; o__Pasteurellales; f__Pasteurellaceae; g__Haemophilus	0.9538016389743227
f2c6d4683a9fbfb04ed8a89dc71f42bd	d__Bacteria; p__Actinobacteriota; c__Actinobacteria; o__Micrococcales; f__Micrococcaceae; g__Nesterenkonia; s__Nesterenkonia_sp.	0.7190121609828324
8854e58262c4a6c5b8b67bece2f68714	d__Bacteria; p__Firmicutes; c__Bacilli; o__Lactobacillales; f__Lactobacillaceae; g__Lactobacillus; s__Lactobacillus_algidus	0.9998870199819152
7802015fa0c8da01e017f140804c67f4	d__Bacteria; p__Chloroflexi; c__Chloroflexia; o__Thermomicrobiales; f__JG30-KF-CM45; g__JG30-KF-CM45; s__uncultured_bacterium	0.9939338570054669
02d615443cb86614ce6e2f598c08a410	d__Bacteria; p__Proteobacteria; c__Gammaproteobacteria; o__Burkholderiales; f__Comamonadaceae; g__Variovorax	0.7547551653554838
f0d22e4b7ce3eca56d1c8d06bcda08c2	d__Bacteria; p__Firmicutes; c__Bacilli; o__Lactobacillales; f__Aerococcaceae; g__Facklamia; s__Facklamia_ignava	0.9997448156571338
392ba9b96560ba5c64167cdd50e23403	d__Bacteria; p__Actinobacteriota; c__Actinobacteria; o__Propionibacteriales; f__Nocardioidaceae; g__Nocardioides	0.9997077670676681
24e633668953698f902fa944e91c7c82	d__Bacteria; p__Bacteroidota; c__Bacteroidia; o__Bacteroidales; f__Prevotellaceae; g__Prevotella; s__Prevotella_pleuritidis	0.9997266326416435
a929aff909072665c406ded504e2a465	d__Bacteria; p__Proteobacteria; c__Alphaproteobacteria; o__Caulobacterales; f__Caulobacteraceae; g__Brevundimonas	0.9999645464863255
b349a979df7e2510c8b0aee0d2615973	d__Bacteria; p__Cyanobacteria; c__Cyanobacteriia; o__Chloroplast; f__Chloroplast; g__Chloroplast	0.9999999999993683
e0515d31bed29822aba1080e576e8541	d__Bacteria; p__Proteobacteria; c__Alphaproteobacteria; o__Rickettsiales; f__Mitochondria; g__Mitochondria	0.9999999999999994
92bf0eb6a2e9c14c488e4d2795d1bcc1	d__Eukaryota; p__Vertebrata; c__Mammalia; o__Mammalia; f__Mammalia; g__Mammalia	0.9999992848287044
4873fbe216e09d87eb93f03c1a87ef29	d__Bacteria; p__Planctomycetota; c__Planctomycetes; o__Planctomycetales; f__Rubinisphaeraceae; g__uncultured; s__uncultured_Planctomycetaceae	0.9063034855663559
71cf1af80f571cab50b1789e518e5306	d__Bacteria; p__Firmicutes; c__Bacilli; o__Staphylococcales; f__Staphylococcaceae; g__Staphylococcus	0.9998937383916447
07ce063b2a36feb1fea35fd32ec9202f	d__Eukaryota; p__Basidiomycota; c__Cystobasidiomycetes; o__Incertae_Sedis; f__Incertae_Sedis; g__Symmetrospora	0.8468970191069531
12ae4362840a4fdb675e90420380e908	d__Bacteria; p__Actinobacteriota; c__Actinobacteria; o__Corynebacteriales; f__Corynebacteriaceae; g__Corynebacterium	0.9785748055274052
7a381002766989a24c20c6403df4f045	d__Bacteria; p__Proteobacteria; c__Gammaproteobacteria; o__Burkholderiales; f__Oxalobacteraceae; g__Massilia	0.9999835109549653
0fc2722878fd91d1fd87c37973bb985a	d__Bacteria; p__Proteobacteria; c__Alphaproteobacteria; o__Sphingomonadales; f__Sphingomonadaceae; g__Sphingopyxis	0.9999921910927559
5ce7dd6be1315bfdb3d7a4e063bb805c	d__Bacteria; p__Proteobacteria; c__Gammaproteobacteria; o__Burkholderiales; f__Comamonadaceae	0.9999978244447504
07e2d53e23d6adfe9db54270f94732cd	d__Bacteria; p__Actinobacteriota; c__Actinobacteria; o__Propionibacteriales; f__Nocardioidaceae; g__Nocardioides	0.999976634101425
2a49233bae28a3a5eaea9504d356fe07	d__Bacteria; p__Actinobacteriota; c__Actinobacteria; o__Frankiales; f__Geodermatophilaceae	0.9997635815880572
82dbbd27c10526331ae4067f50ef10a3	d__Bacteria; p__Proteobacteria; c__Alphaproteobacteria; o__Rhodobacterales; f__Rhodobacteraceae; g__Rubellimicrobium; s__uncultured_bacterium	0.7695892244524031
0bfa4342f03dcae4c7abf1f5d7f0d812	d__Bacteria; p__Proteobacteria; c__Gammaproteobacteria; o__Burkholderiales; f__Comamonadaceae; g__Acidovorax	0.79163265189221
572dfdc3186e70f14b16e1bbbb40f4da	d__Bacteria; p__Fusobacteriota; c__Fusobacteriia; o__Fusobacteriales; f__Leptotrichiaceae; g__Leptotrichia; s__Leptotrichia_wadei	0.9622484464835424
6234000c777f206bf2e628c5928569bc	d__Bacteria; p__Actinobacteriota; c__Actinobacteria; o__Propionibacteriales; f__Propionibacteriaceae; g__Cutibacterium	0.9996967117301852
444912e8376f5fe8522e0c4b45cbaa7a	d__Bacteria; p__Proteobacteria; c__Gammaproteobacteria; o__Pseudomonadales; f__Moraxellaceae; g__Acinetobacter	0.999869655513642
97f6ad7be462f3f0413d21414e1b94cc	d__Bacteria; p__Proteobacteria; c__Alphaproteobacteria; o__Rhizobiales; f__Beijerinckiaceae; g__Methylobacterium-Methylorubrum	0.9999995234036243
c690ec08a0c21988877a8f3842f98dc2	d__Bacteria; p__Proteobacteria; c__Gammaproteobacteria; o__Pasteurellales; f__Pasteurellaceae; g__Haemophilus; s__Haemophilus_parainfluenzae	0.7163307868793758
4920921826a9b3710f3acd67d6eb58e7	d__Bacteria; p__Bacteroidota; c__Bacteroidia; o__Cytophagales; f__Cytophagaceae; g__Rhodocytophaga; s__uncultured_bacterium	0.9130921486785242
9ae7c70cd6c1bcba4010154d311287a0	d__Bacteria; p__Proteobacteria; c__Alphaproteobacteria; o__Acetobacterales; f__Acetobacteraceae; g__Belnapia; s__uncultured_bacterium	0.8942692111243377
67412b3ff829491b57099f0390465d01	d__Bacteria; p__Proteobacteria; c__Gammaproteobacteria; o__Pseudomonadales; f__Moraxellaceae; g__Enhydrobacter	0.8268403656792844
f3a8a4fcaf8c2cef46f5bf3176df7ea2	d__Bacteria; p__Firmicutes; c__Bacilli; o__Bacillales; f__Planococcaceae; g__Bhargavaea	0.9901948646708395
56508e8eede2b75e25db6a944cfbc05b	d__Eukaryota; p__Ascomycota; c__Leotiomycetes; o__Helotiales	0.7547575154079933
a44ea3e8ed4b19079050a68c49c77b36	d__Bacteria; p__Proteobacteria; c__Alphaproteobacteria; o__Sphingomonadales; f__Sphingomonadaceae; g__Sphingopyxis	0.9998130004277574
3307b8b053544681e9e9ec7be646fc68	d__Bacteria; p__Proteobacteria; c__Gammaproteobacteria; o__Burkholderiales; f__Burkholderiaceae; g__Ralstonia	0.9924103518987414
2b10aa7f554e4b850d87542443106b9a	d__Eukaryota; p__Ascomycota; c__Eurotiomycetes; o__Chaetothyriales; f__Herpotrichiellaceae	0.8695418072638287
84e7f7abce5fa765274f5618c449f0ac	d__Bacteria; p__Actinobacteriota; c__Actinobacteria; o__Corynebacteriales; f__Corynebacteriaceae; g__Corynebacterium	0.9977379848409701
74dc224e78773b3158087ca492d2f8a4	d__Bacteria; p__Firmicutes; c__Bacilli; o__Staphylococcales; f__Staphylococcaceae; g__Staphylococcus	0.9999886197149266
65c175e3ed2692f51878209641680ff8	d__Bacteria; p__Proteobacteria; c__Gammaproteobacteria; o__Burkholderiales; f__Neisseriaceae; g__Neisseria	0.9999124375132145
bd7fd83f7609bd39092e4eee0a41cbf8	d__Bacteria; p__Proteobacteria; c__Gammaproteobacteria; o__Burkholderiales; f__Nitrosomonadaceae; g__IS-44; s__metagenome	0.8087985733675515
99950468e53db9671784c0a705118883	d__Eukaryota; p__Basidiomycota; c__Malasseziomycetes; o__Malasseziales; f__Malasseziaceae; g__Malassezia	0.9999999742038329
c24f94041a4680219cf435c7ecbc451e	d__Bacteria; p__Bacteroidota; c__Bacteroidia; o__Bacteroidales; f__Prevotellaceae; g__Prevotella; s__Prevotella_oulorum	0.9997784258469644
592145dd017bac98554e922a12c62a20	d__Bacteria; p__Firmicutes; c__Clostridia; o__Lachnospirales; f__Lachnospiraceae; g__Blautia	0.9987663206182882
d0d104f10394884583a2f42fe2b0eb4e	d__Eukaryota; p__Ascomycota; c__Saccharomycetes; o__Saccharomycetales; f__Saccharomycetaceae; g__Kazachstania; s__Kazachstania_servazzii	0.911995759685791
ef266f3dd5da72e6a145eac9933f03bf	d__Bacteria; p__Firmicutes; c__Clostridia; o__Lachnospirales; f__Lachnospiraceae; g__[Eubacterium]_hallii_group	0.999999889479893
575600eac79077d8be22385100e02ba9	d__Bacteria; p__Proteobacteria; c__Alphaproteobacteria; o__Rhizobiales; f__Devosiaceae; g__Devosia	0.9084602878585248
a6d1a52679e7297ac939d3909313bd2b	d__Bacteria; p__Proteobacteria; c__Gammaproteobacteria; o__Pasteurellales; f__Pasteurellaceae; g__Haemophilus; s__Haemophilus_pittmaniae	0.7171624842285731
be131885199c1b34c15286a32f73f762	d__Bacteria; p__Proteobacteria; c__Gammaproteobacteria; o__Pseudomonadales; f__Moraxellaceae; g__Acinetobacter	0.9959663126464625
983b1fdcc5b4cdf9a34951c6115c8988	d__Bacteria; p__Firmicutes; c__Clostridia; o__Peptostreptococcales-Tissierellales; f__Peptostreptococcales-Tissierellales; g__Anaerococcus	0.9999999999994441
e0f7dbe773177f50db28b6cf5b0d92e5	d__Bacteria; p__Proteobacteria; c__Alphaproteobacteria; o__Rhodobacterales; f__Rhodobacteraceae; g__Paracoccus	0.9992979862868331
83a22e6ab0df87993c20f23bbc75cdde	d__Bacteria; p__Actinobacteriota; c__Actinobacteria; o__Frankiales; f__Geodermatophilaceae; g__Geodermatophilus	0.9661248554603317
e323002a1bbbbe1965446510d952d6f0	d__Bacteria; p__Actinobacteriota; c__Acidimicrobiia; o__IMCC26256; f__IMCC26256; g__IMCC26256	0.9999998084989701
e92aebc1787ec4dff86ad1cc0eb4c22b	d__Bacteria; p__Proteobacteria; c__Alphaproteobacteria; o__Acetobacterales; f__Acetobacteraceae; g__Roseomonas; s__uncultured_bacterium	0.887094734991211
d47ecdc32610e05c47edcc6f9ee3dad5	d__Bacteria; p__Actinobacteriota; c__Actinobacteria; o__Frankiales; f__Sporichthyaceae; g__uncultured; s__uncultured_bacterium	0.9841167676890271
cdfdef7ba0bfaead12c43f4fd49114fc	d__Bacteria; p__Proteobacteria; c__Gammaproteobacteria; o__Burkholderiales; f__Burkholderiaceae; g__Ralstonia	0.9900895959106996
c64b055f24a2c040d227402cbad73306	d__Bacteria; p__Actinobacteriota; c__Actinobacteria; o__Micrococcales; f__Microbacteriaceae; g__Curtobacterium	0.7957730084402201
21c96bcaff26bcf2f82b5dfebfa2979d	d__Bacteria; p__Cyanobacteria; c__Cyanobacteriia; o__Chloroplast; f__Chloroplast; g__Chloroplast	0.9999999999995383
6f5e1dc8df6bf0a18f778499e73301d0	d__Bacteria; p__Actinobacteriota; c__Actinobacteria; o__Propionibacteriales; f__Propionibacteriaceae; g__Cutibacterium	0.9998505661266088
532b25eb5d7ac9501b7d6c7a8a6b8f6f	d__Bacteria; p__Actinobacteriota; c__Actinobacteria; o__Corynebacteriales; f__Corynebacteriaceae; g__Corynebacterium	0.9999998668961023
2cbcca6fe4ff9c9bb326c2dcece7c494	d__Bacteria; p__Actinobacteriota; c__Actinobacteria; o__Pseudonocardiales; f__Pseudonocardiaceae	0.9698366565987632
9655c2444665e43f915d8c63feaf33c0	d__Bacteria; p__Proteobacteria; c__Gammaproteobacteria; o__Pseudomonadales; f__Pseudomonadaceae; g__Pseudomonas	0.9979183722428784
8c269b53dc3376c27ca41ed9ba645f53	d__Eukaryota; p__Basidiomycota; c__Malasseziomycetes; o__Malasseziales; f__Malasseziaceae; g__Malassezia; s__Malassezia_pachydermatis	0.9999964791974513
723bf04c6b506cd78247d41283fabf3c	d__Bacteria; p__Firmicutes; c__Bacilli; o__Staphylococcales; f__Staphylococcaceae; g__Staphylococcus	0.9999415181473972
2bd00bd6712b3733183864d76d4de9c9	d__Bacteria; p__Firmicutes; c__Clostridia; o__Lachnospirales; f__Lachnospiraceae; g__Lachnoclostridium; s__unidentified	0.973038604614338
c300fb45498a40fad34af7a29889a2bd	d__Bacteria; p__Actinobacteriota; c__Actinobacteria; o__Micrococcales; f__Microbacteriaceae	0.9995856504180719
c05bb56c38c97d045f26bd117db32f71	d__Bacteria; p__Proteobacteria; c__Alphaproteobacteria; o__Sphingomonadales; f__Sphingomonadaceae; g__Sphingobium; s__Sphingobium_amiense	0.7079547125259752
ab33ec35b5bc263139e340ae94597689	d__Bacteria; p__Firmicutes; c__Bacilli; o__Staphylococcales; f__Staphylococcaceae; g__Macrococcus	0.9873983885641424
a9a78b33776aa7e81b84e3429da9fdc6	d__Eukaryota; p__Phragmoplastophyta; c__Embryophyta; o__Magnoliophyta; f__Magnoliophyta; g__Magnoliophyta; s__Brassica_juncea	0.715766674173241
fe3790b8ccce40ec8092cfaa3a2f0dbe	d__Bacteria; p__Acidobacteriota; c__Blastocatellia; o__11-24; f__11-24; g__11-24; s__uncultured_bacterium	0.8028338639235394
39121d87480e1c81de7f60b8a8f30869	d__Bacteria; p__Bacteroidota; c__Bacteroidia; o__Cytophagales; f__Flammeovirgaceae; g__Luteivirga; s__uncultured_Bacteroidetes	0.9999978279272028
95b1eef3b30efb1a7bdac806308532da	d__Bacteria; p__Proteobacteria; c__Alphaproteobacteria; o__Reyranellales; f__Reyranellaceae; g__Reyranella	0.9999999994580123
7abc27205a7ad79a46adeeda1be63917	d__Bacteria; p__Actinobacteriota; c__Actinobacteria; o__Corynebacteriales; f__Mycobacteriaceae; g__Mycobacterium	0.9999999931007442
a8fe7f933677be89525f79f86e10efe2	d__Eukaryota; p__Basidiomycota; c__Exobasidiomycetes; o__Exobasidiales; f__Brachybasidiaceae; g__Meira; s__Meira_geulakonigii	0.9723273322845691
38d0d86f02ec6e5b451de37fe404a32f	d__Eukaryota; p__Ascomycota; c__Dothideomycetes	0.9907233218850461
a47e8df1c7d96bed90704f16265ee0dd	d__Bacteria; p__Proteobacteria; c__Gammaproteobacteria; o__Alteromonadales; f__Alteromonadaceae; g__Rheinheimera	0.9999923349181663
0e223ce70bfe9f6104f2fc3fd2c6acf6	d__Bacteria; p__Bacteroidota; c__Bacteroidia; o__Cytophagales; f__Hymenobacteraceae; g__Hymenobacter	0.9999999999686453
e1d759d20abead665411d022ca311f14	d__Bacteria; p__Actinobacteriota; c__Actinobacteria; o__Corynebacteriales; f__Corynebacteriaceae; g__Corynebacterium	0.9967663172005484
6e523742e458ac9f0dc0a6063ae08fe8	d__Bacteria; p__Actinobacteriota; c__Thermoleophilia; o__Solirubrobacterales; f__67-14; g__67-14	0.9963032682710062
7b974a7f6e66b3a6ee45633549d6d316	d__Bacteria; p__Proteobacteria; c__Gammaproteobacteria; o__Burkholderiales; f__Aquaspirillaceae; g__Aquaspirillum; s__Aquaspirillum_sp.	0.9998763800789567
184e186c142b316de010383a283861f0	d__Eukaryota; p__Basidiomycota; c__Microbotryomycetes; o__Sporidiobolales; f__Sporidiobolaceae; g__Rhodotorula; s__Rhodotorula_glutinis	0.9383087504208805
e358785dbe83fd76d0fd7587b70296c9	d__Bacteria; p__Firmicutes; c__Bacilli; o__Lactobacillales; f__Leuconostocaceae; g__Leuconostoc	0.9999999534400367
d7e56dfbaf414f85ae3889263de2d922	d__Bacteria; p__Actinobacteriota; c__Actinobacteria; o__Propionibacteriales; f__Nocardioidaceae; g__Marmoricola	0.9900331768870676
299d1542d16950355ac622b8cac3fb40	d__Bacteria; p__Actinobacteriota; c__Actinobacteria; o__Corynebacteriales; f__Corynebacteriaceae; g__Corynebacterium	0.9916832428414526
656ed43821036332ad0109ad45207c1d	d__Bacteria; p__Proteobacteria; c__Gammaproteobacteria; o__Burkholderiales; f__Comamonadaceae; g__Comamonas; s__Comamonas_koreensis	0.7335829923971199
2f13330fc18fedd77fdc436c23b86cab	d__Bacteria; p__Proteobacteria; c__Alphaproteobacteria; o__Rhodobacterales; f__Rhodobacteraceae; g__Paracoccus	0.9611725157646869
c6c239de2917b718f1a4c256ead24593	d__Bacteria; p__Actinobacteriota; c__Actinobacteria; o__Micrococcales; f__Microbacteriaceae; g__Curtobacterium	0.7964376022423415
cc5811d0d179ffd1e1aa27a97348c261	d__Bacteria; p__Actinobacteriota; c__Actinobacteria; o__Corynebacteriales; f__Corynebacteriaceae; g__Corynebacterium	0.9969493614166609
628b7b98c858e1d65f184d6290051f39	d__Bacteria; p__Firmicutes; c__Bacilli; o__Lactobacillales; f__Streptococcaceae; g__Streptococcus	0.9999907814039559
3cfbb5539b688992acb21e49e654286a	d__Bacteria; p__Firmicutes; c__Bacilli; o__Staphylococcales; f__Staphylococcaceae; g__Staphylococcus	0.9972818948390743
b87154c9de38e5798dcd009c7f27ab17	d__Bacteria; p__Firmicutes; c__Clostridia; o__Oscillospirales; f__Ruminococcaceae; g__Faecalibacterium	0.9993187542584735
d9de57abc36cd3bba1308dbfd78929f2	d__Bacteria; p__Firmicutes; c__Bacilli; o__Staphylococcales; f__Staphylococcaceae; g__Staphylococcus	0.9997333030949392
df9e0eddaf90b31ad66c76f22c0c7df8	d__Bacteria; p__Proteobacteria; c__Alphaproteobacteria; o__Caulobacterales; f__Caulobacteraceae; g__uncultured	0.9825379757081526
b7ef27d4678c76d97a81598c4ace0029	d__Bacteria; p__Firmicutes; c__Negativicutes; o__Veillonellales-Selenomonadales; f__Veillonellaceae; g__Veillonella	0.9999999720119502
308c8b0873e1a1ab6510c6d0621bb28f	d__Bacteria; p__Actinobacteriota; c__Thermoleophilia; o__Solirubrobacterales; f__Solirubrobacteraceae; g__uncultured	0.7365703987055319
d56795d22968588dd79267bca598fd85	d__Bacteria; p__Firmicutes; c__Bacilli; o__Erysipelotrichales; f__Erysipelatoclostridiaceae; g__Erysipelotrichaceae_UCG-003	0.9999984967719853
f657363fee4fc170e421d36a393031b2	d__Bacteria; p__Proteobacteria; c__Gammaproteobacteria; o__Enterobacterales; f__Enterobacteriaceae	0.9153149642053955
e206b16bbbd4453c636caf8585932932	d__Eukaryota; p__Ascomycota; c__Eurotiomycetes; o__Eurotiales; f__Aspergillaceae; g__Aspergillus	0.8273937566328711
0e62035069774866b53886b6753c3d7f	d__Eukaryota; p__Phragmoplastophyta; c__Embryophyta; o__Magnoliophyta; f__Magnoliophyta; g__Magnoliophyta; s__Setaria_italica	0.7429508910605966
3a864d686294186498584b3634a388c8	d__Bacteria; p__Bacteroidota; c__Bacteroidia; o__Cytophagales; f__Hymenobacteraceae; g__Hymenobacter	0.9999999983886194
9fef82e0e346d0a2626bfd51d0fd1221	d__Bacteria; p__Proteobacteria; c__Alphaproteobacteria; o__Acetobacterales; f__Acetobacteraceae; g__Roseomonas; s__Roseomonas_gilardii	0.9119936190418941
62b1bdb7c2bb83bc4f49c2092e02d73e	d__Bacteria; p__Bacteroidota; c__Bacteroidia; o__Bacteroidales; f__Porphyromonadaceae; g__Porphyromonas; s__Porphyromonas_pasteri	0.7104522281499118
a98896cb941cf6808f673d5119df817f	d__Bacteria; p__Actinobacteriota; c__Actinobacteria; o__Bifidobacteriales; f__Bifidobacteriaceae; g__Gardnerella	0.9999819079698707
fdcb17d77ac8253fb9c473d5397ec037	d__Bacteria; p__Proteobacteria; c__Alphaproteobacteria; o__Rhizobiales; f__Devosiaceae; g__Devosia	0.8670823242835075
f3421f3578500b8d681957290e0b7be0	d__Bacteria; p__Proteobacteria; c__Gammaproteobacteria; o__JTB23; f__JTB23; g__JTB23; s__uncultured_bacterium	0.7309273836796016
f4783f4ff2e1879ebe26ceaa025f4e00	d__Bacteria; p__Firmicutes; c__Clostridia; o__Peptostreptococcales-Tissierellales; f__Peptostreptococcales-Tissierellales; g__Anaerococcus	0.9999999999998355
14cbc4d7bcfa34011fdd95a637be2294	d__Eukaryota; p__Basidiomycota; c__Malasseziomycetes; o__Malasseziales; f__Malasseziaceae; g__Malassezia; s__uncultured_Basidiomycota	0.812846906739229
a8ea57c95c5473945ec3bfdb5575f034	d__Bacteria; p__Actinobacteriota; c__Actinobacteria; o__Micrococcales; f__Microbacteriaceae; g__Pseudoclavibacter; s__Pseudoclavibacter_bifida	0.8566923556736897
63f06be56bb38213af7390bc591588dc	d__Bacteria; p__Proteobacteria; c__Gammaproteobacteria; o__Xanthomonadales; f__Xanthomonadaceae; g__Xanthomonas	0.9972356547486657
5ed3f2d6ef69eef796eccd78acd9169f	d__Bacteria; p__Proteobacteria; c__Gammaproteobacteria; o__Pasteurellales; f__Pasteurellaceae; g__Haemophilus	0.9061831621535584
e9e80952228cf4e543a36a2b976f1217	d__Eukaryota; p__Ascomycota; c__Saccharomycetes; o__Saccharomycetales; f__Debaryomycetaceae; g__Yamadazyma-Candida_clade; s__Yamadazyma_mexicana	0.954861886201853
77c425801bd52f5a17eea8ce38587f1f	d__Bacteria; p__Firmicutes; c__Bacilli; o__Acholeplasmatales; f__Acholeplasmataceae; g__Acholeplasma; s__Mycoplasma_feliminutum	0.9999999999909335
2396db190d5c56acbd5193af79dab24d	d__Bacteria; p__Proteobacteria; c__Alphaproteobacteria; o__Rhizobiales; f__Rhizobiaceae; g__Allorhizobium-Neorhizobium-Pararhizobium-Rhizobium	0.9802647574670019
9035953f7312ea5d6ad564655e187208	d__Bacteria; p__Firmicutes; c__Bacilli; o__Lactobacillales; f__Streptococcaceae; g__Lactococcus; s__Lactococcus_lactis	0.7772535313983233
e3be48b4c9156c19b15346f92b55e192	d__Bacteria; p__Bacteroidota; c__Bacteroidia; o__Chitinophagales; f__Chitinophagaceae; g__Niabella	0.9767728495837321
630d6c16a5ba3972bde28694de9be892	d__Bacteria; p__Abditibacteriota; c__Abditibacteria; o__Abditibacteriales; f__Abditibacteriaceae; g__Abditibacterium; s__metagenome	0.8745234556191357
34e6609afa0c98f5c20e5611ef72500b	d__Bacteria; p__Actinobacteriota; c__Actinobacteria; o__Propionibacteriales; f__Nocardioidaceae; g__Nocardioides	0.9978395214534644
050f190bd3a9bbf7940cdc27e7ab2296	d__Bacteria; p__Bacteroidota; c__Bacteroidia; o__Cytophagales; f__Spirosomaceae; g__Dyadobacter; s__Dyadobacter_sp.	0.9133077552313618
e23bfa6f26556bbac47a0a3ad4f8fb8a	d__Bacteria; p__Proteobacteria; c__Gammaproteobacteria; o__Pasteurellales; f__Pasteurellaceae; g__Haemophilus	0.953342465256148
415fffbda934a3dcddfe9e829918fbc6	d__Bacteria; p__Planctomycetota; c__Planctomycetes; o__Pirellulales; f__Pirellulaceae; g__uncultured; s__uncultured_bacterium	0.9900798337623824
55b4c6e84ad0a055a202906dda5931f1	d__Bacteria; p__Acidobacteriota; c__Thermoanaerobaculia; o__Thermoanaerobaculales; f__Thermoanaerobaculaceae; g__Subgroup_10; s__uncultured_soil	0.8579141262290138
b87f097c29d64113eb133b505e9d22c9	d__Bacteria; p__Firmicutes; c__Bacilli; o__Paenibacillales; f__Paenibacillaceae; g__Paenibacillus; s__Paenibacillus_beijingensis	0.8052742210296145
fc29391e3f50797f6d9adc22e81663d8	d__Bacteria; p__Acidobacteriota; c__Acidobacteriae; o__Bryobacterales; f__Bryobacteraceae; g__Bryobacter	0.9990775230471756
55894160d211538b089e98790317662b	d__Bacteria; p__Deinococcota; c__Deinococci; o__Deinococcales; f__Trueperaceae; g__Truepera	0.9999999999999946
f24c9b8fc74ff6fa2d4c151d541ce8fe	d__Bacteria; p__Deinococcota; c__Deinococci; o__Deinococcales; f__Deinococcaceae; g__Deinococcus; s__Deinococcus_wulumuqiensis	0.9906376389782158
e4ae0dc7c8569bb70b2a53ff0d6d4ae7	d__Bacteria; p__Actinobacteriota; c__Actinobacteria; o__Propionibacteriales; f__Nocardioidaceae; g__Nocardioides	0.9997404465273985
4d2a93770ecbc7cfa6a40a0a38b10730	d__Bacteria; p__Actinobacteriota; c__Actinobacteria; o__Frankiales; f__Geodermatophilaceae; g__Blastococcus; s__Blastococcus_aggregatus	0.7690277078997743
bade4bad9c842994ac830120ad2b51fa	d__Bacteria; p__Actinobacteriota; c__Actinobacteria; o__Micrococcales; f__Microbacteriaceae; g__Curtobacterium	0.7943063473452802
d636eb1d1597b29a1f65f275913e7ad3	d__Bacteria; p__Chloroflexi; c__Anaerolineae; o__SBR1031; f__SBR1031; g__SBR1031	0.9866589186741553
50e19ff483e8ce0b0d82435ce20c9874	d__Bacteria; p__Chloroflexi; c__Anaerolineae; o__SBR1031; f__A4b; g__A4b; s__uncultured_bacterium	0.996513366165725
6b953c607bb2273db63b146870f215e5	d__Bacteria; p__Proteobacteria; c__Gammaproteobacteria; o__Enterobacterales; f__Erwiniaceae	0.8886154711765157
ba79e9fac43ec823c17699b3a7139a84	d__Eukaryota; p__Basidiomycota; c__Cystobasidiomycetes; o__Erythrobasidiales; f__Erythrobasidiaceae; g__Erythrobasidium	0.9995838005785799
748d51b182306f1be731a4dc9ec0f96f	d__Bacteria; p__Proteobacteria; c__Alphaproteobacteria; o__Rhizobiales; f__Rhizobiaceae; g__Allorhizobium-Neorhizobium-Pararhizobium-Rhizobium	0.983483038089602
6006b103eb02ef38ddf02418a73a090f	d__Bacteria; p__Actinobacteriota; c__Actinobacteria; o__Propionibacteriales; f__Propionibacteriaceae; g__Cutibacterium	0.9999331491578631
07ac309db44a60d300a1a7b491180835	d__Bacteria; p__Bacteroidota; c__Bacteroidia; o__Flavobacteriales; f__Flavobacteriaceae; g__Vitellibacter; s__uncultured_bacterium	0.9697563969048418
1ddba7812cbac525d227066a7beaba97	d__Eukaryota; p__Basidiomycota; c__Wallemiomycetes; o__Wallemiales; f__Incertae_Sedis; g__Wallemia; s__Wallemia_ichthyophaga	0.856530797107335
4df75a91832bfb61edd9fc17ae0cefd9	d__Bacteria; p__Proteobacteria; c__Alphaproteobacteria; o__Rhizobiales; f__Beijerinckiaceae; g__uncultured; s__uncultured_soil	0.8417481638773519
0c0613686d938bef0b7ca00518334998	d__Archaea; p__Halobacterota; c__Halobacteria; o__Halobacterales; f__Haloferacaceae; g__Halogranum	0.9944798333048765
7a0e88268a8bb816f2a7ab3656aa0224	d__Bacteria; p__Actinobacteriota; c__Actinobacteria; o__Micrococcales; f__Microbacteriaceae	0.9998554811825728
089c905c84dc6262834c118544785bd4	d__Bacteria; p__Firmicutes; c__Clostridia; o__Clostridia; f__Hungateiclostridiaceae; g__Fastidiosipila; s__Fastidiosipila_sanguinis	0.9752467510520778
98aff0c104f5f8f0beb203e61b578320	d__Bacteria; p__Proteobacteria; c__Gammaproteobacteria; o__Burkholderiales; f__Comamonadaceae; g__Aquabacterium	0.979021143197691
6b389d870444e6dd5f4e5419d8b5d627	d__Bacteria; p__Actinobacteriota; c__Actinobacteria; o__Corynebacteriales; f__Corynebacteriaceae; g__Corynebacterium	0.9974887902599766
d11925c0b8936fea5dbfdff3e39648f4	d__Bacteria; p__Firmicutes; c__Bacilli; o__Bacillales; f__Planococcaceae; g__Sporosarcina; s__uncultured_bacterium	0.7906216919840213
525e7d9c1fae705877febff7cb95bbbb	d__Bacteria; p__Bacteroidota; c__Bacteroidia; o__Cytophagales; f__Hymenobacteraceae; g__Adhaeribacter	0.9999995148059349
406b5bf254bb5d4e186b313d4a15a238	d__Bacteria; p__Actinobacteriota; c__Actinobacteria; o__Micrococcales; f__Micrococcaceae; g__Rothia	0.9589767094522075
6716faddd2d514fbae9a3ac93d8cd4f9	d__Bacteria; p__Proteobacteria; c__Gammaproteobacteria; o__Burkholderiales; f__Neisseriaceae; g__Neisseria	0.7120955348708166
89b68acf820e699d12800d74d03076e1	d__Bacteria; p__Proteobacteria; c__Alphaproteobacteria; o__Rhodobacterales; f__Rhodobacteraceae; g__Paracoccus	0.9330476276816216
f03955340a8258c46121763d51722680	d__Bacteria; p__Firmicutes; c__Clostridia; o__Peptostreptococcales-Tissierellales; f__Peptostreptococcales-Tissierellales; g__Peptoniphilus	0.9999999999992423
5f0754938aa2c5ed4e3eb0be29aeaee9	d__Bacteria; p__Firmicutes; c__Clostridia; o__Lachnospirales; f__Lachnospiraceae; g__Blautia	0.9997829710833869
fc1d44040961a64e5b5fec973450d0cd	d__Bacteria; p__Proteobacteria; c__Gammaproteobacteria; o__Pseudomonadales; f__Moraxellaceae; g__Acinetobacter; s__Acinetobacter_ursingii	0.8306626521742118
6d75534c376b18752defc0b51c258c89	d__Bacteria; p__Proteobacteria; c__Alphaproteobacteria; o__Rhodobacterales; f__Rhodobacteraceae; g__Limibaculum; s__uncultured_bacterium	0.9964550384826268
3f77f4c2ba752294089a03fd0d802e81	d__Bacteria; p__Bacteroidota; c__Rhodothermia; o__Balneolales; f__Balneolaceae; g__uncultured	0.9978839796211542
5ca3835a6f378696ef3291e7f3752030	d__Bacteria; p__Bacteroidota; c__Rhodothermia; o__Balneolales; f__Balneolaceae; g__uncultured; s__uncultured_bacterium	0.7681153765626688
7c746c3da47cec30c69f6ac42f089a27	d__Bacteria; p__Proteobacteria; c__Gammaproteobacteria; o__Burkholderiales; f__Oxalobacteraceae; g__Massilia	0.9966786540894489
d3f1fbc2a236f13b6c96b0ad34afbc91	d__Bacteria; p__Firmicutes; c__Clostridia; o__Oscillospirales; f__Ruminococcaceae; g__Ruminococcus	0.7094651500062114
8477d019af93b3ae27d9c3f84929d432	d__Bacteria; p__Actinobacteriota; c__Actinobacteria; o__Pseudonocardiales; f__Pseudonocardiaceae; g__Pseudonocardia	0.9938994909704905
3889570ab4de72bf7bd9fc4de61f014c	d__Bacteria; p__Firmicutes; c__Clostridia; o__Peptostreptococcales-Tissierellales; f__Peptostreptococcales-Tissierellales; g__Murdochiella; s__Murdochiella_asaccharolytica	0.9021865725485808
a8de7c9edaf58a20d86432ea7301b383	d__Bacteria; p__Proteobacteria; c__Gammaproteobacteria; o__Pasteurellales; f__Pasteurellaceae; g__Haemophilus	0.9500079058796116
439b5fb6a56a7e8bf3fe7cfccbe534ba	d__Bacteria; p__Firmicutes; c__Bacilli; o__Lactobacillales; f__Streptococcaceae; g__Streptococcus	0.9998916982479238
f84bbc2b8ac189da7518081f43263890	d__Bacteria; p__Bacteroidota; c__Bacteroidia; o__Bacteroidales; f__Prevotellaceae; g__Alloprevotella; s__uncultured_Bacteroidetes	0.7079492773357986
f3559add7884215ef93c22c14cb60b62	d__Bacteria; p__Proteobacteria; c__Gammaproteobacteria; o__Burkholderiales; f__Comamonadaceae; g__Ramlibacter	0.8639869741118111
3e829040584f24c0b4b998ca5a8e69e9	Unassigned	0.38248642325125737
57aa61392c405a2e29f822b0e0cf2ce1	d__Eukaryota; p__Ascomycota; c__Sordariomycetes; o__Sordariales; f__Chaetomiaceae; g__Chaetomium; s__uncultured_Madurella	0.9988791706536546
44165ea5b217bc126dc55d43ee2d20f6	d__Bacteria; p__Proteobacteria; c__Gammaproteobacteria; o__Enterobacterales	0.9999998154951598
cb424e340b0956a9f2dba17816dec773	d__Bacteria; p__Proteobacteria; c__Gammaproteobacteria; o__Burkholderiales; f__Burkholderiaceae; g__Burkholderia-Caballeronia-Paraburkholderia	0.9940395685603376
6b088de914f4aff3e60e2edaaca2f6ac	d__Bacteria; p__Cyanobacteria; c__Cyanobacteriia; o__Chloroplast; f__Chloroplast; g__Chloroplast	0.9999999999999974
122e39bb1aefb2a01b636759f62da9f4	d__Eukaryota; p__Basidiomycota; c__Cystobasidiomycetes; o__Incertae_Sedis; f__Incertae_Sedis; g__Symmetrospora; s__Symmetrospora_gracilis	0.8389113521353663
35f95af188cbba7c9cc25c0b01893185	d__Eukaryota; p__Vertebrata; c__Mammalia; o__Mammalia; f__Mammalia; g__Mammalia	0.9999998776276601
277a67617e2f5c94fa0b755dfc0ef5ad	d__Bacteria; p__Actinobacteriota; c__Actinobacteria; o__Propionibacteriales; f__Propionibacteriaceae; g__Cutibacterium	0.9839380505117904
230556360ff126fd726131f907e94e02	d__Bacteria; p__Actinobacteriota; c__Actinobacteria; o__Actinomycetales; f__Actinomycetaceae; g__F0332; s__uncultured_bacterium	0.8936658701322211
5674af25e885e9aef5f832b968dddb3f	d__Bacteria; p__Proteobacteria; c__Alphaproteobacteria; o__Sphingomonadales; f__Sphingomonadaceae; g__Sphingomonas	0.8785011221098206
11f10df2560cbd03d528956711050bfd	d__Bacteria; p__Actinobacteriota; c__Actinobacteria; o__Actinomycetales; f__Actinomycetaceae; g__Actinomyces	0.9999999887043449
439c2c71e2c30d7ec1c51f7b73a746a8	d__Bacteria; p__Firmicutes; c__Bacilli; o__Staphylococcales; f__Staphylococcaceae; g__Staphylococcus	0.9996176229890776
0d5d396cda9206f29cc91d66233afa09	d__Bacteria; p__Actinobacteriota; c__Actinobacteria; o__Propionibacteriales; f__Propionibacteriaceae; g__Friedmanniella	0.9991482070608175
cbbacfbc23d7bfa3a2d958eff2b3c83d	d__Bacteria; p__Proteobacteria; c__Gammaproteobacteria; o__Pseudomonadales; f__Moraxellaceae; g__Acinetobacter	0.9963963093717171
47b3564ee17f346b8279ab5213fa7706	d__Bacteria; p__Proteobacteria; c__Gammaproteobacteria; o__Burkholderiales; f__Comamonadaceae; g__Comamonas	0.7327319861064878
ea2b0b336986b2d3d5b5b19f6efbe7ab	d__Bacteria; p__Proteobacteria; c__Alphaproteobacteria; o__Azospirillales; f__Azospirillaceae; g__Skermanella	0.9999534497091894
cf899f5a6781ca4e3e0d317151571937	d__Bacteria; p__Actinobacteriota; c__Acidimicrobiia; o__Actinomarinales; f__uncultured; g__uncultured	0.9998628175120036
592432e277c4f1aaddd8d4e4eaf3e752	d__Bacteria; p__Proteobacteria; c__Gammaproteobacteria; o__Pseudomonadales; f__Pseudomonadaceae; g__Pseudomonas	0.9993040244134058
c51cf019f50f223f608e189c33d9e4ae	d__Bacteria; p__Firmicutes; c__Bacilli; o__Lactobacillales; f__Streptococcaceae; g__Streptococcus	0.9999993962578995
0820ef2775318f925934c3c30021b2e8	d__Bacteria; p__Proteobacteria; c__Gammaproteobacteria; o__Xanthomonadales; f__Xanthomonadaceae; g__Stenotrophomonas	0.9999971170673309
e0de7e48e3866b6bd9ba49c68258e297	d__Bacteria; p__Bacteroidota; c__Bacteroidia; o__Bacteroidales; f__Porphyromonadaceae; g__Porphyromonas; s__Porphyromonas_sp.	0.9976657423711898
81180f094d88ad8f5c83cbf8188b5211	d__Bacteria; p__Proteobacteria; c__Alphaproteobacteria; o__Sphingomonadales; f__Sphingomonadaceae; g__Sphingomonas	0.9917893022973661
af147f777fc64b05ba2d170d9b414b77	d__Bacteria; p__Proteobacteria; c__Alphaproteobacteria; o__Rhizobiales; f__Beijerinckiaceae; g__uncultured	0.9431362077890032
66dd6632400ec4e7bd4c475401e6eb28	d__Bacteria; p__Actinobacteriota; c__Actinobacteria	0.9999999934348259
fbb635e2b86ed9313a6f532c8ded0970	d__Bacteria; p__Proteobacteria; c__Alphaproteobacteria; o__Rhizobiales; f__Rhizobiaceae; g__Phyllobacterium	0.9048196381269845
5e869a12c45a291ce57bb53109881b2f	d__Bacteria; p__Firmicutes; c__Bacilli; o__Staphylococcales; f__Staphylococcaceae; g__Staphylococcus	0.9997900651696611
bf3b5c318f389c40e06c8463ad7fd3bb	d__Bacteria; p__Firmicutes; c__Bacilli; o__Bacillales; f__Bacillaceae; g__Bacillus	0.9990667440381523
f026b779dae48f76db129e850241172b	d__Bacteria; p__Bacteroidota; c__Bacteroidia; o__Bacteroidales; f__Prevotellaceae; g__Prevotella; s__Prevotella_corporis	0.9999988985004178
ac0eed8bf16dfe751a938b3be28e64dd	d__Bacteria; p__Actinobacteriota; c__Actinobacteria; o__Frankiales; f__Geodermatophilaceae; g__Geodermatophilus	0.8881402347525542
75ff5e0448291e81e689778ae1a88a76	d__Bacteria; p__Bacteroidota; c__Bacteroidia; o__Bacteroidales; f__Prevotellaceae; g__Prevotella; s__Prevotella_denticola	0.9989002883354465
e9d4d45789b9edcc7e722ffd1362f752	d__Bacteria; p__Fusobacteriota; c__Fusobacteriia; o__Fusobacteriales; f__Fusobacteriaceae; g__Fusobacterium	0.9999999999638379
f3f511f371bd22c2d1bef29573e40f19	d__Bacteria; p__Actinobacteriota; c__Actinobacteria; o__Propionibacteriales; f__Propionibacteriaceae; g__Cutibacterium	0.9998053413724
2a4857b7e8d8a5e5096794c576f004c4	d__Bacteria; p__Firmicutes; c__Negativicutes; o__Veillonellales-Selenomonadales; f__Selenomonadaceae; g__Selenomonas	0.9983301364858432
f506637474e175cea5042e58c691c349	d__Bacteria; p__Firmicutes; c__Clostridia; o__Peptostreptococcales-Tissierellales; f__Peptostreptococcales-Tissierellales; g__Ezakiella	0.9999999999994952
ceedf7f5fb018f953b723ed51157e80a	d__Eukaryota; p__Basidiomycota; c__Tremellomycetes; o__Filobasidiales; f__Filobasidiaceae; g__uncultured; s__uncultured_fungus	0.8071443645661521
be7a08cf82e963ccaadfed2b9190c6d8	d__Bacteria; p__Actinobacteriota; c__Actinobacteria; o__Micrococcales; f__Microbacteriaceae; g__Curtobacterium	0.7944835435490015
83e8822a9f0fd96d0dadb1ca67c54fd9	d__Bacteria; p__Bacteroidota; c__Bacteroidia; o__Chitinophagales; f__Chitinophagaceae; g__Flavisolibacter; s__uncultured_Flavobacterium	0.9075907208576105
6b7e744486bfb7b7a26122cb858dba31	d__Bacteria; p__Bacteroidota; c__Bacteroidia; o__Cytophagales; f__Hymenobacteraceae; g__Pontibacter	0.9999999997976031
9bb5b547b6f10f03a30d33a9d1ca0645	d__Bacteria; p__Actinobacteriota; c__Actinobacteria; o__Frankiales; f__Nakamurellaceae; g__Nakamurella; s__Nakamurella_multipartita	0.8707644230932774
583047046f0e9d059213631dc460403c	d__Eukaryota; p__Basidiomycota; c__Malasseziomycetes; o__Malasseziales; f__Malasseziaceae; g__Malassezia	0.9999999910701974
a21c259190827f44b700a6e8fc899e7c	d__Bacteria; p__Proteobacteria; c__Alphaproteobacteria; o__Sphingomonadales; f__Sphingomonadaceae; g__Blastomonas	0.9858910913310656
c616d3e75a0abbf29bd2a68a90e31015	d__Bacteria; p__Firmicutes; c__Bacilli; o__Staphylococcales; f__Staphylococcaceae; g__Staphylococcus	0.9999519240332906
361a86f55fc477819fc63868b3d6aa6a	d__Bacteria; p__Firmicutes; c__Bacilli; o__Lactobacillales; f__Lactobacillaceae; g__Lactobacillus; s__Lactobacillus_jensenii	0.9755678379389843
9eedb9303dee0956654a46b5ca169b56	d__Bacteria; p__Proteobacteria; c__Alphaproteobacteria; o__Sphingomonadales; f__Sphingomonadaceae; g__Sphingobium	0.999998233210466
42c6c3deb665d08435f00a64c45515e5	d__Bacteria; p__Actinobacteriota; c__Actinobacteria; o__Propionibacteriales; f__Nocardioidaceae; g__Nocardioides	0.9938232849687065
5f976a317fd77ffde4600cab36d612fb	d__Bacteria; p__Proteobacteria; c__Gammaproteobacteria; o__Enterobacterales; f__Enterobacteriaceae	0.9045326056438128
fa47c3aee871c42ad6b924b7fbebd239	d__Bacteria; p__Actinobacteriota; c__Actinobacteria; o__Corynebacteriales; f__Corynebacteriaceae; g__Corynebacterium	0.9999255518703457
83b069067d106046303ba8ffa03c08b8	d__Bacteria; p__Proteobacteria	0.7411504584389556
7bffb7afe474a0f274437a1d04571b02	d__Bacteria; p__Firmicutes; c__Clostridia; o__Peptostreptococcales-Tissierellales; f__Peptostreptococcales-Tissierellales; g__Peptoniphilus	0.999999999996942
1e9d5462db6b4fb983aed76e685462ff	d__Bacteria; p__Proteobacteria; c__Alphaproteobacteria; o__Tistrellales; f__Geminicoccaceae; g__Geminicoccus; s__uncultured_bacterium	0.9990056950394922
6e2fc6f0e1777677231e35f1cff077c2	d__Bacteria; p__Firmicutes; c__Clostridia; o__Lachnospirales; f__Lachnospiraceae; g__[Eubacterium]_hallii_group	0.9999998084149063
819fe9c1205fc207ae9648a76cde0097	d__Bacteria; p__Actinobacteriota; c__Actinobacteria; o__Corynebacteriales; f__Corynebacteriaceae; g__Corynebacterium	0.9964476833602441
eb0b16556cd18694dafd71809f0d75ca	d__Bacteria; p__Planctomycetota; c__Phycisphaerae; o__Phycisphaerales; f__Phycisphaeraceae; g__Algisphaera; s__uncultured_bacterium	0.7185400120867511
2f8086bebe091ffe330d560d6f4d6a93	d__Bacteria; p__Actinobacteriota; c__Actinobacteria; o__Propionibacteriales; f__Propionibacteriaceae; g__Cutibacterium	0.9999697588837393
1ebcb176bd9f21472ad402e80ed1552d	d__Bacteria; p__Firmicutes; c__Bacilli; o__Staphylococcales; f__Staphylococcaceae; g__Staphylococcus	0.9999874905459052
c8fc75fec63dea558400c2c229129b81	d__Eukaryota; p__Ascomycota; c__Dothideomycetes; o__Pleosporales	0.9982685661326656
6c68e3f656770872a44b775b8186ddbe	d__Eukaryota; p__Ascomycota; c__Eurotiomycetes; o__Eurotiales; f__Aspergillaceae	0.9930528478825905
9b598f718cf16ef9a814ea04c250707c	d__Bacteria; p__Actinobacteriota; c__Actinobacteria; o__Frankiales; f__Geodermatophilaceae; g__Modestobacter	0.99943716358055
d1c11bbec9733f99670d18dd97d00796	d__Bacteria; p__Firmicutes; c__Negativicutes; o__Veillonellales-Selenomonadales; f__Veillonellaceae; g__Dialister; s__uncultured_bacterium	0.9683212507357191
6c7a2611f871daae51c321da712c4401	d__Eukaryota; p__Ascomycota; c__Dothideomycetes; o__Capnodiales; f__Cladosporiaceae; g__Cladosporium	0.9261446173962007
c36a0fc0fa193ec21b58dbd8108c6977	d__Bacteria; p__Proteobacteria; c__Gammaproteobacteria; o__Pseudomonadales; f__Pseudomonadaceae; g__Pseudomonas	0.9138203068541684
a19875fb249a4d852cfdd6851699ffc0	d__Bacteria; p__Firmicutes; c__Clostridia; o__Lachnospirales; f__Lachnospiraceae; g__Dorea; s__uncultured_bacterium	0.8375579784959718
087f4737852f86247ef874b743a9668e	d__Bacteria; p__Actinobacteriota; c__Thermoleophilia; o__Gaiellales	0.999999996214094
b825974e90f1c8e0e944e896862d9bb6	d__Bacteria; p__Actinobacteriota; c__Actinobacteria; o__Micrococcales; f__Cellulomonadaceae; g__Cellulomonas	0.9959859673366909
76800ab30b50c55d2c0664d2b07a10c2	d__Bacteria; p__Cyanobacteria; c__Cyanobacteriia; o__Chloroplast; f__Chloroplast; g__Chloroplast	0.9999999999998894
afa4230d2d2fbcf9aa5370ab2b1855c6	d__Bacteria; p__Bdellovibrionota; c__Bdellovibrionia; o__Bdellovibrionales; f__Bdellovibrionaceae; g__Bdellovibrio; s__metagenome	0.9575680009872184
52498ed904954432e65a787fc071c525	d__Eukaryota; p__Phragmoplastophyta; c__Embryophyta; o__Pinophyta; f__Pinophyta; g__Pinophyta	0.9999997664552454
b570d6bc5fed06fd2f098945c275e8cb	d__Archaea; p__Crenarchaeota; c__Nitrososphaeria; o__Nitrososphaerales; f__Nitrososphaeraceae; g__Candidatus_Nitrocosmicus	0.9652488640763446
72deda546e2990f8770cae5008eceaab	d__Bacteria; p__Actinobacteriota; c__Actinobacteria; o__Propionibacteriales; f__Propionibacteriaceae; g__Cutibacterium	0.9996660083144301
c634f5fc1926c65612a316ddbea8fe89	d__Bacteria; p__Proteobacteria; c__Gammaproteobacteria; o__Xanthomonadales; f__Xanthomonadaceae; g__Luteimonas	0.9999071975830364
624cba6c4084a40e53f464cd1b8a1b7c	d__Bacteria; p__Firmicutes; c__Negativicutes; o__Veillonellales-Selenomonadales; f__Selenomonadaceae; g__Centipeda; s__uncultured_bacterium	0.8734043803451181
6d75fc192c31eb512141ffd0b6e31d63	d__Bacteria; p__Actinobacteriota; c__Actinobacteria; o__Propionibacteriales; f__Propionibacteriaceae; g__Cutibacterium	0.9998433961796874
f96f2660b9cb36ae09a28df246bdcaac	d__Bacteria; p__Actinobacteriota; c__Actinobacteria; o__Propionibacteriales; f__Propionibacteriaceae; g__Cutibacterium	0.9999691925689652
7d02049608e08fd08fbfae23d6bb561f	d__Bacteria; p__Fusobacteriota; c__Fusobacteriia; o__Fusobacteriales; f__Leptotrichiaceae; g__Leptotrichia	0.9999999999276602
a3878d601b63a2b206294aa3f4e6440e	d__Bacteria; p__Actinobacteriota; c__Actinobacteria; o__Micrococcales; f__Micrococcaceae; g__Micrococcus	0.9936424445639178
e21c9fcc4e1e537cd1ed85693b921661	d__Bacteria; p__Firmicutes; c__Clostridia; o__Peptostreptococcales-Tissierellales; f__Peptostreptococcales-Tissierellales; g__Finegoldia; s__Finegoldia_magna	0.7347636251524187
eecc103dc6a32e5c80cd9921ba18bdf4	d__Bacteria; p__Proteobacteria; c__Gammaproteobacteria; o__Burkholderiales; f__Comamonadaceae	0.9999822065238682
9a807291a051cd5926f28997fe4d629c	d__Bacteria; p__Actinobacteriota; c__Actinobacteria; o__Micrococcales; f__Micrococcaceae; g__Rothia	0.999896190486995
c2e3ea724087ed50bf0e1be093ddb22b	d__Bacteria; p__Chloroflexi; c__Chloroflexia; o__Kallotenuales; f__AKIW781; g__AKIW781; s__uncultured_bacterium	0.9998181186192258
e7de88951cc4ffddf066c81d5e635ec7	d__Bacteria; p__Actinobacteriota; c__Actinobacteria; o__Corynebacteriales; f__Mycobacteriaceae; g__Mycobacterium	0.9999998987621705
7da31353f63bd357c76f3b949de56cb3	d__Bacteria; p__Proteobacteria; c__Alphaproteobacteria; o__Rhizobiales; f__Stappiaceae; g__Agaricicola; s__Agaricicola_taiwanensis	0.9993429457107796
6b317c8aa3afb82c26411637a93420b9	d__Bacteria; p__Proteobacteria; c__Alphaproteobacteria; o__Azospirillales; f__Azospirillaceae; g__Azospirillum	0.9999999640515366
02f6fcc9b62098f0f7f78841459f7385	d__Bacteria; p__Planctomycetota; c__Planctomycetes; o__Planctomycetales; f__Rubinisphaeraceae; g__SH-PL14; s__uncultured_Planctomycetaceae	0.8188619471047645
383e631243495b2a5ddf9c1a9e197c66	d__Bacteria; p__Proteobacteria; c__Gammaproteobacteria; o__Pseudomonadales; f__Pseudomonadaceae; g__Pseudomonas	0.9977979052635804
760919de88c59cb5522fe69e94ac1958	d__Bacteria; p__Proteobacteria; c__Alphaproteobacteria; o__Rhodobacterales; f__Rhodobacteraceae; g__Falsirhodobacter	0.8253275180356437
35fcc0f6065db0fd447ec8c35ad3b9ed	d__Bacteria; p__Proteobacteria; c__Alphaproteobacteria; o__Sphingomonadales; f__Sphingomonadaceae; g__Sphingomonas	0.9741086783993581
b920c162c414c759ff72939d79f9d65b	d__Bacteria; p__Fusobacteriota; c__Fusobacteriia; o__Fusobacteriales; f__Leptotrichiaceae; g__Leptotrichia; s__Leptotrichia_sp.	0.9998400830426865
9109585eb511cea78765fa713c196227	d__Bacteria; p__Fusobacteriota; c__Fusobacteriia; o__Fusobacteriales; f__Leptotrichiaceae; g__Leptotrichia	0.9999999999993721
7ba3970a4214ab2bbac16278412cbd37	d__Bacteria; p__Proteobacteria; c__Gammaproteobacteria; o__Pseudomonadales; f__Pseudomonadaceae; g__Pseudomonas	0.9082625583325417
4e43233e64bb0bf1e7005f47a08b529d	d__Bacteria; p__Actinobacteriota; c__Actinobacteria; o__Propionibacteriales; f__Propionibacteriaceae; g__Propioniciclava	0.999854671735491
2a9c070f723455b48ebdf65b49c4a2a8	d__Bacteria; p__Firmicutes; c__Bacilli; o__Staphylococcales; f__Staphylococcaceae; g__Staphylococcus	0.9998908957878886
7117d1893bd4a21b072bacdd1f0c49ee	d__Bacteria; p__Firmicutes; c__Clostridia; o__Lachnospirales; f__Lachnospiraceae; g__Catonella; s__Catonella_sp.	0.9630533328133404
67b4224334592a489ed3628bf54ba440	d__Bacteria; p__Proteobacteria; c__Alphaproteobacteria; o__Sphingomonadales; f__Sphingomonadaceae; g__Sphingobium	0.9995171815040901
a69947a9fe49a6f928d914e2bc0d6dcf	d__Bacteria; p__Actinobacteriota; c__Actinobacteria; o__Bifidobacteriales; f__Bifidobacteriaceae; g__Gardnerella	0.9999732152772367
800aa5dc673ac7ca5e15b00481add245	d__Bacteria; p__Spirochaetota; c__Spirochaetia; o__Spirochaetales; f__Spirochaetaceae; g__Treponema; s__uncultured_bacterium	0.7916863036509036
b9732bb471f3432d60cd82766adda9a9	d__Bacteria; p__Bacteroidota; c__Bacteroidia; o__Chitinophagales; f__Chitinophagaceae; g__uncultured	0.97293662501002
a6dc4b8c164601a373d88032e6ae840e	d__Bacteria; p__Firmicutes; c__Bacilli; o__Lactobacillales; f__Streptococcaceae; g__Streptococcus	0.9999905352189271
fc2e9ae7f431d7b5d71a7f1ecdf8c18f	d__Bacteria; p__Sumerlaeota; c__Sumerlaeia; o__Sumerlaeales; f__Sumerlaeaceae; g__Sumerlaea; s__uncultured_Telmatobacter	0.971262402947329
e0ecb8d94e1cf83985a42989c7a39909	d__Bacteria; p__Firmicutes; c__Clostridia; o__Clostridia; f__Hungateiclostridiaceae; g__HN-HF0106; s__uncultured_bacterium	0.8382715763429375
2088dfe488bbf9b87d4266ca598152ab	d__Bacteria; p__Firmicutes; c__Bacilli; o__Lactobacillales; f__Streptococcaceae; g__Streptococcus	0.9997946605988584
e9a963cdb45ed83ddcb2768c7a626157	Unassigned	0.357170130022172
9f7390cade549659e2bfc779eddd1e39	d__Bacteria; p__Actinobacteriota; c__Actinobacteria; o__Micrococcales; f__Microbacteriaceae; g__Curtobacterium	0.7909061876779312
1b1ea4c1fca04347e5a635616b73b9cd	d__Eukaryota; p__Basidiomycota; c__Tremellomycetes; o__Filobasidiales; f__Filobasidiaceae; g__Naganishia	0.9998936419579115
5c829140c7dc290b69e21f2409bd4759	d__Bacteria; p__Proteobacteria; c__Gammaproteobacteria; o__Enterobacterales; f__Enterobacteriaceae	0.9575598780140187
1a124c591cde5881122ad47736f7de2c	d__Bacteria; p__Nitrospirota; c__Nitrospiria; o__Nitrospirales; f__Nitrospiraceae; g__Nitrospira; s__uncultured_organism	0.8944306097492628
2c30db0872ae586eb582c9a25899e730	d__Bacteria; p__Actinobacteriota; c__Actinobacteria; o__Micrococcales; f__Micrococcaceae; g__Micrococcus	0.9960237694969563
9cbe660dbfccbefb2ac9e1a5f4df51bb	d__Bacteria; p__Proteobacteria; c__Alphaproteobacteria; o__Sphingomonadales; f__Sphingomonadaceae; g__Sphingobium	0.9993641619065283
869e339dcd230f2c781b187f98ce4f4f	d__Eukaryota; p__Phragmoplastophyta; c__Embryophyta; o__Pinophyta; f__Pinophyta; g__Pinophyta; s__Pinus_taeda	0.8895212145252134
a7188559cd9131da74706a001abc6915	d__Bacteria; p__Actinobacteriota; c__Actinobacteria; o__Micrococcales; f__Microbacteriaceae; g__Curtobacterium	0.8114621087530219
6bafcc1ae04c5c3055554e260e6b0574	d__Bacteria; p__Actinobacteriota; c__Actinobacteria; o__Micrococcales; f__Microbacteriaceae	0.9997491871479403
4eb5681b34294a8b67557a27d91d71f4	d__Bacteria; p__Deinococcota; c__Deinococci; o__Deinococcales; f__Deinococcaceae; g__Deinococcus	0.9999999999998904
234e3546420b3c3d3db81fd074655d94	d__Bacteria; p__Actinobacteriota; c__Thermoleophilia; o__Solirubrobacterales; f__67-14; g__67-14; s__uncultured_Rubrobacteria	0.9521487059099707
128d316af894681a613463c63c895bcf	d__Bacteria; p__Firmicutes; c__Negativicutes; o__Veillonellales-Selenomonadales; f__Veillonellaceae; g__Anaeroglobus; s__uncultured_organism	0.9407658311222487
1e192524a5e7f04f61cf4d3824c2827f	d__Bacteria; p__Actinobacteriota; c__Actinobacteria; o__Actinomycetales; f__Actinomycetaceae; g__Actinomyces	0.9999999990204745
fa12d20e0634222cf561c7bf4449b600	d__Bacteria; p__Chloroflexi; c__KD4-96; o__KD4-96; f__KD4-96; g__KD4-96; s__uncultured_Chloroflexi	0.9907986225471079
9116ef4c3c267caaeb4bfc52c137fca6	d__Bacteria; p__Firmicutes; c__Bacilli; o__Bacillales; f__Bacillaceae; g__uncultured	0.7328691588168912
7aa83cc007470d85e96d6412c2871d17	d__Eukaryota; p__Phragmoplastophyta; c__Embryophyta; o__Magnoliophyta; f__Magnoliophyta; g__Magnoliophyta	0.9472178233290175
cede094bb16bf1161e654efd8c043d27	d__Bacteria; p__Proteobacteria; c__Alphaproteobacteria; o__Rhizobiales; f__Devosiaceae; g__Devosia	0.9970673422849256
7596433dd55545a6148948eb2b369c6b	d__Eukaryota; p__Ascomycota; c__Dothideomycetes; o__Pleosporales	0.9995526317888338
8ace024241d2d0b0403796d15ed6976f	d__Bacteria; p__Firmicutes; c__Bacilli; o__Staphylococcales; f__Staphylococcaceae; g__Staphylococcus	0.9999869042342711
89b506e918172b86725479d5c58e384f	d__Bacteria; p__Actinobacteriota; c__Actinobacteria; o__Propionibacteriales; f__Propionibacteriaceae; g__Cutibacterium	0.9996157715956098
857ad226a4d2b68791b7397802217f21	d__Bacteria; p__Bacteroidota; c__Bacteroidia; o__Flavobacteriales; f__Flavobacteriaceae; g__Flavimarina; s__uncultured_Cytophaga	0.9979094636928234
2cb321f519385e9f7cc0329de2504668	d__Bacteria; p__Proteobacteria; c__Alphaproteobacteria; o__Sphingomonadales; f__Sphingomonadaceae	0.9833667990600106
6aacc2a2be233aed74b9455e6f55c31b	d__Bacteria; p__Firmicutes; c__Negativicutes; o__Acidaminococcales; f__Acidaminococcaceae; g__Phascolarctobacterium; s__Phascolarctobacterium_faecium	0.7951645872584749
899c17e47f850b41c17cabcb6620c4d7	d__Bacteria; p__Proteobacteria; c__Gammaproteobacteria; o__Burkholderiales; f__Burkholderiaceae; g__Ralstonia	0.9921691215039333
3f7e0f2d91ef0980e8cf41173ea8a6a6	d__Bacteria; p__Fusobacteriota; c__Fusobacteriia; o__Fusobacteriales; f__Fusobacteriaceae; g__Fusobacterium	0.9999999999490545
b11f68ed6b34034cea75729aacdba673	d__Bacteria; p__Actinobacteriota; c__Actinobacteria; o__Corynebacteriales; f__Corynebacteriaceae; g__Corynebacterium; s__Corynebacterium_guangdongense	0.977885671696471
1e8105cdd51f57feb217dc6349fcc22d	d__Bacteria; p__Firmicutes; c__Bacilli; o__Staphylococcales; f__Staphylococcaceae; g__Staphylococcus	0.9999177410476225
114dd2cb2f4bf3bc1d4e81d92e6aba4e	d__Bacteria; p__Actinobacteriota; c__Actinobacteria; o__Micrococcales; f__Micrococcaceae; g__Micrococcus	0.994559919145495
23eb445e32e69891f2ecee6c876dd554	d__Bacteria; p__Actinobacteriota; c__Coriobacteriia; o__Coriobacteriales; f__Atopobiaceae; g__Atopobium; s__Lancefieldella_rimae	0.8747504127364087
f9cb19009a2aa2a6424e605242890eef	d__Eukaryota; p__Phragmoplastophyta; c__Embryophyta; o__Pinophyta; f__Pinophyta; g__Pinophyta	0.9999999474420258
71506ab42e5654e4ea87d6c00988266b	Unassigned	0.34272419506927276
197a60e54a38250570b96e1618aaaed3	d__Bacteria; p__Actinobacteriota; c__Actinobacteria; o__Corynebacteriales; f__Corynebacteriaceae; g__Corynebacterium; s__Corynebacterium_imitans	0.8720559114297116
58661c49a75f9845eff88405553cf9d5	d__Bacteria; p__Actinobacteriota; c__Actinobacteria; o__Kineosporiales; f__Kineosporiaceae; g__Angustibacter; s__uncultured_bacterium	0.9245083325896518
e9dea6f6175eb5df8fb2788d78689e79	d__Bacteria; p__Proteobacteria; c__Alphaproteobacteria; o__Sphingomonadales; f__Sphingomonadaceae; g__Sphingomonas	0.9956212131417379
1d6b4cd4f7f71d58f8638caf7af85ded	d__Eukaryota; p__Ochrophyta; c__Chrysophyceae; o__Chromulinales; f__Chromulinales; g__uncultured; s__uncultured_marine	0.7836809632314976
d23e10d11e9a09330dbbc669d7976739	d__Bacteria; p__Gemmatimonadota; c__Longimicrobia; o__Longimicrobiales; f__Longimicrobiaceae; g__Longimicrobiaceae; s__uncultured_bacterium	0.9222304593394518
9f9d11bf3cb5bfcf16d24bbbb1398f38	d__Bacteria; p__Proteobacteria; c__Alphaproteobacteria; o__Acetobacterales; f__Acetobacteraceae; g__Craurococcus-Caldovatus; s__uncultured_bacterium	0.9961958108077329
d6ff55f7c0daaab963749ac75d2ad9ae	d__Bacteria; p__Chloroflexi; c__Chloroflexia; o__Kallotenuales; f__AKIW781; g__AKIW781; s__uncultured_bacterium	0.9995831745330455
067420b7b32b006ccfa37602d9ce4c25	d__Bacteria; p__Proteobacteria; c__Alphaproteobacteria; o__Rickettsiales; f__Rickettsiaceae; g__Candidatus_Megaira	0.9993575558741771
126a2747c4ade8ce1b889208f0c37cc9	d__Bacteria; p__Bacteroidota; c__Bacteroidia; o__Chitinophagales; f__Saprospiraceae; g__uncultured; s__metagenome	0.7626642228897196
c9872ee80be23625982c8f8f44db352b	d__Bacteria; p__Actinobacteriota; c__Actinobacteria; o__Propionibacteriales; f__Nocardioidaceae	0.9997860544196225
c451d3e020406b17158328ccd26316f3	d__Bacteria; p__Actinobacteriota; c__Actinobacteria; o__Micrococcales; f__Micrococcaceae; g__Micrococcus	0.9907544798051838
30284726f5f49aa36e05d5631c81de41	d__Bacteria; p__Proteobacteria; c__Alphaproteobacteria; o__Rhodobacterales; f__Rhodobacteraceae	0.9999991902732712
5d33a849b40849b7a7ac54b83297ffbb	d__Bacteria; p__Firmicutes; c__Bacilli; o__Bacillales; f__Bacillaceae; g__Bacillus	0.984384509415363
02a66146a5a3f8772decc9d7ddb8006c	d__Bacteria; p__Firmicutes; c__Clostridia; o__Oscillospirales; f__Oscillospiraceae; g__UCG-002	0.9991669075584328
6df9a876649ac2e336be874ed12f3726	d__Bacteria; p__Deinococcota; c__Deinococci; o__Deinococcales; f__Deinococcaceae; g__Deinococcus; s__uncultured_bacterium	0.8308135510232565
49cdc619da5c74e461c3d6f7920aa660	d__Bacteria; p__Actinobacteriota; c__Actinobacteria; o__Streptomycetales; f__Streptomycetaceae; g__Streptomyces	0.9996297593388148
c7c37ca53245ed7f63558728c64d7b19	Unassigned	0.3310787464305789
9d30654b14fbcdc047aed584e4a257de	d__Eukaryota; p__Basidiomycota; c__Malasseziomycetes; o__Malasseziales; f__Malasseziaceae; g__Malassezia	0.999999983735859
6aa195fe79bb1dfc1e4fe7cb7284eb04	d__Eukaryota; p__Vertebrata; c__Mammalia; o__Mammalia; f__Mammalia; g__Mammalia	0.9999998032862794
73723644618c63b47b2cd311b448056b	d__Bacteria; p__Firmicutes; c__Bacilli; o__Staphylococcales; f__Staphylococcaceae; g__Staphylococcus	0.9999021697909484
9c3541912ee82d53f106aff0bfa2ba75	d__Bacteria; p__Fusobacteriota; c__Fusobacteriia; o__Fusobacteriales; f__Leptotrichiaceae; g__Leptotrichia; s__Leptotrichia_shahii	0.9429936707112951
76a69df9da4392c81f1d3d08b23394e6	d__Bacteria; p__Proteobacteria; c__Alphaproteobacteria; o__Sphingomonadales; f__Sphingomonadaceae	0.9956810415253609
6b678e409b1b0ae07a4c9468bec100d9	d__Bacteria; p__Proteobacteria; c__Alphaproteobacteria; o__Rhizobiales; f__Rhizobiaceae; g__Allorhizobium-Neorhizobium-Pararhizobium-Rhizobium	0.9677690305290029
621eef0af3eb93d48fe19c8be66d948c	d__Eukaryota; p__Ascomycota; c__Saccharomycetes; o__Saccharomycetales; f__Pichiaceae; g__Pichia; s__Pichia_membranifaciens	0.950710467018258
d424019fdeff2ddffd08fad9ca136fcf	d__Bacteria; p__Proteobacteria; c__Alphaproteobacteria; o__Sphingomonadales; f__Sphingomonadaceae; g__Porphyrobacter	0.9234347025307895
f789979998a6d8f98412e6b639d713d3	d__Eukaryota; p__Basidiomycota; c__Agaricomycetes; o__Agaricales; f__Tricholomataceae; g__Cystostereum; s__Cystostereum_murrayi	0.9968570306319
7c9b68336efb134518d27fede50e4b99	d__Bacteria; p__Firmicutes; c__Bacilli; o__Lactobacillales; f__Streptococcaceae; g__Streptococcus	0.9999999076148158
efc4fb607abcc197eb6a35548b9e0968	d__Bacteria; p__Firmicutes; c__Bacilli; o__Bacillales; f__Bacillaceae; g__Bacillus	0.9882294948412415
13b16adfa12af7f6392a8e11205c8f9e	d__Bacteria; p__Proteobacteria; c__Gammaproteobacteria; o__Pseudomonadales; f__Moraxellaceae; g__Psychrobacter	0.9999995237125386
ed66cb5452428a2672f7aa66839e6036	d__Bacteria; p__Actinobacteriota; c__Actinobacteria; o__Pseudonocardiales; f__Pseudonocardiaceae; g__Pseudonocardia	0.9999223031866399
b91a07a63fbad8a6eff69de5a0acf4c3	d__Bacteria; p__Actinobacteriota; c__Actinobacteria; o__Micrococcales; f__Micrococcaceae; g__Rothia; s__Rothia_amarae	0.7695554482549628
06a1e006e1f8668c9cfeed10958771b0	d__Bacteria; p__Firmicutes; c__Clostridia; o__Peptostreptococcales-Tissierellales; f__Peptostreptococcales-Tissierellales; g__Anaerococcus	0.999999999999888
260b25d241f33a0b1e1958f192797808	d__Eukaryota; p__Basidiomycota; c__Microbotryomycetes; o__Sporidiobolales; f__Sporidiobolaceae; g__Rhodosporidiobolus; s__Rhodosporidiobolus_fluvialis	0.7199910927577349
3d1fdbb5771ee574941f23435ea7c794	d__Eukaryota; p__Basidiomycota; c__Exobasidiomycetes; o__Exobasidiales; f__Exobasidiales; g__Exobasidiales; s__Exobasidiales_sp.	0.9491742673909038
1ec8f5b43b1a7a1cbb375b02827a7733	d__Bacteria; p__Proteobacteria; c__Alphaproteobacteria; o__Rhizobiales; f__Xanthobacteraceae	0.9405723114030666
17d9a230a6987953ee28d4fe234e12e5	d__Bacteria; p__Proteobacteria; c__Alphaproteobacteria; o__Rickettsiales; f__Mitochondria; g__Mitochondria	0.9999999999999806
f23b1b08d49c95e5d9420f5c55359da8	d__Bacteria; p__Firmicutes; c__Bacilli; o__Lactobacillales; f__Streptococcaceae; g__Lactococcus	0.9999993221168362
7c822174f7e897daf369718514b76111	d__Bacteria; p__Proteobacteria; c__Alphaproteobacteria; o__Reyranellales; f__Reyranellaceae; g__Reyranella	0.9999999999236663
237abdad7c9ead1d844d105f5496ec87	d__Bacteria; p__Actinobacteriota; c__Actinobacteria; o__Corynebacteriales; f__Corynebacteriaceae; g__Corynebacterium	0.9919085949301085
f62c3cf6feb8bff1269ffdb5086fdb27	d__Bacteria; p__Proteobacteria; c__Alphaproteobacteria; o__Sphingomonadales; f__Sphingomonadaceae; g__Sphingomonas	0.9774001818529068
af91cc45ca07dca3c6a49437e40c1a9e	d__Bacteria; p__Firmicutes; c__Clostridia; o__Peptostreptococcales-Tissierellales; f__Peptostreptococcales-Tissierellales; g__Anaerococcus	0.9999999999919061
6e1bb0ecbad94048894e22139a3d31c8	d__Eukaryota; p__Phragmoplastophyta; c__Embryophyta; o__Pinophyta; f__Pinophyta; g__Pinophyta	0.999155395254238
16f3d1c6387618e17895fd299e02c19a	d__Bacteria; p__Actinobacteriota; c__Actinobacteria; o__Propionibacteriales; f__Propionibacteriaceae; g__Cutibacterium	0.9998764065843423
0f1a7bafab4b5a3e52e35a359dfe036c	d__Bacteria; p__Actinobacteriota; c__Actinobacteria; o__Corynebacteriales; f__Corynebacteriaceae; g__Corynebacterium	0.9998061075965927
dac20ca93c6830803a05a61f5916a47e	d__Bacteria; p__Proteobacteria; c__Gammaproteobacteria; o__Pasteurellales; f__Pasteurellaceae; g__Haemophilus	0.9672836080341786
7857c1731de54428526c93ca86c2450d	d__Bacteria; p__Proteobacteria; c__Gammaproteobacteria; o__Pseudomonadales; f__Moraxellaceae; g__Acinetobacter	0.9998710305843869
fa97cb0b3015f8c8ec1584c5d086366a	d__Bacteria; p__Actinobacteriota; c__Actinobacteria; o__Actinomycetales; f__Actinomycetaceae; g__Actinomyces; s__Actinomyces_graevenitzii	0.9998886528122332
cc5a2736d74284da41e87931d8dc6413	d__Bacteria; p__Actinobacteriota; c__Actinobacteria; o__Pseudonocardiales; f__Pseudonocardiaceae; g__Saccharomonospora	0.996720624323874
16ac7e6d698957ee3b955cd04d461e4a	d__Eukaryota; p__Basidiomycota; c__Ustilaginomycetes; o__Ustilaginales; f__Ustilaginaceae	0.9999999997542118
5c143d124d43d5d31cb74f24fb27be2c	d__Bacteria; p__Proteobacteria; c__Alphaproteobacteria; o__Rickettsiales; f__Mitochondria; g__Mitochondria; s__Picea_glauca	0.987987590352313
73f49cea756b886b367053ba7d0db42e	d__Bacteria; p__Firmicutes; c__Clostridia; o__Lachnospirales; f__Lachnospiraceae; g__Coprococcus; s__Lachnospiraceae_bacterium	0.788396906441227
08d1462565369068357951edf678fe5e	d__Bacteria; p__Actinobacteriota; c__Actinobacteria; o__Propionibacteriales; f__Propionibacteriaceae; g__Cutibacterium	0.9999755468674277
aa747e0af207daefbde09be99f2e7c88	d__Bacteria; p__Bacteroidota; c__Bacteroidia; o__Sphingobacteriales; f__Sphingobacteriaceae; g__Sphingobacterium; s__Sphingobacterium_populi	0.9836562248062451
520fbf1d0aa22c9018e3de192395ba2f	d__Bacteria; p__Actinobacteriota; c__Actinobacteria; o__Micrococcales; f__Microbacteriaceae	0.9922135697924203
c5be735babe7ce1dc64e411daa3ce411	d__Bacteria; p__Proteobacteria; c__Gammaproteobacteria; o__Burkholderiales; f__Burkholderiaceae	0.9990225096155058
fd7702a1875063064713813f7e3cc44a	d__Bacteria; p__Firmicutes; c__Bacilli; o__Bacillales; f__Bacillaceae; g__Bacillus	0.9296592394609533
13db22d2d38935916926f4708ac6d528	d__Bacteria; p__Firmicutes; c__Clostridia; o__Lachnospirales; f__Lachnospiraceae; g__Oribacterium	0.999994453708634
36fd1d66fad94cb6451ef9b92c1d3aaf	d__Bacteria; p__Actinobacteriota; c__Actinobacteria; o__Propionibacteriales; f__Nocardioidaceae; g__Nocardioides	0.9998912889306855
c41513ca8c20140812c0da1bfdfc9e25	d__Bacteria; p__Actinobacteriota; c__Actinobacteria; o__Micrococcales; f__Micrococcaceae; g__Rothia	0.9999849408983905
dbc5ef93b0bc8174cbeb32b6822876c7	d__Bacteria; p__Bacteroidota; c__Bacteroidia; o__Cytophagales; f__Hymenobacteraceae; g__Pontibacter; s__uncultured_soil	0.982684604258702
d09860a333b0f0ec79845e3f922e22a1	d__Bacteria; p__Proteobacteria; c__Gammaproteobacteria; o__Pseudomonadales; f__Moraxellaceae; g__Acinetobacter	0.9999998688150924
e398b1eb8a44feb44ceef4d12bed4222	d__Bacteria; p__Firmicutes; c__Clostridia; o__Lachnospirales; f__Defluviitaleaceae; g__Defluviitaleaceae_UCG-011; s__Lachnospiraceae_bacterium	0.9984365250168458
e4238216efcf72d3e50a5924cef91ea9	d__Bacteria; p__Proteobacteria; c__Alphaproteobacteria; o__Caulobacterales; f__Caulobacteraceae; g__Brevundimonas	0.9998000023321073
46aaf32235c5c5600fd8516416feb0a1	d__Bacteria; p__Proteobacteria; c__Alphaproteobacteria; o__Rhizobiales; f__Beijerinckiaceae; g__1174-901-12; s__uncultured_bacterium	0.9251371325107446
dc2d9118f2748fc08a599c2f9ada634d	d__Bacteria; p__Proteobacteria; c__Alphaproteobacteria; o__Rhizobiales; f__Beijerinckiaceae	0.9999187669587609
7712d072bf358b8c09dbeb23a4f8cea2	d__Bacteria; p__Actinobacteriota; c__Actinobacteria; o__Corynebacteriales; f__Dietziaceae; g__Dietzia	0.9804885843726183
ac67634b2a00da62a5aaa1277ceb81de	d__Bacteria; p__Bacteroidota; c__Bacteroidia; o__Flavobacteriales; f__Weeksellaceae; g__Chryseobacterium	0.9998460153947022
de6a0ea8f3699f176a039a6cb7976492	d__Bacteria; p__Firmicutes; c__Clostridia; o__Lachnospirales; f__Lachnospiraceae; g__Marvinbryantia; s__metagenome	0.7855731035790131
27300f9e83863d047ccaf446a56ef6a5	d__Bacteria; p__Firmicutes; c__Clostridia; o__Lachnospirales; f__Lachnospiraceae; g__Anaerostipes	0.9999991675743227
a8cdd8aeb1e6215ceef76c5004f6c13a	d__Bacteria; p__Proteobacteria; c__Alphaproteobacteria; o__Rhizobiales; f__Rhizobiaceae; g__Bartonella	0.7709073028479234
c0fc430f76ed9e3fd1a2d469fa32405e	d__Bacteria; p__Firmicutes; c__Clostridia; o__Lachnospirales; f__Lachnospiraceae; g__[Eubacterium]_hallii_group	0.9999998090815058
468a49104af082b1758f40d821e41c91	d__Bacteria; p__Proteobacteria; c__Alphaproteobacteria; o__Rickettsiales; f__Mitochondria; g__Mitochondria; s__Picea_glauca	0.9944553937612214
eb394d59b35cabb1ffd5ee8111e177b6	d__Bacteria; p__Proteobacteria; c__Alphaproteobacteria; o__Rhizobiales; f__Rhizobiaceae; g__Bartonella	0.9462427083716104
1eb60984b28cd42f7bf823f17e48e74e	d__Bacteria; p__Cyanobacteria; c__Cyanobacteriia; o__Chloroplast; f__Chloroplast; g__Chloroplast	0.999999999999648
c01799edcf5da3a76ff086a322653cc6	d__Bacteria; p__Firmicutes; c__Bacilli; o__Staphylococcales; f__Staphylococcaceae; g__Staphylococcus	0.9999570517312869
7ea58ce5990a83c0de77ed5bda83add4	d__Bacteria; p__Actinobacteriota; c__Actinobacteria; o__Propionibacteriales; f__Propionibacteriaceae; g__Luteococcus	0.7218962237334839
de682f7e1c7d7ccc80e1297df1a734c0	d__Bacteria; p__Proteobacteria; c__Alphaproteobacteria; o__Sphingomonadales; f__Sphingomonadaceae; g__Sphingobium	0.9925129849281513
f9e5075bf6f6f68a45eefedb1034689f	d__Bacteria; p__Firmicutes; c__Bacilli; o__Staphylococcales; f__Staphylococcaceae; g__Staphylococcus	0.9923721400135065
43529972480ba3dda16027e7b059d30b	d__Bacteria; p__Cyanobacteria; c__Cyanobacteriia; o__Chloroplast; f__Chloroplast; g__Chloroplast	0.999999999998985
d0a2cd631781646c7b68c04b8881d99f	d__Bacteria; p__Proteobacteria; c__Gammaproteobacteria; o__Legionellales; f__Legionellaceae; g__Legionella	0.9999998071308572
f474ba9cd2c58b776a412ad1446cc333	d__Bacteria; p__Proteobacteria; c__Gammaproteobacteria; o__Pseudomonadales; f__Pseudomonadaceae; g__Pseudomonas	0.9990426644807765
5cd2731f1b22ab497c7d03e31d251da1	d__Bacteria; p__Bacteroidota; c__Bacteroidia; o__Flavobacteriales; f__Flavobacteriaceae; g__Capnocytophaga	0.9999999980050869
687d8290645cb910f68b43c6935c4f67	d__Archaea; p__Halobacterota; c__Halobacteria; o__Halobacterales; f__Haloferacaceae; g__Halolamina; s__uncultured_archaeon	0.7966897281960388
72956d5540c8267f979bc9a58baa12b4	d__Bacteria; p__Actinobacteriota; c__Actinobacteria; o__Micrococcales; f__Micrococcaceae; g__Micrococcus	0.9930725544683175
9b7c19214974a2a79235a3932a8322e9	d__Bacteria; p__Planctomycetota; c__Phycisphaerae; o__Tepidisphaerales; f__WD2101_soil_group; g__WD2101_soil_group; s__uncultured_bacterium	0.7318845394253551
5e8068dbf97fd58fa82ac36aa74e39f9	d__Bacteria; p__Actinobacteriota; c__Acidimicrobiia; o__Microtrichales; f__Microtrichaceae; g__IMCC26207	0.9999985918001382
f4b1efcfbd751e97bec6bee74406ab22	d__Bacteria; p__Firmicutes; c__Bacilli; o__Bacillales; f__Bacillaceae; g__Anoxybacillus	0.9292524806899094
bd26e0a0743f5ed34b56963bd335c8c0	d__Bacteria; p__Bacteroidota; c__Bacteroidia; o__Sphingobacteriales; f__Sphingobacteriaceae; g__Pedobacter	0.9892003796856865
e2705f07cb525f8ee4c554152ce380b8	d__Eukaryota; p__Basidiomycota; c__Malasseziomycetes; o__Malasseziales; f__Malasseziaceae; g__Malassezia; s__uncultured_Basidiomycota	0.8240741685433199
094332d6004b938e7eef17bc85a2e5f7	d__Bacteria; p__Proteobacteria; c__Alphaproteobacteria; o__Rhizobiales; f__Beijerinckiaceae; g__Microvirga	0.9948832063165742
86143cdcd0a27a37ffa5bf1296615627	d__Bacteria; p__Actinobacteriota; c__Actinobacteria; o__Micrococcales; f__Dermabacteraceae; g__Brachybacterium	0.9929806690296586
8facbfe2afb543f07eecc23789feecbf	d__Bacteria; p__Firmicutes; c__Bacilli; o__Lactobacillales; f__Streptococcaceae; g__Streptococcus	0.9989870083993913
b14f0d7b0dfe7c7d142bc10e9575db87	d__Bacteria; p__Firmicutes; c__Bacilli; o__Lactobacillales; f__Lactobacillaceae; g__Lactobacillus; s__Lactobacillus_jensenii	0.9721208961622304
d98e91f142c845f663f024a758031987	d__Eukaryota; p__Basidiomycota; c__Malasseziomycetes; o__Malasseziales; f__Malasseziaceae; g__Malassezia	0.999999989938295
45347d335a5e2304710accc7dc382c5a	d__Bacteria; p__Actinobacteriota; c__Thermoleophilia; o__Solirubrobacterales; f__Solirubrobacteraceae; g__Solirubrobacter; s__uncultured_bacterium	0.9134407491682015
ea832345404e90f3bb4e677073a4458c	d__Bacteria; p__Proteobacteria; c__Gammaproteobacteria; o__Pseudomonadales; f__Moraxellaceae; g__Acinetobacter	0.9908917937776563
d681b9d6c73d85389dfc176d1f4ec9f0	d__Bacteria; p__Cyanobacteria; c__Cyanobacteriia; o__Chloroplast; f__Chloroplast; g__Chloroplast	0.9999999999992962
bd3c90e5b73da2325bd4da3de2906ec8	d__Bacteria; p__Actinobacteriota; c__Coriobacteriia; o__Coriobacteriales; f__Eggerthellaceae; g__Slackia; s__Slackia_isoflavoniconvertens	0.8456524769054666
565642959c1a33b3ff3a1bc065d3e484	d__Bacteria; p__Firmicutes; c__Limnochordia; o__Limnochordales; f__Limnochordaceae; g__Limnochordaceae; s__uncultured_bacterium	0.8341677448868395
27d86299dfb719a510e97d48e062a2a2	d__Bacteria; p__Bacteroidota; c__Bacteroidia; o__Flavobacteriales; f__Flavobacteriaceae; g__Flavobacterium	0.9991551425324442
1f697f58b2626e34aef9006a1b89abee	d__Bacteria; p__Actinobacteriota; c__Actinobacteria; o__Corynebacteriales; f__Nocardiaceae; g__Gordonia	0.9977195430628742
8e76dc67111e8c62478d4a299659db64	d__Bacteria; p__Bacteroidota; c__Bacteroidia; o__Bacteroidales; f__Prevotellaceae; g__Prevotella; s__Prevotella_melaninogenica	0.9925880138772206
bf5608eed650445b1ac68f8ac5bb49a3	d__Bacteria; p__Bacteroidota; c__Bacteroidia; o__Sphingobacteriales; f__Sphingobacteriaceae; g__Pedobacter	0.9990248094191259
5c7aec1b31366c58e27a70c1d4847608	d__Bacteria; p__Proteobacteria; c__Alphaproteobacteria; o__Sphingomonadales; f__Sphingomonadaceae; g__Sphingomonas	0.9707137789213375
a8f213bb1a4c84b96090eb338eb661f6	d__Bacteria; p__Bacteroidota; c__Bacteroidia; o__Chitinophagales; f__Chitinophagaceae; g__Flaviaesturariibacter; s__uncultured_bacterium	0.8749343374688806
22cff772ae616353b02164b8d3611a88	d__Bacteria; p__Actinobacteriota; c__Actinobacteria; o__Propionibacteriales; f__Nocardioidaceae; g__Nocardioides	0.9999915865452798
3269361d994552d8371f314fdc64af0d	d__Bacteria; p__Firmicutes; c__Bacilli; o__Bacillales; f__Bacillaceae; g__Oceanobacillus	0.8654496626870878
da1810c250ad5bbe9be12b145991a552	d__Bacteria; p__Actinobacteriota; c__Actinobacteria; o__Corynebacteriales; f__Corynebacteriaceae; g__Corynebacterium; s__Corynebacterium_matruchotii	0.9831401835879818
eb0de5044acf840d17f2c37c551394ba	d__Bacteria; p__Proteobacteria; c__Alphaproteobacteria; o__Tistrellales; f__Geminicoccaceae; g__Candidatus_Alysiosphaera; s__uncultured_bacterium	0.8553212503713591
43ef5bd3b92253d76a09a97857a44e75	d__Eukaryota; p__Basidiomycota; c__Cystobasidiomycetes; o__Incertae_Sedis; f__Incertae_Sedis; g__Sakaguchia	0.9611654478824601
40a4de20fea36af308fcbe880239dc9f	d__Bacteria; p__Firmicutes; c__Bacilli; o__Bacillales; f__Bacillaceae; g__Oceanobacillus	0.7208116520586708
aa31c094a51fe150d12b72efb991bfcc	d__Bacteria; p__Deinococcota; c__Deinococci; o__Deinococcales; f__Deinococcaceae; g__Deinococcus	0.9999999969804617
b61c30f460a569aa45f873d4ff61276d	d__Bacteria; p__Firmicutes; c__Bacilli; o__Lactobacillales; f__Streptococcaceae; g__Streptococcus	0.999984942964721
b9d11a805a2a2d419f5637437249ffbd	d__Bacteria; p__Spirochaetota; c__Spirochaetia; o__Spirochaetales; f__Spirochaetaceae; g__Treponema; s__Treponema_denticola	0.9839951347556459
61276af7cc371ad583493f474b43fd94	d__Bacteria; p__Firmicutes; c__Clostridia; o__Peptostreptococcales-Tissierellales; f__Peptostreptococcales-Tissierellales; g__Anaerococcus; s__Anaerococcus_provencensis	0.8204367188146784
3f8a80a24413befb3263da9303781840	d__Bacteria; p__Actinobacteriota; c__Actinobacteria; o__Corynebacteriales; f__Corynebacteriaceae; g__Corynebacterium	0.9997690246741835
c824d1d15099ce87248dd21666d8d115	d__Bacteria; p__Bacteroidota; c__Bacteroidia; o__Bacteroidales; f__Prevotellaceae; g__Prevotella; s__Prevotella_shahii	0.9587083970921281
7884fa8a4eebd11b581c0f27defd2a58	d__Bacteria; p__Firmicutes; c__Bacilli; o__Lactobacillales; f__Lactobacillaceae; g__Lactobacillus	0.9999989036163381
0da79e5f5e6776e19f373731d2a849ea	d__Bacteria; p__Actinobacteriota; c__Actinobacteria; o__Kineosporiales; f__Kineosporiaceae; g__Pseudokineococcus; s__Pseudokineococcus_lusitanus	0.8428284348169056
22ce94de510fc53fcb23301235a1274b	d__Bacteria; p__Firmicutes; c__Bacilli; o__Bacillales; f__Bacillaceae; g__Oceanobacillus	0.905880250160785
16026f30563b3ae691223b95a026fc1e	d__Bacteria; p__Actinobacteriota; c__Thermoleophilia; o__Solirubrobacterales; f__67-14; g__67-14	0.9999874657027082
d9007a86fa415f3a10e7b39a8b9b76c2	d__Bacteria; p__Actinobacteriota; c__Actinobacteria; o__Micrococcales; f__Dermacoccaceae; g__Kytococcus	0.9923433702285404
bca339d7804dbbeba1a226c138ef68eb	d__Bacteria; p__Proteobacteria; c__Gammaproteobacteria; o__Pasteurellales; f__Pasteurellaceae; g__Haemophilus	0.8861258969861849
d7195938060499f481a0dc66dfd7328f	d__Eukaryota; p__Arthropoda; c__Arachnida; o__Acari; f__Acari; g__Acari; s__Bdellodes_sp.	0.9372174295813949
269cb2b43753da4679e713643a838a9e	d__Bacteria; p__Actinobacteriota; c__Actinobacteria; o__Propionibacteriales; f__Propionibacteriaceae; g__Cutibacterium	0.9996965639361947
2091c328022a0002740553bd9fda6254	d__Bacteria; p__Firmicutes; c__Bacilli; o__Lactobacillales; f__Streptococcaceae; g__Streptococcus	0.9999956027629621
951fed7875cf86a3c6716e06a1f8c597	d__Bacteria; p__Deinococcota; c__Deinococci; o__Deinococcales; f__Deinococcaceae; g__Deinococcus; s__uncultured_bacterium	0.8419748291043423
040552cfc3455a16fb055f4e32cf081a	d__Bacteria; p__Actinobacteriota; c__Actinobacteria; o__Micrococcales; f__Microbacteriaceae	0.9995713183866379
e728a34f85ed20b5a80f976aa4606a67	d__Bacteria; p__Proteobacteria; c__Gammaproteobacteria; o__Pseudomonadales; f__Moraxellaceae; g__Psychrobacter; s__Psychrobacter_meningitidis	0.9015593281054297
2f72dc532b560bd37cb47e147c3fd0e4	d__Eukaryota; p__Phragmoplastophyta; c__Embryophyta; o__Magnoliophyta; f__Magnoliophyta; g__Magnoliophyta; s__Ulmus_macrocarpa	0.9462162999321677
457f66cd273c2aaec60d1e87d4123c85	d__Eukaryota; p__Ascomycota; c__Dothideomycetes; o__Pleosporales; f__Pleosporaceae; g__Alternaria	0.7119014467176104
3b147a5621bac7710f3a005ab6a95198	d__Bacteria; p__Proteobacteria; c__Alphaproteobacteria; o__Sphingomonadales; f__Sphingomonadaceae; g__Sphingomonas	0.9825284203771022
34ee5237f90f7dac9ab29fd1342ac6f6	d__Bacteria; p__Planctomycetota; c__Phycisphaerae; o__Phycisphaerales; f__Phycisphaeraceae; g__SM1A02; s__uncultured_bacterium	0.9999745615558695
deee0370133e4c5dff7bfdbaa8456a1a	d__Bacteria; p__Proteobacteria; c__Alphaproteobacteria; o__Sphingomonadales; f__Sphingomonadaceae; g__Novosphingobium	0.9907545354277378
e31e04bb12e17aa7edccf20446fc09ce	d__Bacteria; p__Proteobacteria; c__Alphaproteobacteria; o__Rickettsiales; f__Mitochondria; g__Mitochondria; s__Triticum_urartu	0.8404781560906757
a8241039dbc86d427e8cc81ee99a0d05	d__Eukaryota; p__Basidiomycota; c__Tremellomycetes; o__Filobasidiales; f__Filobasidiaceae; g__Filobasidium; s__uncultured_Filobasidium	0.7350274240574715
86a6bd6b3b6820a751c2ad8d34199456	d__Bacteria; p__Actinobacteriota; c__Actinobacteria; o__Micromonosporales; f__Micromonosporaceae	0.9999998202344823
5d97ca5b3dea32d086426a4146b3d4fd	d__Bacteria; p__Proteobacteria; c__Gammaproteobacteria; o__Pseudomonadales; f__Moraxellaceae; g__Moraxella	0.9999975977781671
f30034eba41365d0a7a53bdd34b0cccd	d__Bacteria; p__Proteobacteria; c__Gammaproteobacteria; o__Burkholderiales; f__Burkholderiaceae; g__Lautropia; s__metagenome	0.7522130483886568
ca5fcfa5629be22adb031f381f25737b	d__Bacteria; p__Actinobacteriota; c__Actinobacteria; o__Actinomycetales; f__Actinomycetaceae; g__Actinomyces; s__Schaalia_odontolytica	0.8331273138750094
d4993cfab3639e033b23168a5c9d7706	d__Bacteria; p__Bacteroidota; c__Bacteroidia; o__Bacteroidales; f__Prevotellaceae; g__Prevotella; s__Prevotella_timonensis	0.9999999724769427
dc46b83c85086d86847980f884245c2d	d__Bacteria; p__Fusobacteriota; c__Fusobacteriia; o__Fusobacteriales; f__Leptotrichiaceae; g__Leptotrichia; s__Leptotrichia_shahii	0.9374885567067763
c2fa8922a8fa0a2670cefd92e6ef50d3	d__Bacteria; p__Proteobacteria; c__Gammaproteobacteria; o__Alteromonadales; f__Shewanellaceae; g__Shewanella; s__Shewanella_amazonensis	0.9790290285172616
35ac19b104d66843fad0a910808707e1	d__Bacteria; p__Firmicutes; c__Negativicutes; o__Veillonellales-Selenomonadales; f__Veillonellaceae; g__Veillonella	0.9999999905443491
1266a4a4086d8332b23c8ef130f0d690	d__Bacteria; p__Actinobacteriota; c__Actinobacteria; o__Micrococcales; f__Intrasporangiaceae	0.9929762663141777
dc38c62ce8d0f2d4bec754efb25f1a04	d__Bacteria; p__Firmicutes; c__Clostridia; o__Peptostreptococcales-Tissierellales; f__Peptostreptococcales-Tissierellales; g__Peptoniphilus	0.9999999999892139
e87920428cb587efc68a3a9280101d48	d__Bacteria; p__Actinobacteriota; c__Actinobacteria; o__Micrococcales; f__Cellulomonadaceae; g__Actinotalea	0.8839385890995977
8b15d986f74d91547a2d44b3e7eacf2d	d__Bacteria; p__Actinobacteriota; c__Actinobacteria; o__Micrococcales; f__Microbacteriaceae; g__Curtobacterium	0.7980395538580177
026fbd9f17701c833a1c1fc828e8081f	d__Bacteria; p__Proteobacteria; c__Gammaproteobacteria; o__Burkholderiales; f__Burkholderiaceae; g__Burkholderia-Caballeronia-Paraburkholderia	0.9999671467863823
a717f5b5633aab2963e0c9990aa68c9b	d__Bacteria; p__Proteobacteria; c__Gammaproteobacteria; o__Burkholderiales; f__Neisseriaceae	0.9999990351944319
ad8d5135adbb46aa442e8f04e9f798a7	d__Bacteria; p__Actinobacteriota; c__Coriobacteriia; o__Coriobacteriales; f__Atopobiaceae; g__Atopobium; s__Atopobium_vaginae	0.9157834057118008
0d1d80fd0a9a8e2cbfa3b10bad29b779	d__Bacteria; p__Proteobacteria; c__Gammaproteobacteria; o__Pseudomonadales; f__Pseudomonadaceae; g__Pseudomonas	0.9981134364524469
7038f6a8115a76e882ef09c41711ae96	d__Eukaryota; p__Basidiomycota; c__Microbotryomycetes; o__Incertae_Sedis; f__Chrysozymaceae; g__Sampaiozyma	0.9943221663899459
34e6de1cac5a0afcfe7b16997e3214f8	d__Bacteria; p__Firmicutes; c__Clostridia; o__Lachnospirales; f__Lachnospiraceae; g__Catonella; s__uncultured_bacterium	0.9007984151446894
67c9af1d5260839df0e825d7ecd7b341	d__Bacteria; p__Actinobacteriota; c__Actinobacteria; o__Micrococcales; f__Dermabacteraceae; g__Helcobacillus; s__Helcobacillus_massiliensis	0.9383100409489453
3a2ef9ad96bba5551f0fe4b7770ea72a	d__Bacteria; p__Proteobacteria; c__Alphaproteobacteria; o__Rhizobiales; f__Rhizobiaceae; g__Phyllobacterium	0.9646976160660924
53e478ddcfaed683d63e0676fa462cad	d__Bacteria; p__Actinobacteriota; c__Actinobacteria; o__Bifidobacteriales; f__Bifidobacteriaceae; g__Alloscardovia; s__Alloscardovia_omnicolens	0.9959664765102434
cf5e25176f380090df6e6574420b4553	d__Bacteria; p__Actinobacteriota; c__Thermoleophilia; o__Solirubrobacterales; f__Solirubrobacteraceae; g__Solirubrobacter	0.9999885234966557
a14b710039e991e3a58322ca0f205491	d__Bacteria; p__Proteobacteria; c__Alphaproteobacteria; o__Rhodobacterales; f__Rhodobacteraceae; g__Amaricoccus; s__uncultured_bacterium	0.9849292717744303
e1f60a22366d2ded4dc11446a92a3c4c	d__Bacteria; p__Proteobacteria; c__Gammaproteobacteria; o__Pseudomonadales; f__Moraxellaceae; g__Acinetobacter	0.9998439966144376
d729620ab771e434f6029e44b05793b2	d__Bacteria; p__Firmicutes; c__Negativicutes; o__Veillonellales-Selenomonadales; f__Selenomonadaceae; g__Centipeda	0.8821552326280662
8536eb111ca161e6a2b93cc3c8dbf2f4	d__Bacteria; p__Actinobacteriota; c__Actinobacteria; o__Propionibacteriales; f__Propionibacteriaceae; g__Cutibacterium	0.9997307780641284
0c7b956930be870f638e788586525ba1	d__Bacteria; p__Proteobacteria; c__Alphaproteobacteria; o__Rhizobiales; f__Rhizobiaceae; g__Aureimonas	0.9367746931603076
efdfce986b4525561bda1a7f7373936a	d__Bacteria; p__Firmicutes; c__Negativicutes; o__Veillonellales-Selenomonadales; f__Veillonellaceae; g__Negativicoccus; s__uncultured_bacterium	0.9999998057943078
dc6d1376a363e1b40f2d77a3bc8f28b3	d__Bacteria; p__Acidobacteriota; c__Vicinamibacteria; o__Vicinamibacterales; f__Vicinamibacteraceae; g__Vicinamibacteraceae	0.9996322725997135
4783ca5a7171706832294c4534f7dda6	d__Bacteria; p__Actinobacteriota; c__Actinobacteria; o__Micrococcales; f__Micrococcaceae; g__Rothia; s__Rothia_aeria	0.8934487601816158
463b98a1df206ac1eadc5f27d663610c	d__Bacteria; p__Actinobacteriota; c__Actinobacteria; o__Micrococcales; f__Microbacteriaceae; g__Curtobacterium	0.789496504631123
4f3f2b3d9ec8c19c9e9ec327a4c3b3ac	d__Bacteria; p__Firmicutes; c__Bacilli; o__Bacillales; f__Bacillaceae; g__uncultured	0.7915110478814119
9e9b51217209349a1b033fcd94b85c4c	d__Bacteria; p__Bacteroidota; c__Bacteroidia; o__Bacteroidales; f__Bacteroidaceae; g__Bacteroides; s__Bacteroides_caccae	0.8588401978106646
2571a83652a63a0b4b179fb4ea684098	d__Bacteria; p__Actinobacteriota; c__Actinobacteria; o__Micrococcales; f__Micrococcaceae; g__Micrococcus	0.9924080488881377
98e06b5b000b6a2fa98060e69ebb1ea5	d__Bacteria; p__Bacteroidota; c__Bacteroidia; o__Cytophagales; f__Cyclobacteriaceae; g__uncultured	0.9541041210340071
427a3f291f89d6204b18df9b5a4843e1	d__Bacteria; p__Proteobacteria; c__Alphaproteobacteria; o__Sphingomonadales; f__Sphingomonadaceae; g__Sphingomonas	0.9817406772379117
cf7a754ff4ee8e8e05e13c294835986b	d__Bacteria; p__Gemmatimonadota; c__Gemmatimonadetes; o__Gemmatimonadales; f__Gemmatimonadaceae; g__Roseisolibacter	0.9864079076586956
2adacac574aab475b0b94c7bbe62a3df	d__Bacteria; p__Bacteroidota; c__Bacteroidia; o__Cytophagales; f__Hymenobacteraceae; g__Adhaeribacter	0.9999994755343311
c10d3af263f328fd6e3f67115278fc1a	d__Bacteria; p__Proteobacteria; c__Alphaproteobacteria; o__Sphingomonadales; f__Sphingomonadaceae; g__Altererythrobacter	0.9929318481993393
1e4a30206ab1ca6d82d599dffe9efe94	d__Bacteria; p__Proteobacteria; c__Gammaproteobacteria; o__Burkholderiales; f__Neisseriaceae; g__Neisseria	0.8214551697605718
816b4796a68c33922f0cbd48c39bec7a	d__Bacteria; p__Firmicutes; c__Clostridia; o__Lachnospirales; f__Lachnospiraceae; g__Roseburia	0.9763513609125951
51bdbe4f6e2038cae913c930582b48cf	d__Bacteria; p__Actinobacteriota; c__Actinobacteria; o__Propionibacteriales; f__Nocardioidaceae; g__Nocardioides	0.999670396689257
c1b8d1041a0c05dd74e92d3ad77ec203	d__Bacteria; p__Firmicutes; c__Bacilli; o__Staphylococcales; f__Staphylococcaceae; g__Staphylococcus	0.9998724753056382
0ceaa02e9ff1517ac2d7a747df6869f9	d__Bacteria; p__Proteobacteria; c__Gammaproteobacteria; o__Pseudomonadales; f__Moraxellaceae; g__Psychrobacter; s__Psychrobacter_alimentarius	0.7274840735379584
6884e49af2af91da4c0ea678cf8a2612	d__Bacteria; p__Actinobacteriota; c__Actinobacteria; o__Micrococcales; f__Micrococcaceae; g__Kocuria; s__Kocuria_palustris	0.7200204747960088
547e6ba30eee833b13d51f4df35cb402	d__Bacteria; p__Actinobacteriota; c__Actinobacteria; o__Propionibacteriales; f__Propionibacteriaceae; g__Cutibacterium	0.9965057411061925
d73ff246a7850c10da151136e843ec0b	d__Bacteria; p__Proteobacteria; c__Gammaproteobacteria; o__Oceanospirillales; f__Halomonadaceae; g__Halomonas	0.9990717125971557
6e10fc14ec1043da2dad8cef6e1e61dd	d__Bacteria; p__Bacteroidota; c__Bacteroidia; o__Bacteroidales; f__Tannerellaceae; g__Tannerella	0.9999070586102556
c344b051b81b1c2a18deeceb3179032e	d__Bacteria; p__Actinobacteriota; c__Actinobacteria; o__Actinomycetales; f__Actinomycetaceae; g__Actinomyces; s__uncultured_Actinomyces	0.7103088651529358
512a3ddfe7e95e5ab0c527636591edf0	d__Bacteria; p__Cyanobacteria; c__Cyanobacteriia; o__Chloroplast; f__Chloroplast; g__Chloroplast; s__uncultured_Chlorophyta	0.9751895576920245
22acc199a783d7720d7493180da5a8f9	d__Bacteria; p__Bacteroidota; c__Bacteroidia; o__Bacteroidales; f__Prevotellaceae; g__Alloprevotella	0.9999999999436305
b89ea1a843af9a9f06355f9b9fac12b1	d__Bacteria; p__Proteobacteria; c__Alphaproteobacteria; o__Rhizobiales; f__Xanthobacteraceae; g__uncultured	0.7402043865039578
39867664e12c02c5e28e35b33425d23d	d__Bacteria; p__Deinococcota; c__Deinococci; o__Deinococcales; f__Deinococcaceae; g__Deinococcus; s__uncultured_bacterium	0.8666751039120826
c74b8557f54da3cf5927758419d73f49	d__Bacteria; p__Firmicutes; c__Bacilli; o__Lactobacillales; f__Carnobacteriaceae	0.759691188766309
a9f29ac3417bb8617067802fbed23a9a	d__Bacteria; p__Bacteroidota; c__Bacteroidia; o__Flavobacteriales; f__Flavobacteriaceae; g__Flavobacterium	0.9999996531000246
77dbf6df779c6fc136bf8bea443dc5bc	d__Bacteria; p__Actinobacteriota; c__Actinobacteria; o__Corynebacteriales; f__Corynebacteriaceae; g__Corynebacterium	0.9908066300475965
b7645c29b239dbc59c7e8b48fa2c3d0a	d__Bacteria; p__Proteobacteria; c__Gammaproteobacteria; o__Pseudomonadales; f__Moraxellaceae; g__Acinetobacter	0.9999279848479486
cce63b02f3fbe873635fd5b301b70f64	d__Bacteria; p__Firmicutes; c__Bacilli; o__Staphylococcales; f__Gemellaceae; g__Gemella	0.9999990549304604
eb07eda9c67ff4710cb4ff65eb09f511	d__Bacteria; p__Bacteroidota; c__Bacteroidia; o__Bacteroidales; f__Prevotellaceae; g__Prevotella	0.9999988573488358
43499539665c68069a170ac1f22175ca	d__Bacteria; p__Proteobacteria; c__Alphaproteobacteria; o__Rhizobiales; f__Rhizobiaceae; g__Allorhizobium-Neorhizobium-Pararhizobium-Rhizobium; s__Rhizobium_petrolearium	0.7795208609838364
82dda6d15fb267e17625624826270b65	d__Bacteria; p__Fusobacteriota; c__Fusobacteriia; o__Fusobacteriales; f__Fusobacteriaceae; g__Fusobacterium	0.9999999999887914
5199d403f3144cff8e61bbbfb7898022	d__Eukaryota; p__Phragmoplastophyta; c__Embryophyta; o__Magnoliophyta; f__Magnoliophyta; g__Magnoliophyta	0.9472511435157679
44266881daba956ff709a4c9291ecb0b	d__Bacteria; p__Actinobacteriota; c__Actinobacteria; o__Propionibacteriales; f__Nocardioidaceae; g__Nocardioides	0.9999914696201977
f322a894917e93ed7ef578fccaef3ee9	d__Bacteria; p__Actinobacteriota; c__Actinobacteria; o__Micrococcales; f__Micrococcaceae; g__Kocuria	0.9852269867963349
d3b5e3cfc3823e672d11835c569d6eb0	d__Bacteria; p__Proteobacteria; c__Gammaproteobacteria; o__Pseudomonadales; f__Moraxellaceae; g__Acinetobacter	0.9964283939634728
25e1e359a4ea1d53ece53990358962c0	d__Bacteria; p__Proteobacteria; c__Alphaproteobacteria; o__Sphingomonadales; f__Sphingomonadaceae; g__Sphingomonas	0.9790390340730124
7081eb56d09f4fb52fdb355cecfc9d48	d__Bacteria; p__Chloroflexi; c__KD4-96; o__KD4-96; f__KD4-96; g__KD4-96; s__uncultured_bacterium	0.9659149388543679
4eb7224314d4992031c9f7017ecb73ee	d__Bacteria; p__Cyanobacteria; c__Cyanobacteriia; o__Chloroplast; f__Chloroplast; g__Chloroplast	0.9999999999966395
46c49a5f9c4385cbdf6c9db02d731cb7	d__Bacteria; p__Bacteroidota; c__Bacteroidia; o__Chitinophagales; f__Chitinophagaceae; g__Flavisolibacter	0.7841452320158521
5b1f86a28a5de6501ae05b3a99f58748	d__Eukaryota; p__Basidiomycota; c__Cystobasidiomycetes; o__Incertae_Sedis; f__Incertae_Sedis; g__Buckleyzyma	0.735656599493946
9917a0768e054de2a062bd1e2376f12b	d__Bacteria; p__Proteobacteria; c__Alphaproteobacteria; o__Sphingomonadales; f__Sphingomonadaceae; g__Sphingomonas	0.9743959703389167
2f36a0787bd5258709460a6780477994	d__Bacteria; p__Proteobacteria; c__Gammaproteobacteria; o__Burkholderiales; f__Burkholderiaceae; g__Limnobacter	0.9999535512395934
77923cd4cf4c03de506d66502a266bb6	d__Bacteria; p__Proteobacteria; c__Gammaproteobacteria; o__Pseudomonadales; f__Moraxellaceae; g__Acinetobacter	0.9999300473765214
8807c5abe1374b9612203fc60f36d7e6	d__Bacteria; p__Actinobacteriota; c__Actinobacteria; o__Micrococcales; f__Micrococcaceae; g__Micrococcus	0.9938241500147217
8bc6aeddfdcebe6e1359a33ba685d567	d__Bacteria; p__Bacteroidota; c__Bacteroidia; o__Sphingobacteriales; f__Sphingobacteriaceae; g__Mucilaginibacter	0.9988838286353408
c3260a705e9d58a4407d6c520baaa944	d__Eukaryota; p__Basidiomycota; c__Tremellomycetes; o__Tremellales; f__Rhynchogastremataceae; g__Papiliotrema	0.9772903048487366
5aa0280baa6fd8c9adbbc6f5ff3aa720	d__Bacteria; p__Actinobacteriota; c__Actinobacteria; o__Micrococcales; f__Micrococcaceae; g__Micrococcus	0.9792094382918741
0f1af48cefe46e19b2880514e63d815a	d__Bacteria; p__Actinobacteriota; c__Actinobacteria; o__Corynebacteriales; f__Nocardiaceae; g__Nocardia	0.999999997951282
23ab30e5d3b39aa8763ee84fca6e6d36	d__Bacteria; p__Bacteroidota; c__Bacteroidia; o__Bacteroidales; f__Prevotellaceae; g__Alloprevotella; s__uncultured_Prevotellaceae	0.8166718187240594
ecfa9913c2398c8aa9935ecbe7ac221c	d__Bacteria; p__Proteobacteria; c__Alphaproteobacteria; o__Rhizobiales; f__Beijerinckiaceae; g__Methylobacterium-Methylorubrum; s__uncultured_organism	0.8289695648011696
ee04480d20f3f08b88fdc863362ff49d	d__Bacteria; p__Bacteroidota; c__Bacteroidia; o__Flavobacteriales; f__Weeksellaceae; g__Chryseobacterium	0.9999965733413952
c75766b3edff97bb04579008b98d4dba	d__Eukaryota; p__Basidiomycota; c__Malasseziomycetes; o__Malasseziales; f__Malasseziaceae; g__Malassezia; s__Malassezia_furfur	0.9996013763013131
1b5dcdb7158dae6edb600b4c43a4b9d8	d__Bacteria; p__Bacteroidota; c__Bacteroidia; o__Flavobacteriales; f__Flavobacteriaceae; g__Flavobacterium	0.9999999520714442
abbe742a11cef359bacb873338b2e97e	d__Bacteria; p__Proteobacteria; c__Gammaproteobacteria; o__Vibrionales; f__Vibrionaceae; g__Vibrio	0.9751765968549672
898fd1b9563497282c57cf8710e35fed	d__Bacteria; p__Firmicutes; c__Clostridia; o__Peptostreptococcales-Tissierellales; f__Peptostreptococcales-Tissierellales; g__Peptoniphilus; s__Peptoniphilus_obesi	0.9999943878589217
f089398a808b6bd035fc265d49192671	d__Bacteria; p__Bacteroidota; c__Bacteroidia; o__Flavobacteriales; f__Weeksellaceae; g__Chryseobacterium	0.9999821304985943
7b2875cc7efb02e1c680079d336aff49	d__Bacteria; p__Firmicutes; c__Clostridia; o__Peptostreptococcales-Tissierellales; f__Peptostreptococcales-Tissierellales; g__Anaerococcus	0.9999999999707941
c4ab983e4e48ee83f0b6489e8dc2938e	d__Bacteria; p__Proteobacteria; c__Alphaproteobacteria; o__Sphingomonadales; f__Sphingomonadaceae; g__Sphingopyxis	0.999971452633364
3a46bb71e4033a11c6e8f0bdc63c9a54	d__Bacteria; p__Proteobacteria; c__Gammaproteobacteria; o__Pseudomonadales; f__Moraxellaceae; g__Acinetobacter	0.9998576475844871
5b424166cfc916a93a4a8da1403aa98d	d__Bacteria; p__Actinobacteriota; c__Actinobacteria; o__Micrococcales; f__Microbacteriaceae; g__Curtobacterium	0.8207123782798142
01faaef59efff811768e753a2b4bcbde	d__Bacteria; p__Proteobacteria; c__Gammaproteobacteria; o__Enterobacterales; f__Enterobacteriaceae	0.9026013113095149
e6d0f0a0de64f933a3df4bcfb067a172	d__Eukaryota; p__Vertebrata; c__Mammalia; o__Mammalia; f__Mammalia; g__Mammalia	0.9999990360247312
f013906dc4b6136bf58c04548eff6781	d__Bacteria; p__Proteobacteria; c__Gammaproteobacteria; o__Pasteurellales; f__Pasteurellaceae; g__Haemophilus	0.8692668801955292
decda681e064987dc1ad26ba392c7b13	d__Bacteria; p__Firmicutes; c__Negativicutes; o__Veillonellales-Selenomonadales; f__Veillonellaceae; g__Dialister; s__Dialister_pneumosintes	0.906835364349676
fa290075c5aed74ca87372e27883b89b	d__Bacteria; p__Actinobacteriota; c__Actinobacteria; o__Micrococcales; f__Demequinaceae; g__Demequina; s__uncultured_bacterium	0.7856846535307623
df0939b6c16ea31c6c3501d5f911cded	d__Bacteria; p__Actinobacteriota; c__Actinobacteria; o__Propionibacteriales; f__Propionibacteriaceae; g__Cutibacterium	0.9999142872421177
67bbe7f1f3b889b4b8b5d69a3afa4180	d__Bacteria; p__Proteobacteria; c__Alphaproteobacteria; o__Sphingomonadales; f__Sphingomonadaceae	0.999534776988733
28d8325faf0472100fe0e46590681f61	d__Bacteria; p__Proteobacteria; c__Alphaproteobacteria; o__Rhizobiales; f__Rhizobiaceae; g__Allorhizobium-Neorhizobium-Pararhizobium-Rhizobium	0.9983840737901039
0313559a664369b88508c1cca7e13ec9	d__Eukaryota; p__Ascomycota; c__Dothideomycetes; o__Capnodiales; f__Cladosporiaceae; g__Cladosporium	0.9323166487495672
0fa331ea215e3b2dd528fbbf9b764bd2	d__Bacteria; p__Bacteroidota; c__Bacteroidia; o__Cytophagales; f__Spirosomaceae; g__Dyadobacter	0.9999959368539899
42827e328f8bee386e5875927af608c0	d__Bacteria; p__Proteobacteria; c__Gammaproteobacteria; o__Diplorickettsiales; f__Diplorickettsiaceae; g__Aquicella; s__uncultured_bacterium	0.9143528642514784
e3f1ababa79e4ca823cfb813e28509e1	d__Eukaryota; p__Arthropoda; c__Arachnida; o__Acari; f__Acari; g__Acari	0.9360511906822057
e7e9bc671fa58cb5d783e10aeb712f22	d__Bacteria; p__Armatimonadota; c__Fimbriimonadia; o__Fimbriimonadales; f__Fimbriimonadaceae; g__Fimbriimonadaceae	0.999995492776094
28c8274ddc7dcb5fa2360350d334a6ab	d__Bacteria; p__Actinobacteriota; c__Actinobacteria; o__Actinomycetales; f__Actinomycetaceae; g__Actinomyces; s__Actinomyces_sp.	0.8250230821841301
6ec72957b0d11bf4098fbb6156178939	d__Bacteria; p__Proteobacteria; c__Gammaproteobacteria; o__Pseudomonadales; f__Pseudomonadaceae; g__Pseudomonas	0.999403620785109
184cff72b441c681db59176d234896ba	d__Bacteria; p__Proteobacteria; c__Alphaproteobacteria; o__Rhizobiales; f__Rhizobiaceae; g__Allorhizobium-Neorhizobium-Pararhizobium-Rhizobium	0.9614262518977681
9fda439d6b1b8609bbd8d99843193150	d__Eukaryota; p__Basidiomycota; c__Malasseziomycetes; o__Malasseziales; f__Malasseziaceae; g__Malassezia; s__Malassezia_globosa	0.8249979092163017
bf0ac0aae691843045c2d2f3a87ba245	d__Bacteria; p__Proteobacteria; c__Alphaproteobacteria; o__Sphingomonadales; f__Sphingomonadaceae; g__Sphingomonas; s__Sphingomonas_guangdongensis	0.9367449306607365
f11d9f255b4e5c2b3b0baa172b597c8d	d__Bacteria; p__Proteobacteria; c__Gammaproteobacteria; o__Pseudomonadales; f__Pseudomonadaceae; g__Pseudomonas	0.9993860609464896
547f49069116196134969117aeafa919	d__Bacteria; p__Firmicutes; c__Clostridia; o__Lachnospirales; f__Lachnospiraceae; g__Oribacterium	0.999998983857443
dcb63586a5805f449983eee09c73eef5	d__Bacteria; p__Proteobacteria; c__Alphaproteobacteria; o__Acetobacterales; f__Acetobacteraceae; g__Roseomonas; s__Roseomonas_sp.	0.7167642344442257
52c40653104300a9e435492a0d38fd11	d__Bacteria; p__Proteobacteria; c__Gammaproteobacteria; o__Enterobacterales; f__Enterobacteriaceae	0.9592218010815601
3f04f70bcf27cfda2ccf43f31680d5c5	d__Bacteria; p__Bacteroidota; c__Bacteroidia; o__Chitinophagales; f__Chitinophagaceae	0.9999753981327014
799dfbe83786078c614df77943885950	d__Bacteria; p__Proteobacteria; c__Alphaproteobacteria; o__Acetobacterales; f__Acetobacteraceae; g__Belnapia; s__uncultured_bacterium	0.7350239754170349
d2776f1f07edce4631ca89f640c9e47b	d__Bacteria; p__Bacteroidota; c__Bacteroidia; o__Flavobacteriales; f__Flavobacteriaceae; g__Salinimicrobium; s__uncultured_Bacteroidetes	0.978294529845417
0004238179a261e081275facbf89cbfa	d__Bacteria; p__Bacteroidota; c__Bacteroidia; o__Chitinophagales; f__Chitinophagaceae; g__Edaphobaculum; s__uncultured_bacterium	0.9554793096858394
ebb0194d29c250bc85e14364b8eafde6	d__Bacteria; p__Actinobacteriota; c__Actinobacteria; o__Micrococcales; f__Brevibacteriaceae; g__Brevibacterium	0.99999299564086
15171585609e74a7611c0341d0a08d2d	d__Bacteria; p__Proteobacteria; c__Gammaproteobacteria; o__Burkholderiales; f__Burkholderiaceae; g__Ralstonia	0.9998645028940945
8c6ccc375279bc6cdc20a9e8a8b2a820	d__Bacteria; p__Proteobacteria; c__Alphaproteobacteria; o__Caulobacterales; f__Caulobacteraceae; g__Brevundimonas	0.9999417723708665
696ac523f669faaac76bcc72cbf25ed8	d__Bacteria; p__Proteobacteria; c__Gammaproteobacteria; o__Burkholderiales; f__Comamonadaceae; g__Variovorax	0.8619920635923753
31ca28731eb81798fbd44bbef0cb2ba7	d__Bacteria; p__Proteobacteria; c__Alphaproteobacteria; o__Sphingomonadales; f__Sphingomonadaceae; g__Sphingopyxis	0.9942494322754377
4a8f27c0dd89f481c8929b2a8dd0dc5b	d__Eukaryota; p__Phragmoplastophyta; c__Embryophyta; o__Magnoliophyta; f__Magnoliophyta; g__Magnoliophyta	0.9999861492084997
705a246e8591df9ba9ef7c8f580cb1bb	Unassigned	0.3983080554918218
8a807655947fe30e30223182a7cae5c6	d__Eukaryota; p__Phragmoplastophyta; c__Embryophyta; o__Magnoliophyta; f__Magnoliophyta; g__Magnoliophyta	0.9989704712756394
47bcedc0511108da43f7cace252a590f	d__Eukaryota; p__Basidiomycota; c__Malasseziomycetes; o__Malasseziales; f__Malasseziaceae; g__Malassezia	0.9999999935682197
b17d182329a0fdf99d9c629291984d1a	d__Bacteria; p__Bacteroidota; c__Bacteroidia; o__Chitinophagales; f__Chitinophagaceae; g__Edaphobaculum	0.9999996717665611
99e41291d0cb8d0a938cf1e1d9734631	d__Bacteria; p__Firmicutes; c__Bacilli; o__Bacillales; f__Bacillaceae; g__Bacillus	0.9324849732740753
4f1c17b65025f0ed7be9a86ce7ede030	d__Bacteria; p__Patescibacteria; c__Gracilibacteria; o__JGI_0000069-P22; f__JGI_0000069-P22; g__JGI_0000069-P22; s__Gracilibacteria_bacterium	0.999956050051069
f27c10cac0cb6848ba60d29b9a49a3ca	d__Bacteria; p__Chloroflexi; c__Anaerolineae; o__Ardenticatenales; f__Ardenticatenaceae; g__uncultured; s__uncultured_Chloroflexus	0.9604226618415224
ba7757b3a1967173ae902b12d4c60ee5	d__Bacteria; p__Proteobacteria; c__Gammaproteobacteria; o__Xanthomonadales; f__Xanthomonadaceae; g__Lysobacter	0.9994682305009245
0c7a854e4efcd755dbee8a9b3b1a1f70	d__Bacteria; p__Bacteroidota; c__Bacteroidia; o__Sphingobacteriales; f__Sphingobacteriaceae; g__Mucilaginibacter; s__uncultured_bacterium	0.8963992930767298
e3b16ef427c94b4507d1fe74368482fb	d__Bacteria; p__Proteobacteria; c__Gammaproteobacteria; o__Burkholderiales; f__Comamonadaceae	0.9999992345694285
d9e09f05ff26680fb01d628ce5ba8676	d__Bacteria; p__Actinobacteriota; c__Actinobacteria; o__Corynebacteriales; f__Corynebacteriaceae; g__Corynebacterium	0.9999998613581087
c5a544016b2ef94c96f9a27f37e3769f	d__Bacteria; p__Proteobacteria; c__Gammaproteobacteria; o__Alteromonadales; f__Marinobacteraceae; g__Marinobacter	0.9968510945243615
bc48d6373f3ac4d55bda6c24cd725577	d__Bacteria; p__Bacteroidota; c__Bacteroidia; o__Bacteroidales; f__Prevotellaceae; g__Prevotella	0.9997812443722012
ff7be44f8824b61527b0c32e3bba7a45	d__Bacteria; p__Proteobacteria; c__Gammaproteobacteria; o__Enterobacterales; f__Enterobacteriaceae	0.9421303942020093
e34d11c867a7946946ba83fde432e730	d__Eukaryota; p__Phragmoplastophyta; c__Embryophyta; o__Pinophyta; f__Pinophyta; g__Pinophyta; s__Pinus_taeda	0.8856830156925454
45585c28c8b97250044593eafc7852c1	d__Bacteria; p__Proteobacteria; c__Gammaproteobacteria; o__Burkholderiales; f__Oxalobacteraceae; g__Undibacterium	0.9213787890502154
18add9e9c45b83e64e28cd667d6abd99	d__Eukaryota; p__Phragmoplastophyta; c__Embryophyta; o__Magnoliophyta; f__Magnoliophyta; g__Magnoliophyta	0.9998815752755404
0dbe9b40345183d1a53208234695efc4	d__Bacteria; p__Fusobacteriota; c__Fusobacteriia; o__Fusobacteriales; f__Fusobacteriaceae; g__Fusobacterium	0.9999999999075248
398b1a53a570932241ab033d1091912a	d__Eukaryota; p__Ascomycota; c__Dothideomycetes; o__Pleosporales; f__Incertae_Sedis; g__Incertae_Sedis; s__uncultured_fungus	0.7168617289061044
0dbcfb913f4324921c2731d1b51372bc	d__Bacteria; p__Actinobacteriota; c__Actinobacteria; o__Micrococcales; f__Microbacteriaceae; g__Curtobacterium	0.775796634075009
c89ccc3baa4d22645de58f5b436390d1	d__Bacteria; p__Proteobacteria; c__Alphaproteobacteria; o__Rhizobiales; f__Beijerinckiaceae; g__Methylobacterium-Methylorubrum	0.9999999961230689
8e1c65dbbe00bca503abc34dbc4af272	d__Bacteria; p__Proteobacteria; c__Alphaproteobacteria; o__Sphingomonadales; f__Sphingomonadaceae; g__Sphingopyxis	0.9999782786839694
cab4eec21b764a40372de2cd252ea656	d__Bacteria; p__Firmicutes; c__Bacilli; o__Thermoactinomycetales; f__Thermoactinomycetaceae; g__Planifilum; s__uncultured_bacterium	0.9841939723268159
d89a3c63b822e686453f432e7fef6d3e	d__Bacteria; p__Actinobacteriota; c__Actinobacteria; o__Micrococcales; f__Microbacteriaceae	0.9998608997066037
fab4a99d7255aa5bd3ca5bc4a78a6826	d__Bacteria; p__Firmicutes; c__Clostridia; o__Peptostreptococcales-Tissierellales; f__Peptostreptococcales-Tissierellales; g__Anaerococcus; s__Anaerococcus_rubeinfantis	0.7998221008447816
7faedea907c0d0220672966fab7dd9f5	d__Bacteria; p__Proteobacteria; c__Gammaproteobacteria; o__Pseudomonadales; f__Moraxellaceae; g__Acinetobacter	0.9995857977320939
630f2138c1209d5e2dd7b3c8e6e2e279	d__Bacteria; p__Proteobacteria; c__Alphaproteobacteria; o__Rhodobacterales; f__Rhodobacteraceae; g__Paracoccus	0.9119070646346616
8ce29cdb007cf86f3f1a164297218c54	d__Eukaryota; p__Basidiomycota; c__Exobasidiomycetes; o__Microstromatales; f__Microstromataceae; g__Microstroma	0.7351662415946415
c79bf051fb9cd3382152b8248b7dfe3c	d__Bacteria; p__Actinobacteriota; c__Actinobacteria; o__Corynebacteriales; f__Corynebacteriaceae; g__Corynebacterium; s__Corynebacterium_jeikeium	0.7089037681384869
7ccc0039ae82f3a2b689cd30df9b60e7	d__Bacteria; p__Planctomycetota; c__Planctomycetes; o__Planctomycetales; f__Rubinisphaeraceae; g__SH-PL14	0.9999998130399422
ae1685e6c4fc6c73123a0b26cfb383a5	d__Bacteria; p__Firmicutes; c__Bacilli; o__Lactobacillales; f__Leuconostocaceae; g__Weissella	0.9999999330245359
74caba53b9665e9ae7d9cd271621b65a	d__Bacteria; p__Bacteroidota; c__Bacteroidia; o__Bacteroidales; f__Bacteroidaceae; g__Bacteroides; s__Bacteroides_vulgatus	0.8736856386602587
d6dd35ef9de05eed9c603dd17388eda7	d__Bacteria; p__Actinobacteriota; c__Actinobacteria; o__Kineosporiales; f__Kineosporiaceae; g__Kineococcus	0.9999660268887324
4650aa346844f0ae76b71755ca05cfb7	d__Bacteria; p__Bacteroidota; c__Bacteroidia; o__Bacteroidales; f__Prevotellaceae; g__Prevotella; s__Prevotella_aurantiaca	0.9193585830826717
0e0f24399dfca477337454306352a690	d__Bacteria; p__Firmicutes; c__Bacilli; o__Staphylococcales; f__Staphylococcaceae; g__Staphylococcus	0.9999605564157726
26866144c4224d3c687192b219978e8b	d__Bacteria; p__Actinobacteriota; c__Acidimicrobiia; o__Microtrichales; f__Iamiaceae; g__Iamia; s__uncultured_bacterium	0.7048190557106174
20d2d33819b54443c9a17031f366c5c5	d__Bacteria; p__Proteobacteria; c__Gammaproteobacteria; o__Burkholderiales; f__Neisseriaceae; g__Neisseria	0.9999323249049257
894f849db56fc14839450b823932dc4c	d__Eukaryota; p__Vertebrata; c__Mammalia; o__Mammalia; f__Mammalia; g__Mammalia	0.9999991690817557
90de3edf27bac6e971dfcc91bd40aecd	d__Bacteria; p__Firmicutes; c__Clostridia; o__Peptostreptococcales-Tissierellales; f__Peptostreptococcales-Tissierellales; g__Anaerococcus	0.9999999999545343
b9456d9f3f48751d75318c9780f1ea70	d__Bacteria; p__Actinobacteriota; c__Actinobacteria; o__Micrococcales; f__Microbacteriaceae; g__Curtobacterium	0.7178225533664674
2f46b0c9f88c7b035037b6a21607cb8d	d__Eukaryota; p__Ascomycota; c__Dothideomycetes; o__Capnodiales	0.8775914393469061
2a403dcd8d87f8e17f3fa1beb8d54262	d__Bacteria; p__Acidobacteriota; c__Holophagae; o__Subgroup_7; f__Subgroup_7; g__Subgroup_7	0.9999919218137963
3684ecf4b028e1fd9e80861eb84cbc67	d__Bacteria; p__Proteobacteria; c__Gammaproteobacteria; o__Pseudomonadales; f__Pseudomonadaceae; g__Pseudomonas	0.9926251107110325
a83107b8e56b3a993ccb5e297fa8ddde	d__Bacteria; p__Firmicutes; c__Negativicutes; o__Veillonellales-Selenomonadales; f__Veillonellaceae; g__Veillonella	0.9999999634345091
386966fbb7c87acdc77e6e8c8a3f80ae	d__Bacteria; p__Firmicutes; c__Clostridia; o__Peptostreptococcales-Tissierellales; f__Peptostreptococcales-Tissierellales; g__Peptoniphilus	0.9999999999984706
40998c929039b83dd52922f6824c4000	d__Eukaryota; p__Basidiomycota; c__Microbotryomycetes; o__Sporidiobolales; f__Sporidiobolaceae; g__Sporidiobolus; s__Sporidiobolus_pararoseus	0.7936002752839587
dc9a32c183065ef8493612d8033712c9	d__Bacteria; p__Firmicutes; c__Bacilli; o__Staphylococcales; f__Staphylococcaceae; g__Staphylococcus	0.9999793501964563
04139726b68270272c93e8f3c358fb36	d__Bacteria; p__Proteobacteria; c__Alphaproteobacteria; o__Sphingomonadales; f__Sphingomonadaceae; g__Sphingobium	0.9944884885867438
2a7b04626043a77b92768da05f7813c7	d__Bacteria; p__Proteobacteria; c__Alphaproteobacteria; o__Sphingomonadales; f__Sphingomonadaceae; g__Sandaracinobacter; s__uncultured_bacterium	0.9424272190560535
9d37b90de74bf99a71fcd6c83853b917	d__Bacteria; p__Firmicutes; c__Clostridia; o__Peptostreptococcales-Tissierellales; f__Peptostreptococcales-Tissierellales; g__Peptoniphilus; s__Peptoniphilus_urinimassiliensis	0.8606556881060272
136a20e969b0ee564994888ca3d617ef	d__Bacteria; p__Actinobacteriota; c__Actinobacteria; o__Propionibacteriales; f__Nocardioidaceae; g__Nocardioides	0.9999924945140026
5a2951922a0afe2694103d9fd8523b25	d__Bacteria; p__Proteobacteria; c__Gammaproteobacteria; o__Pseudomonadales; f__Moraxellaceae; g__Acinetobacter	0.9999987678709077
16bef576d0094940f7ce570816a2430a	d__Bacteria; p__Firmicutes; c__Clostridia; o__Peptostreptococcales-Tissierellales; f__Peptostreptococcaceae; g__Peptostreptococcus; s__Peptostreptococcus_canis	0.800972387632747
634ee3d749777cfc8d914f4ce197876f	d__Bacteria; p__Proteobacteria; c__Gammaproteobacteria; o__Burkholderiales; f__Comamonadaceae	0.9999998584139094
d0e275cf2b9c4189b414cefb1b99d6e1	d__Bacteria; p__Actinobacteriota; c__Actinobacteria; o__Frankiales; f__Geodermatophilaceae; g__Modestobacter	0.9936160696107292
cda60150b6abe501159de76a488fa41d	d__Bacteria; p__Actinobacteriota; c__Actinobacteria; o__Frankiales; f__Nakamurellaceae; g__Nakamurella	0.9994601155869993
89c7d74f94454b9c4403e36837895d26	d__Bacteria; p__Actinobacteriota; c__Actinobacteria; o__Propionibacteriales; f__Nocardioidaceae; g__Nocardioides	0.999691511779718
05e94e2f3a1f942df915b8df4edc7453	d__Bacteria; p__Actinobacteriota; c__Actinobacteria; o__Micrococcales; f__Microbacteriaceae; g__Curtobacterium	0.778271572109418
234f7b621913f3f54d100e9e850667f1	d__Bacteria; p__Bacteroidota; c__Bacteroidia; o__Flavobacteriales; f__Flavobacteriaceae; g__Capnocytophaga	0.9999999999994454
8a0be83c0e35056af14aec80e75ece02	d__Bacteria; p__Proteobacteria; c__Alphaproteobacteria; o__Rhizobiales; f__Beijerinckiaceae	0.9991046941347731
cb2d49a889d28b9110f32c94d552384c	d__Bacteria; p__Actinobacteriota; c__Actinobacteria; o__Micrococcales; f__Microbacteriaceae; g__Curtobacterium	0.8058397227679224
0822e450deb7e9cc002d248fb2e35271	d__Eukaryota; p__Mucoromycota; c__Incertae_Sedis; o__Mucorales; f__Rhizopodaceae; g__Rhizopus; s__Rhizopus_oryzae	0.902429258482741
5b91c7f5f58a0a6a9ba0ee7e5d0f4e76	d__Bacteria; p__Proteobacteria; c__Gammaproteobacteria; o__Enterobacterales; f__Enterobacteriaceae	0.980888414485594
ed00627f4d1698df4701f09ddf8d763f	d__Bacteria; p__Deinococcota; c__Deinococci; o__Deinococcales; f__Deinococcaceae; g__Deinococcus; s__uncultured_organism	0.99159985237604
6a46ec93198dc56c6c14aa13c0ca2da4	d__Bacteria; p__Actinobacteriota; c__Actinobacteria; o__Corynebacteriales; f__Corynebacteriaceae; g__Corynebacterium	0.9895951156136691
2948d6082d0373fd1d584963414d7725	d__Bacteria; p__Bacteroidota; c__Bacteroidia; o__Flavobacteriales; f__Weeksellaceae; g__Chryseobacterium	0.9999377389424671
ee5fa7012dadcbb394a6ffbd1f2c9c35	d__Bacteria; p__Proteobacteria; c__Alphaproteobacteria; o__Rhodobacterales; f__Rhodobacteraceae	0.9998235722148662
51f391f173afe9ef2aaa871b32fd7623	d__Bacteria; p__Proteobacteria; c__Alphaproteobacteria; o__Rhizobiales; f__Rhizobiaceae; g__Allorhizobium-Neorhizobium-Pararhizobium-Rhizobium	0.9991892130644837
86afb26cc56c7347e4829b5a1f97f862	d__Bacteria; p__Firmicutes; c__Clostridia; o__Peptostreptococcales-Tissierellales; f__Peptostreptococcales-Tissierellales; g__Anaerococcus	0.999999999986792
be9295ef1c70c33cc5a72e5497fbd6c4	d__Bacteria; p__Actinobacteriota; c__Actinobacteria; o__Propionibacteriales; f__Propionibacteriaceae; g__Cutibacterium	0.999484804784599
cef43f67359a991399b84ff4da855c3d	d__Bacteria; p__Firmicutes; c__Clostridia; o__Peptostreptococcales-Tissierellales; f__Peptostreptococcales-Tissierellales; g__Anaerococcus; s__Anaerococcus_prevotii	0.7359031757923307
1b7947ff35501a6183f38d6b3c466bf2	d__Bacteria; p__Actinobacteriota; c__Actinobacteria; o__Micrococcales; f__Microbacteriaceae; g__Curtobacterium	0.796978546928863
8742d28de99758b8f1c7681b1bf5c9cc	d__Bacteria; p__Firmicutes; c__Bacilli; o__Staphylococcales; f__Staphylococcaceae; g__Staphylococcus	0.9973968631492464
647b854d2a7ff21520e5a152fd792bd2	d__Bacteria; p__Proteobacteria; c__Gammaproteobacteria; o__Pseudomonadales; f__Pseudomonadaceae; g__Pseudomonas	0.9993800855742699
3cffcf85483f692f1ff919dec8fd2ff4	d__Eukaryota; p__Basidiomycota; c__Tremellomycetes; o__Tremellales; f__Bulleribasidiaceae; g__Vishniacozyma; s__Cryptococcus_sp.	0.8658076928453227
3b697b9a4e8ea5699a8eabf03b5d7568	d__Bacteria; p__Proteobacteria; c__Gammaproteobacteria; o__Burkholderiales; f__Comamonadaceae	0.9999983338419641
b0aa07b0f354cbb994845c916224be88	d__Bacteria; p__Acidobacteriota; c__Vicinamibacteria; o__Vicinamibacterales; f__Vicinamibacteraceae	0.9996268526610139
a634e1676b177132da4b3e8455fa663b	d__Bacteria; p__Firmicutes; c__Bacilli; o__Staphylococcales; f__Staphylococcaceae; g__Staphylococcus	0.996767137982092
7f15defc9f6c9f7f9940d7fce72fd242	d__Bacteria; p__Bacteroidota; c__Bacteroidia; o__Flavobacteriales; f__Flavobacteriaceae; g__Flavobacterium; s__Cytophaga_sp.	0.7566596292299297
e5471b69d5913f3c42bf477064aaac6f	d__Eukaryota; p__Ascomycota; c__Saccharomycetes; o__Saccharomycetales; f__Pichiaceae; g__Pichia	0.9999979972112449
ac2d647d48b05216ffef8260606e0476	d__Bacteria; p__Campilobacterota; c__Campylobacteria; o__Campylobacterales; f__Campylobacteraceae; g__Campylobacter; s__Campylobacter_ureolyticus	0.998112481289049
642c69b4a0ce42b742de275f403f369c	d__Bacteria; p__Bacteroidota; c__Bacteroidia; o__Bacteroidales; f__Prevotellaceae; g__Prevotella; s__Prevotella_amnii	0.9999999108793145
75c336720bd08d5086becbe3177f1594	d__Bacteria; p__Actinobacteriota; c__Actinobacteria; o__Frankiales; f__Geodermatophilaceae; g__Blastococcus; s__Blastococcus_aggregatus	0.7715245959856492
30810aa94d806f9edfa07faa0f532987	d__Bacteria; p__Firmicutes; c__Clostridia; o__Lachnospirales; f__Lachnospiraceae; g__Johnsonella; s__uncultured_bacterium	0.9734973253772299
0591ad76a905fdf9e1173ee2348064d2	d__Bacteria; p__Firmicutes; c__Bacilli; o__Bacillales; f__Bacillaceae; g__Bacillus	0.9725915945088212
8e5ef0e5186079a8460f02767e435541	d__Eukaryota; p__Ascomycota; c__Sordariomycetes; o__Microascales; f__Microascaceae; g__Doratomyces; s__Cephalotrichum_stemonitis	0.7525795154325553
bdd9848920ba9f4c68f67ed88309480f	d__Bacteria; p__Chloroflexi; c__Chloroflexia; o__Kallotenuales; f__AKIW781; g__AKIW781	0.9999999967360067
2506525903d9d607cf6e8fe59b218325	d__Bacteria; p__Firmicutes; c__Bacilli; o__Bacillales; f__Bacillaceae; g__Bacillus; s__uncultured_compost	0.8963421004568112
032397c519c42d64ba947db77ab3144a	d__Bacteria; p__Proteobacteria; c__Gammaproteobacteria; o__Enterobacterales; f__Enterobacteriaceae	0.9720890862310373
23ebeaed605f73e3257bf8d4b57ad948	d__Bacteria; p__Proteobacteria; c__Gammaproteobacteria; o__Enterobacterales; f__Enterobacteriaceae	0.9576167511726443
ab8a039b3fcf9c210d35a9327266ca1a	d__Bacteria; p__Firmicutes; c__Bacilli; o__Lactobacillales; f__Leuconostocaceae; g__Weissella; s__Weissella_jogaejeotgali	0.9916791877167634
f2d62a85610948691a21ce2c206c2616	d__Bacteria; p__Proteobacteria; c__Gammaproteobacteria; o__Enterobacterales; f__Enterobacteriaceae	0.8913147410102341
ad0b14adb6e73afd9acdc0f679d018f8	d__Bacteria; p__Actinobacteriota; c__Actinobacteria; o__Corynebacteriales; f__Corynebacteriaceae; g__Corynebacterium; s__Corynebacterium_lipophiloflavum	0.9398541758259331
1ea3b806f17d05291dd9e690f2e2c9d4	d__Bacteria; p__Deinococcota; c__Deinococci; o__Thermales; f__Thermaceae; g__Thermus	0.9999999999999483
8f7fa1da125b33cd771d18acbddb1cf0	d__Bacteria; p__Proteobacteria; c__Alphaproteobacteria; o__Rhizobiales; f__Beijerinckiaceae; g__uncultured; s__uncultured_bacterium	0.8582409196131001
10cbee2714f371a9e6c772a134abe425	d__Bacteria; p__Actinobacteriota; c__Actinobacteria; o__Propionibacteriales; f__Propionibacteriaceae; g__Cutibacterium	0.999837297509362
3a6855ad7a5e926dec8ce69876902aed	d__Bacteria; p__Firmicutes; c__Symbiobacteriia; o__Symbiobacteriales; f__Symbiobacteraceae; g__Symbiobacterium	0.9156766282082721
d28287bd82c3765f32e1d0b9098748ce	d__Bacteria; p__Firmicutes; c__Clostridia; o__Oscillospirales; f__Ruminococcaceae; g__uncultured	0.9922749381392302
b9255be8073a881c0c11103978f3e56b	d__Bacteria; p__Firmicutes; c__Clostridia; o__Oscillospirales; f__Oscillospiraceae; g__Colidextribacter	0.9999465699551652
62daad7404bd3ab07b48fe20b3725e18	d__Bacteria; p__Actinobacteriota; c__Actinobacteria; o__Actinomycetales; f__Actinomycetaceae; g__Actinomyces; s__Buchananella_hordeovulneris	0.8703935374828934
ce463f7b9348ae8970484f28d6dbb3c8	d__Bacteria; p__Fusobacteriota; c__Fusobacteriia; o__Fusobacteriales; f__Leptotrichiaceae; g__Leptotrichia; s__uncultured_Leptotrichia	0.7211871551254825
8b24f835a04fd97ea37de1ca9507f2cd	d__Bacteria; p__Firmicutes; c__Bacilli; o__Staphylococcales; f__Staphylococcaceae; g__Staphylococcus	0.9999673238141754
7586d56bd0d38c860165ca6da0af2493	d__Bacteria	0.8300276625428853
efb5b6198d1829a30a34ba60b7dc27b5	d__Bacteria; p__Actinobacteriota; c__Actinobacteria; o__Micromonosporales; f__Micromonosporaceae	0.9999996680019774
98a46313ea461e85354199f06a6af679	d__Bacteria; p__Actinobacteriota; c__Actinobacteria; o__Actinomycetales; f__Actinomycetaceae; g__Actinomyces	0.999999998739586
227ac57d958fe609ecd99eaa396a67e7	d__Bacteria; p__Proteobacteria; c__Alphaproteobacteria; o__Rhodobacterales; f__Rhodobacteraceae; g__Paracoccus; s__Paracoccus_yeei	0.7264985667180669
ebfafded014b13e3c3730a464e775793	d__Bacteria; p__Bacteroidota; c__Bacteroidia; o__Flavobacteriales; f__Flavobacteriaceae; g__Capnocytophaga; s__Capnocytophaga_granulosa	0.9416237758002926
1ac368133f40c37f13b8dff073cdb06d	d__Bacteria; p__Actinobacteriota; c__Coriobacteriia; o__Coriobacteriales; f__Atopobiaceae; g__Olsenella	0.99998978722123
a5a49a4f6ae229f9e55e0a5cc9a6e40e	d__Bacteria; p__Actinobacteriota; c__Actinobacteria; o__Frankiales; f__Geodermatophilaceae; g__Blastococcus; s__Blastococcus_sp.	0.7839284409581608
c428f2b03126a7fba0b6e8e86dc63672	d__Bacteria; p__Proteobacteria; c__Gammaproteobacteria; o__Cellvibrionales; f__Cellvibrionaceae; g__uncultured; s__uncultured_bacterium	0.9822344588961508
b92cf8f74671952482f5a23bfd19d618	d__Bacteria; p__Bacteroidota; c__Bacteroidia; o__Flavobacteriales; f__Weeksellaceae; g__Empedobacter; s__Empedobacter_brevis	0.9934770542512481
fb5768153466eb663321291a443c1c14	d__Bacteria; p__Bacteroidota; c__Bacteroidia; o__Cytophagales; f__Hymenobacteraceae; g__Pontibacter	0.9999999998645731
0e1d92d79174372c40317d02b2d64237	d__Bacteria; p__Fusobacteriota; c__Fusobacteriia; o__Fusobacteriales; f__Leptotrichiaceae; g__Leptotrichia; s__Leptotrichia_buccalis	0.9073929022541695
52713a898935e5a50866d2f82d9186e0	d__Bacteria; p__Firmicutes; c__Clostridia; o__Lachnospirales; f__Lachnospiraceae; g__[Eubacterium]_hallii_group	0.9999997662593771
5189f0f66a55702d2c16e2d02b8fe3dc	d__Bacteria; p__Bacteroidota; c__Bacteroidia; o__Sphingobacteriales; f__Sphingobacteriaceae; g__Sphingobacterium	0.9999999974562405
b69474ba8175ac4ccff3343015dc463f	d__Bacteria; p__Bdellovibrionota; c__Bdellovibrionia; o__Bdellovibrionales; f__Bdellovibrionaceae; g__Bdellovibrio; s__uncultured_bacterium	0.8744322058449812
fcac58f2267d06e7695da4dfa97e55ce	d__Bacteria; p__Actinobacteriota; c__Actinobacteria; o__Streptomycetales; f__Streptomycetaceae; g__Streptomyces	0.9999156080928847
761e416c323e016bf5dab4d3ea8c5006	d__Bacteria; p__Actinobacteriota; c__Acidimicrobiia; o__Actinomarinales; f__uncultured; g__uncultured; s__bacterium_YC-LK-LKJ19	0.7594412485540564
d9dad64c701f9d668c4981ee2683c8cc	d__Eukaryota; p__Ascomycota; c__Sordariomycetes; o__Hypocreales; f__Nectriaceae; g__Fusarium	0.8373010028036532
1c47a6a0d8e26504c566c68e81ec405b	Unassigned	0.37577327007081074
9441782c463d72101caafa314029d3ea	d__Bacteria; p__Firmicutes; c__Bacilli; o__Lactobacillales; f__Streptococcaceae; g__Streptococcus	0.9999996216428
2291e1c439f12e2dd321c84840ceb3d8	d__Bacteria; p__Bacteroidota; c__Bacteroidia; o__Cytophagales; f__Hymenobacteraceae; g__Hymenobacter; s__Hymenobacter_qilianensis	0.98396265153421
79eff3ecc4f4ebb7460f772aaebfc970	d__Bacteria; p__Proteobacteria; c__Alphaproteobacteria; o__Sphingomonadales; f__Sphingomonadaceae; g__Sphingobium	0.9982094892113601
45a4dc4480f87d6952e368b3afbe33a3	d__Bacteria; p__Bacteroidota; c__Bacteroidia; o__Bacteroidales; f__Prevotellaceae; g__Prevotella; s__Prevotella_genomosp.	0.9890413057432934
c85b231a5fbb02647e808c6a6f2fc9ee	d__Eukaryota; p__Vertebrata; c__Mammalia; o__Mammalia; f__Mammalia; g__Mammalia; s__Homo_sapiens	0.9799074019320729
d13b89258d974dd8e673506bc560431b	d__Bacteria; p__Actinobacteriota; c__Actinobacteria; o__Corynebacteriales; f__Corynebacteriaceae; g__Corynebacterium	0.9967628872851089
4910d15d7f7a34a270252e24480dfd81	d__Bacteria; p__Actinobacteriota; c__Actinobacteria; o__Propionibacteriales; f__Propionibacteriaceae; g__Cutibacterium; s__Cutibacterium_granulosum	0.988675239442111
d416779e068502d5db164f86e37dbac8	d__Bacteria; p__Firmicutes; c__Bacilli; o__Staphylococcales; f__Staphylococcaceae; g__Staphylococcus	0.9999116203838073
c21f5cceec4b23ad295017f4bf214f14	d__Bacteria; p__Actinobacteriota; c__Actinobacteria; o__Propionibacteriales; f__Nocardioidaceae; g__Nocardioides	0.9999763963572805
ccc738c19cd4870c17be46bed5f5cce7	d__Bacteria; p__Proteobacteria; c__Alphaproteobacteria; o__Rhizobiales; f__Beijerinckiaceae; g__Methylobacterium-Methylorubrum	0.9993764932102229
1ac87712acac2242c94006406c258c72	d__Bacteria; p__Firmicutes; c__Bacilli; o__Bacillales; f__Bacillaceae; g__Bacillus; s__Bacillus_niabensis	0.7452908351367762
440057b8001ba92efa15812c88a77ab5	d__Bacteria; p__Firmicutes; c__Bacilli; o__Staphylococcales; f__Staphylococcaceae; g__Jeotgalicoccus	0.9950054996384738
76892fc096c00548272e9a61bca2e601	d__Bacteria; p__Firmicutes; c__Bacilli; o__Lactobacillales; f__Lactobacillaceae; g__Lactobacillus	0.9999998201309676
a67f64d3d6092cc1cbf49f3928c88752	d__Bacteria; p__Actinobacteriota; c__Acidimicrobiia; o__Microtrichales; f__Iamiaceae; g__Iamia	0.9989192073152525
7a2f1aa882c9a2fb442038f3f76a2cc7	d__Bacteria; p__Proteobacteria; c__Gammaproteobacteria; o__Pseudomonadales; f__Pseudomonadaceae; g__Pseudomonas	0.9991755230306822
d399bbf01b093d003323b93e2f3a7e2f	d__Bacteria; p__Proteobacteria; c__Alphaproteobacteria; o__Rhodobacterales; f__Rhodobacteraceae; g__Paracoccus	0.8815026190485646
89f09bd4955faed342307385b73e059b	d__Bacteria; p__Actinobacteriota; c__Actinobacteria; o__Propionibacteriales; f__Nocardioidaceae; g__Actinopolymorpha; s__Actinopolymorpha_singaporensis	0.7524941180571737
b1c14657a674a435c548060bb608300f	d__Bacteria; p__Firmicutes; c__Clostridia; o__Lachnospirales; f__Lachnospiraceae; g__[Ruminococcus]_gauvreauii_group	0.9950285766804529
c50c50beffd6b127f4328737814c4ea9	d__Bacteria; p__Bacteroidota; c__Bacteroidia; o__Chitinophagales; f__Chitinophagaceae; g__Cnuella; s__uncultured_bacterium	0.8951181648565125
3ae60cfbba76b141ab83b023dce8396a	d__Bacteria; p__Firmicutes; c__Clostridia; o__Clostridia; f__Hungateiclostridiaceae	0.9992940429447716
d7bf620bb7fdc1bfdbbbccf74440c549	d__Eukaryota; p__Arthropoda; c__Insecta; o__Hymenoptera; f__Hymenoptera; g__Hymenoptera	0.999998409208027
c32528a976bead507ea3f5dc26284b50	d__Bacteria; p__Proteobacteria; c__Alphaproteobacteria; o__Sphingomonadales; f__Sphingomonadaceae; g__Sphingomonas	0.9999625040198211
c0a487163aa4c64643cea3874f848fe9	d__Bacteria; p__Firmicutes; c__Clostridia; o__Oscillospirales; f__[Eubacterium]_coprostanoligenes_group; g__[Eubacterium]_coprostanoligenes_group; s__uncultured_bacterium	0.9521944926475358
b1a8b36e13c0ea574c1d39c53703ad6c	d__Eukaryota; p__Chlorophyta; c__Trebouxiophyceae; o__Trebouxiophyceae; f__Trebouxiophyceae; g__Trebouxiophyceae; s__Chloroidium_ellipsoideum	0.8298848717833673
c3a958c867afecaed9dbd4b424a33161	d__Bacteria; p__Proteobacteria; c__Gammaproteobacteria; o__Burkholderiales; f__Comamonadaceae; g__Variovorax	0.8370339029705769
ff8dac1dc4ac13f36befba47cafe4c88	d__Bacteria; p__Bacteroidota; c__Bacteroidia; o__Chitinophagales; f__Chitinophagaceae; g__Segetibacter	0.9999828409971145
bf6d594fdac3b44ff6637d23eea7c02f	d__Bacteria; p__Proteobacteria; c__Gammaproteobacteria; o__Pseudomonadales; f__Moraxellaceae; g__Acinetobacter	0.9999042229850751
0d368ac0a23c1fd4cd40f4757b3545c2	d__Bacteria; p__Firmicutes; c__Bacilli; o__Staphylococcales; f__Staphylococcaceae; g__Staphylococcus	0.9985047474977219
36bdadfe0fe5e4d9ae53875a991a4f46	d__Bacteria; p__Firmicutes; c__Bacilli; o__Lactobacillales; f__Streptococcaceae; g__Streptococcus; s__Streptococcus_anginosus	0.9048009821318177
3eb05234f923944617a8b6819c288690	d__Bacteria; p__Firmicutes; c__Bacilli; o__Lactobacillales; f__Streptococcaceae; g__Streptococcus	0.9999792062612689
b4925e9329e27d347d11dad41705d98a	d__Bacteria; p__Firmicutes; c__Clostridia; o__Lachnospirales; f__Lachnospiraceae; g__Johnsonella; s__Johnsonella_ignava	0.9999792934544715
162108c46712f62c80fa1681cd67ba0b	d__Bacteria; p__Proteobacteria; c__Alphaproteobacteria; o__Rickettsiales; f__Mitochondria; g__Mitochondria	0.999999999999976
ed5129622715e73cf2c80a8535ffd27b	d__Bacteria; p__Proteobacteria; c__Gammaproteobacteria; o__Pseudomonadales; f__Moraxellaceae; g__Acinetobacter	0.9999359537668926
b47a67f3af4296277fdb567a3656fb29	d__Bacteria; p__Firmicutes; c__Clostridia; o__Lachnospirales; f__Lachnospiraceae; g__Johnsonella; s__Firmicutes_oral	0.9501716600382955
ffcc7439955a527a46377b63c91709fd	d__Bacteria; p__Actinobacteriota; c__Actinobacteria; o__Actinomycetales; f__Actinomycetaceae; g__Actinomyces; s__Schaalia_odontolytica	0.7947749227133226
2c4d0627bdfb5aa5e7801b890661c172	d__Bacteria; p__Actinobacteriota; c__MB-A2-108; o__MB-A2-108; f__MB-A2-108; g__MB-A2-108; s__uncultured_bacterium	0.995275717754731
679c9251ec066d39b527a8dd8d289b54	d__Bacteria; p__Firmicutes; c__Bacilli; o__Paenibacillales; f__Paenibacillaceae; g__Paenibacillus; s__uncultured_compost	0.9970872968887787
84f2d087eea41fab131b80d153c14f77	d__Bacteria; p__Proteobacteria; c__Gammaproteobacteria; o__Burkholderiales; f__Burkholderiaceae; g__Lautropia; s__metagenome	0.7807593966024003
ab2299beac204bb2e7ca43e2a2c6c265	d__Bacteria; p__Bacteroidota; c__Bacteroidia; o__Cytophagales; f__Spirosomaceae; g__Dyadobacter	0.9999920885820096
1c4aaa6695aa76f366aba6c2303315d2	d__Bacteria; p__Actinobacteriota; c__Actinobacteria; o__Micromonosporales; f__Micromonosporaceae	0.999900177311674
3d99a6b04ddedbfa742db1921006ba7d	d__Bacteria; p__Actinobacteriota; c__Actinobacteria; o__Propionibacteriales; f__Nocardioidaceae; g__Nocardioides; s__Nocardioides_plantarum	0.8962855177757595
86cc023da31d13fcd693df2ed7263536	d__Bacteria; p__Actinobacteriota; c__Actinobacteria; o__Propionibacteriales; f__Propionibacteriaceae; g__Propionibacterium; s__Propionimicrobium_sp.	0.9891049422091318
21c0d36496589c825b4177064a5fbda8	d__Bacteria; p__Proteobacteria; c__Alphaproteobacteria; o__Rhodobacterales; f__Rhodobacteraceae; g__Amaricoccus; s__uncultured_Amaricoccus	0.9439432470870667
d3dd106ce9f961d4cb2997ef51b0f139	d__Bacteria; p__Bacteroidota; c__Bacteroidia; o__Cytophagales; f__Microscillaceae	0.999576634989095
732c91d91d6203bd3a50a4c4fe3a372b	d__Bacteria; p__Actinobacteriota; c__Actinobacteria; o__Propionibacteriales; f__Propionibacteriaceae; g__Cutibacterium	0.9997865462783412
45bdf7701e6f62eb661797cc95cd22b3	d__Bacteria; p__Proteobacteria; c__Gammaproteobacteria; o__Pseudomonadales; f__Pseudomonadaceae; g__Pseudomonas	0.9997120784275029
de0a40a1c1439346ad4dedffd23c0f0e	d__Eukaryota; p__Phragmoplastophyta; c__Embryophyta; o__Pinophyta; f__Pinophyta; g__Pinophyta	0.9999989354158734
ede04aee8d08647c6165ef699432bacc	d__Bacteria; p__Proteobacteria; c__Gammaproteobacteria; o__Xanthomonadales; f__Xanthomonadaceae; g__Luteimonas	0.8310932808877155
bfd70b3d00ded23ea5eb367d2c19cfed	d__Bacteria; p__Firmicutes; c__Clostridia; o__Peptostreptococcales-Tissierellales; f__Peptostreptococcaceae; g__Peptoclostridium	0.7164700766444972
ae66416c4227151df41a2ef8bab2658f	d__Bacteria; p__Proteobacteria; c__Gammaproteobacteria; o__Burkholderiales; f__Oxalobacteraceae; g__uncultured	0.7850994746695509
e777f821357737e212b1530f3651ef8c	d__Bacteria; p__Firmicutes; c__Bacilli; o__Bacillales; f__Bacillaceae; g__Bacillus	0.9937214469217986
1346068ce20e8c9d80dd6bf3db257898	d__Eukaryota; p__Phragmoplastophyta; c__Embryophyta; o__Magnoliophyta; f__Magnoliophyta; g__Magnoliophyta	0.9999988386310973
95369a2f63cb41c83e0821c63e7b469f	d__Bacteria; p__Proteobacteria; c__Gammaproteobacteria; o__Oceanospirillales; f__Alcanivoracaceae1; g__Alcanivorax; s__Alcanivorax_pacificus	0.9881353502415015
43e4e1842bfde31a8aa4e1d7319c95f0	Unassigned	0.4169101406470779
7fec70b23ec6ec38386d4eb5901bd3b8	d__Bacteria; p__Bacteroidota; c__Bacteroidia; o__Sphingobacteriales; f__Sphingobacteriaceae; g__Pedobacter	0.9697379065965839
ec5da6e630d72ecd97feba8d8ba17f60	d__Bacteria; p__Chloroflexi; c__Chloroflexia; o__Thermomicrobiales; f__JG30-KF-CM45; g__JG30-KF-CM45; s__uncultured_bacterium	0.999453790916292
14685fab56f9d514b4dac546fa7a6258	d__Eukaryota	0.999962966599102
d9fb87ce08981d10d6de4e619cf4ff3e	d__Bacteria; p__Proteobacteria; c__Alphaproteobacteria; o__Rhizobiales; f__Rhizobiaceae	0.990966603629488
daa13bcfb9d8efa81d41a31a76833a90	d__Bacteria; p__Bacteroidota; c__Bacteroidia; o__Cytophagales; f__Cyclobacteriaceae; g__uncultured	0.9108465572820169
007e0516f3da2d1d094517dcbf7c3d2b	d__Bacteria; p__Proteobacteria; c__Gammaproteobacteria; o__Pseudomonadales; f__Pseudomonadaceae; g__Pseudomonas	0.8885420840791873
8863b01b94db850fa0923da8211e6520	d__Bacteria; p__Proteobacteria; c__Gammaproteobacteria; o__Pseudomonadales; f__Pseudomonadaceae; g__Pseudomonas	0.9992409879354998
feb619dc0f4f6926ac90f92a522f6c87	d__Bacteria; p__Proteobacteria; c__Alphaproteobacteria; o__Sphingomonadales; f__Sphingomonadaceae; g__Sphingomonas	0.9781709793217559
46c6fb93c794338754a64919da89afab	d__Bacteria; p__Firmicutes; c__Negativicutes; o__Veillonellales-Selenomonadales; f__Veillonellaceae; g__Anaeroglobus; s__Anaeroglobus_geminatus	0.9999680409463625
e56936913c54c1840c0be09d9236d473	d__Bacteria; p__Firmicutes; c__Bacilli; o__Lactobacillales; f__Streptococcaceae; g__Streptococcus	0.9999943639273726
40bfe26ddfa73a8a0e9b18f9067d57e3	d__Bacteria; p__Actinobacteriota; c__Actinobacteria; o__Corynebacteriales; f__Corynebacteriaceae; g__Corynebacterium; s__Corynebacterium_massiliense	0.9995146341875257
13e81a32bcfc308127e659bdd0c683d2	d__Bacteria; p__Firmicutes; c__Bacilli; o__Staphylococcales; f__Staphylococcaceae; g__Staphylococcus	0.9999513174298532
392dccc35425da4033584e07703db341	d__Bacteria; p__Firmicutes; c__Clostridia; o__Peptostreptococcales-Tissierellales; f__Anaerovoracaceae; g__[Eubacterium]_brachy_group; s__uncultured_bacterium	0.9999982431792289
2fd9e5bae97490951db2edad43173253	d__Bacteria; p__Bacteroidota; c__Bacteroidia; o__Flavobacteriales; f__Flavobacteriaceae; g__Capnocytophaga	0.9999999991521186
fc05865b73b71ba6598e2ae0ab29da27	d__Bacteria; p__Bacteroidota; c__Bacteroidia; o__Cytophagales; f__Hymenobacteraceae; g__Pontibacter	0.9999999999202561
0426e6ea6bde995dffa090ade62526e8	d__Bacteria; p__Actinobacteriota; c__Actinobacteria; o__Propionibacteriales; f__Propionibacteriaceae; g__Cutibacterium	0.999776890753774
4e7272216c0641751d9f01625858bde7	d__Bacteria; p__Proteobacteria; c__Alphaproteobacteria; o__Rhodobacterales; f__Rhodobacteraceae; g__Gemmobacter	0.9173453141929705
cac2c4527c638ac00cc1f0bd8cad61e0	d__Bacteria; p__Proteobacteria; c__Alphaproteobacteria; o__Sphingomonadales; f__Sphingomonadaceae; g__Sphingomonas	0.976137282547057
d091ccd9ca2867cc07aa662d8834bec6	d__Bacteria; p__Proteobacteria; c__Alphaproteobacteria; o__Sphingomonadales; f__Sphingomonadaceae; g__Sphingomonas; s__Sphingomonas_phyllosphaerae	0.9069819990851069
0c94b491dfc4a84e56c150d2ffde1835	d__Bacteria; p__Proteobacteria; c__Gammaproteobacteria; o__Pseudomonadales; f__Pseudomonadaceae; g__Pseudomonas	0.9995535718190343
a6b001c4a3d18367ed3345e067b4365c	d__Bacteria; p__Firmicutes; c__Clostridia; o__Lachnospirales; f__Lachnospiraceae	0.9997873006629121
3071bc23c4509479594cec3807912726	d__Bacteria; p__Firmicutes; c__Bacilli; o__Lactobacillales; f__Lactobacillaceae; g__Lactobacillus; s__Lactobacillus_mellis	0.8976800088004554
0051de6a49a7710310306df1081fec7e	d__Bacteria; p__Proteobacteria; c__Alphaproteobacteria; o__Sphingomonadales; f__Sphingomonadaceae; g__Altererythrobacter	0.9366455394241661
540b4ff326740de285db4662e251ec3c	d__Bacteria; p__Bacteroidota; c__Bacteroidia; o__Flavobacteriales; f__Weeksellaceae	0.9999985250874205
39f34a26f68da93cd4c577977c52d785	d__Bacteria; p__Actinobacteriota; c__Actinobacteria; o__Corynebacteriales; f__Nocardiaceae; g__Gordonia	0.9990627030721881
74930317650ea20862a98578d87571f9	d__Bacteria; p__Proteobacteria; c__Gammaproteobacteria; o__Pasteurellales; f__Pasteurellaceae; g__Haemophilus	0.9092249673986919
50083f00f2f1163e8dcf53bd4a435e47	d__Bacteria; p__Proteobacteria; c__Alphaproteobacteria; o__Acetobacterales; f__Acetobacteraceae; g__Roseomonas; s__Acetobacteraceae_bacterium	0.8595222150651713
aa5a503e17dc0e815e093c962fc6faa7	d__Bacteria; p__Actinobacteriota; c__Actinobacteria; o__Streptosporangiales; f__Nocardiopsaceae; g__Thermobifida; s__Thermobifida_fusca	0.9130611250342417
014f1278813d8c5c963ab33400c70b6a	d__Bacteria; p__Proteobacteria; c__Gammaproteobacteria; o__Piscirickettsiales; f__Piscirickettsiaceae; g__Candidatus_Endoecteinascidia; s__uncultured_gamma	0.9620415613937953
3042b9d6c968e78a0dc9469cee580d75	d__Bacteria; p__Firmicutes; c__Clostridia; o__Oscillospirales; f__Ruminococcaceae; g__Candidatus_Soleaferrea; s__uncultured_Firmicutes	0.9841222138618623
b3f87fc2fb006045c2ef8ec15c6a59d0	d__Bacteria; p__Proteobacteria; c__Alphaproteobacteria; o__Sphingomonadales; f__Sphingomonadaceae; g__Rhizorhapis; s__Sphingomonas_sp.	0.8289368542173644
f92372d7033a595a8adb722e2acd1b80	d__Bacteria; p__Actinobacteriota; c__Actinobacteria; o__Micrococcales; f__Microbacteriaceae; g__Curtobacterium	0.7432748774143185
c73c53045e2a59ac4ae916bd7d5becfe	d__Bacteria; p__Proteobacteria; c__Gammaproteobacteria; o__Pseudomonadales; f__Pseudomonadaceae; g__Pseudomonas	0.9993529571297854
35c964b12fb700e02fdb9902028c5f3f	d__Bacteria; p__Firmicutes; c__Clostridia; o__Lachnospirales; f__Lachnospiraceae; g__uncultured; s__Eubacterium_sp.	0.9895739427698401
b847e42a86a5e8a10ae01f1c114b567d	d__Bacteria; p__Actinobacteriota; c__Actinobacteria; o__Micrococcales; f__Microbacteriaceae; g__Agrococcus	0.7622369354923294
c68904f39817b5986bef8d5614ae4f1b	d__Bacteria; p__Proteobacteria; c__Alphaproteobacteria; o__Acetobacterales; f__Acetobacteraceae; g__Roseomonas; s__Roseomonas_gilardii	0.9067834130845529
66b97dfcd4ca4cbacf810329a1b76fbe	d__Bacteria; p__Planctomycetota; c__Planctomycetes; o__Pirellulales; f__Pirellulaceae; g__Pir4_lineage; s__uncultured_bacterium	0.9766656695586705
231f55d173527f0847f63594542957f6	d__Bacteria; p__Proteobacteria; c__Gammaproteobacteria; o__Burkholderiales; f__Burkholderiaceae; g__Ralstonia	0.992409656873219
f2b7d545d880dd1047ec188d3b7b4437	d__Bacteria; p__Actinobacteriota; c__Actinobacteria; o__Corynebacteriales; f__Corynebacteriaceae; g__Corynebacterium; s__Corynebacterium_jeikeium	0.7165360273517811
bb7e2c42b4a9476cc2d5390ec8ac9704	d__Bacteria; p__Hydrogenedentes; c__Hydrogenedentia; o__Hydrogenedentiales; f__Hydrogenedensaceae; g__Hydrogenedensaceae; s__metagenome	0.8333426674146627
3b2c65dace4fd987b2718e1769dfde7d	d__Eukaryota; p__Ascomycota; c__Sordariomycetes; o__Xylariales	0.9394724659173121
1b5c78d55e43bb30ec8845a8b78fe480	d__Bacteria; p__Acidobacteriota; c__Acidobacteriae; o__Acidobacteriales; f__Acidobacteriaceae_(Subgroup_1); g__Terriglobus	0.9998777757566402
6edfe0dddbfb57b53e8912316e11f3de	d__Bacteria; p__Actinobacteriota; c__Actinobacteria; o__Micrococcales; f__Micrococcaceae; g__Arthrobacter	0.7695135853790667
200e2fb1ecc0d37edbce378e6c740b49	d__Bacteria; p__Firmicutes; c__Clostridia; o__Clostridia; f__Hungateiclostridiaceae; g__Fastidiosipila; s__Fastidiosipila_sanguinis	0.9770083070979759
cec9fdb12b1e0c068c3374a7f50160e4	d__Eukaryota; p__Ascomycota; c__Saccharomycetes; o__Saccharomycetales; f__Dipodascaceae; g__Geotrichum; s__Galactomyces_candidus	0.9995396501436928
22644d83b0b79e04f33fde56f1b66ec0	d__Bacteria; p__Actinobacteriota; c__Actinobacteria; o__Micrococcales; f__Intrasporangiaceae; g__Arsenicicoccus; s__Arsenicicoccus_bolidensis	0.8401783961742336
8834ac7c952a998b9c6533d56a847a75	d__Bacteria; p__Firmicutes; c__Bacilli; o__Staphylococcales; f__Staphylococcaceae; g__Staphylococcus	0.9999594974894608
53b9f436a5cb2096b87202b0112865f4	d__Bacteria; p__Proteobacteria; c__Alphaproteobacteria; o__Rhizobiales; f__Rhizobiaceae; g__Allorhizobium-Neorhizobium-Pararhizobium-Rhizobium	0.998384175539045
21e0985699a3127d08f1c1436dfac995	d__Bacteria; p__Bacteroidota; c__Bacteroidia; o__Cytophagales; f__Hymenobacteraceae; g__Pontibacter	0.9999999615694695
c5d2b2beb3994677a8208b2354c21ae6	d__Bacteria; p__Actinobacteriota; c__Actinobacteria; o__Propionibacteriales; f__Propionibacteriaceae; g__Aestuariimicrobium; s__Mycobacterium_abscessus	0.9995300193869167
20412ebf1aa7f79eee3f05a7ffd134fc	d__Bacteria; p__Firmicutes; c__Bacilli; o__Staphylococcales; f__Staphylococcaceae; g__Staphylococcus; s__Staphylococcus_equorum	0.7237011356224411
322e5fc1f0e5dded4e9927121b6dccd0	d__Eukaryota; p__Vertebrata; c__Mammalia; o__Mammalia; f__Mammalia; g__Mammalia	0.9999998415013143
0fd6278ad5f2ac2ef7c5f5b75983d36a	d__Bacteria; p__Proteobacteria; c__Alphaproteobacteria; o__Azospirillales; f__Azospirillaceae; g__Skermanella	0.9936233126270058
49bc2972ae82d396ae200377d7931099	d__Eukaryota; p__Ascomycota; c__Dothideomycetes; o__Pleosporales; f__Incertae_Sedis; g__uncultured; s__uncultured_marine	0.9997633791390514
5ef03fdef25856fa735879fa7f21b589	d__Bacteria; p__Cyanobacteria; c__Cyanobacteriia; o__Chloroplast; f__Chloroplast; g__Chloroplast	0.9290876593115225
6809bb4f1947ffc32c0e417b5c025258	d__Eukaryota; p__Annelida; c__Clitellata; o__Haplotaxida; f__Haplotaxida; g__Haplotaxida; s__Lumbricus_polyphemus	0.9424786370260235
b713af8487d9d72fe531fe1f7e3e0cc0	d__Bacteria; p__Actinobacteriota; c__Actinobacteria; o__Micrococcales; f__Brevibacteriaceae; g__Brevibacterium; s__Brevibacterium_ravenspurgense	0.9284408129579549
f3f0064c4330cec96b4907d06ce351c3	d__Eukaryota; p__Phragmoplastophyta; c__Embryophyta; o__Magnoliophyta; f__Magnoliophyta; g__Magnoliophyta	0.9999998100089311
9865e6abe8c75326f40ea536a6f90be1	d__Bacteria; p__Actinobacteriota; c__Actinobacteria; o__Micrococcales; f__Dermabacteraceae; g__Brachybacterium	0.9962603317521646
88e1fe5aa830fe3cf14ddc2416f2beba	d__Bacteria; p__Bacteroidota; c__Bacteroidia; o__Bacteroidales; f__Porphyromonadaceae; g__Porphyromonas; s__Porphyromonas_sp.	0.999982174017241
f44126151123f5cd9c9dfad3bf436f18	d__Bacteria; p__Actinobacteriota; c__Actinobacteria; o__Actinomycetales; f__Actinomycetaceae; g__Trueperella; s__Trueperella_pyogenes	0.8918445631589447
1c33fae47e03a7bd7664f26737cd0f9d	d__Bacteria; p__Firmicutes; c__Clostridia; o__Peptostreptococcales-Tissierellales; f__Peptostreptococcales-Tissierellales; g__Finegoldia	0.9999999999353946
b6b759a8b3b63c928240ee032f413fe9	d__Bacteria; p__Proteobacteria; c__Gammaproteobacteria; o__Enterobacterales; f__Enterobacteriaceae	0.9550955423538533
15adcbfdcd6919087326959bfba17935	d__Bacteria; p__Firmicutes; c__Bacilli; o__Lactobacillales; f__Streptococcaceae; g__Streptococcus	0.9999998075406138
1cec2601a1a85d199fd2339414f934a3	d__Bacteria; p__Cyanobacteria; c__Cyanobacteriia; o__Chloroplast; f__Chloroplast; g__Chloroplast	0.9999999999998056
6e606a3b9567761d1c5beba915c845b3	d__Bacteria; p__Actinobacteriota; c__Actinobacteria; o__Streptosporangiales; f__Streptosporangiaceae; g__Nonomuraea	0.9987961742805074
70c91e0c62d46ef35cb131df013811b0	d__Eukaryota; p__Vertebrata; c__Mammalia; o__Mammalia; f__Mammalia; g__Mammalia; s__Homo_sapiens	0.9991429170695628
0a9454b43624d61faf45e498aa4ef41c	d__Bacteria; p__Actinobacteriota; c__Actinobacteria; o__Propionibacteriales; f__Propionibacteriaceae; g__Cutibacterium	0.9995192466003484
f4cb65c41bae5a53b6bd4d734c092ec2	d__Bacteria; p__Actinobacteriota; c__Actinobacteria; o__Pseudonocardiales; f__Pseudonocardiaceae; g__Actinomycetospora	0.8963953711518301
60efd6ea6ccbd1efe6d0622305d5e6bf	d__Bacteria; p__Firmicutes; c__Clostridia; o__Lachnospirales; f__Lachnospiraceae; g__uncultured	0.8339030362599711
229869c6e67e85421fc011061648a3ac	d__Bacteria; p__Proteobacteria; c__Alphaproteobacteria; o__Rhodobacterales; f__Rhodobacteraceae	0.9997630691895256
73705b600be8e633c2a5e0176e1439c4	d__Bacteria; p__Proteobacteria; c__Gammaproteobacteria; o__Burkholderiales; f__Neisseriaceae; g__Conchiformibius; s__Conchiformibius_steedae	0.8481384665705971
7ce8ad8c03a45dc0c4bd74a9af6fdd87	d__Bacteria; p__Firmicutes; c__Bacilli; o__Lactobacillales; f__Lactobacillaceae; g__Lactobacillus	0.9979514157487998
890e82083d1289620337692aec4db8e4	d__Bacteria; p__WPS-2; c__WPS-2; o__WPS-2; f__WPS-2; g__WPS-2; s__hydrothermal_vent	0.8521892498319931
b80251935bf87b4832398f83eb900081	d__Eukaryota; p__Vertebrata; c__Mammalia; o__Mammalia; f__Mammalia; g__Mammalia	0.9999947010946786
a8fc1a4488b24c6ecaab36326b3d046f	d__Bacteria; p__Firmicutes; c__Bacilli; o__Lactobacillales; f__Streptococcaceae; g__Streptococcus	0.9999775503852351
ca0fdcf35914e73e6f20e4cc8075f2b9	d__Bacteria; p__Bacteroidota; c__Bacteroidia; o__Bacteroidales; f__Porphyromonadaceae; g__Porphyromonas; s__Porphyromonas_asaccharolytica	0.9743427921553731
8df5a9dcdbe338f2e4673fd0cea5957f	d__Bacteria; p__Actinobacteriota; c__Actinobacteria; o__Micrococcales; f__Microbacteriaceae; g__Curtobacterium	0.771644698849493
35c805342e674b643453806d78f96631	d__Eukaryota; p__Basidiomycota; c__Malasseziomycetes; o__Malasseziales; f__Malasseziaceae; g__Malassezia	0.9999999977731231
bb3d0e480db4c842b3d3b5443a833cfc	d__Bacteria; p__Actinobacteriota; c__Actinobacteria; o__Micrococcales; f__Micrococcaceae; g__Rothia; s__Rothia_dentocariosa	0.8969879644931704
50399a3d4242e1b13b34620551ac36f3	d__Bacteria; p__Firmicutes; c__Clostridia; o__Peptostreptococcales-Tissierellales; f__Peptostreptococcales-Tissierellales; g__Ezakiella; s__Ezakiella_massiliensis	0.9042467365519673
69955bde4b2765ffc594a5350c8ea2d7	d__Eukaryota; p__Ascomycota; c__Sordariomycetes; o__Hypocreales; f__Cordycipitaceae; g__Isaria; s__Cordyceps_javanica	0.8026591406772434
f1eee4934a18c2016a6d498abf69ee69	d__Eukaryota; p__Arthropoda; c__Arachnida; o__Acari; f__Acari; g__Acari; s__Puccinia_striiformis	0.9999883162779928
940cd6cc71c847045ad0cd222a8fc2da	d__Bacteria; p__Proteobacteria; c__Gammaproteobacteria; o__Burkholderiales; f__Comamonadaceae; g__Caenimonas	0.9769055024800667
44acbec7798173dc89b3218937c7ef8b	d__Bacteria; p__Proteobacteria; c__Gammaproteobacteria; o__Pasteurellales; f__Pasteurellaceae; g__Haemophilus	0.7370405157907586
ffff9217f7bfef84267233af81ee5cde	d__Bacteria; p__Fusobacteriota; c__Fusobacteriia; o__Fusobacteriales; f__Fusobacteriaceae; g__Fusobacterium; s__Fusobacterium_sp.	0.9652675979894432
06d63806e2b2a347f6968cc236a14c9f	d__Bacteria; p__Proteobacteria; c__Gammaproteobacteria; o__Xanthomonadales; f__Xanthomonadaceae; g__Xanthomonas	0.9979219203949249
a97d4a322a3f3dd4ff3849b7c81370c6	d__Bacteria; p__Proteobacteria; c__Alphaproteobacteria; o__Rhizobiales; f__Rhizobiaceae; g__Allorhizobium-Neorhizobium-Pararhizobium-Rhizobium	0.9944869354324454
61f5f1a36273c3dbfe81cd89c27f0aec	d__Bacteria; p__Actinobacteriota; c__Actinobacteria; o__Micrococcales; f__Dermacoccaceae; g__Dermacoccus	0.9666272831525711
d6731cb91084fbd48fcf4022789f74a4	d__Bacteria; p__Firmicutes; c__Bacilli; o__Lactobacillales; f__Streptococcaceae; g__Streptococcus	0.9994393127591128
ea4dcda5679d1d21e2774055406b2e1e	d__Bacteria; p__Firmicutes; c__Bacilli; o__Staphylococcales; f__Staphylococcaceae; g__Staphylococcus	0.9999793928536006
215b46f7784e97af8fc329d53c723ed0	d__Eukaryota; p__Phragmoplastophyta; c__Embryophyta; o__Magnoliophyta; f__Magnoliophyta; g__Magnoliophyta; s__Allium_sativum	0.9990401471560814
5f132b243251a3607fbff59553bef7e7	d__Bacteria; p__Proteobacteria; c__Gammaproteobacteria; o__Burkholderiales; f__Comamonadaceae; g__Variovorax	0.8099913600871722
88b7012675055263795880458a4ee068	d__Bacteria; p__Myxococcota; c__Polyangia; o__Polyangiales; f__Polyangiaceae; g__Aetherobacter; s__uncultured_bacterium	0.9641307259890942
d222d67349f4c1b8c6f090df17d4477a	d__Bacteria; p__Actinobacteriota; c__Actinobacteria; o__Corynebacteriales; f__Corynebacteriaceae; g__Corynebacterium	0.9996957947956467
41d9b06963d8a41b8e4d698b882104d9	d__Bacteria; p__Bacteroidota; c__Bacteroidia; o__Bacteroidales; f__Prevotellaceae; g__Alloprevotella; s__Alloprevotella_rava	0.9666832083257388
2a4dfa8360b804e461d0339cbdebe630	d__Bacteria; p__Bacteroidota; c__Bacteroidia; o__Flavobacteriales; f__Weeksellaceae; g__Chryseobacterium	0.999879424315395
beddfee389484ad0424a5ff11c69d217	d__Bacteria; p__Firmicutes; c__Bacilli; o__Lactobacillales; f__Streptococcaceae; g__Streptococcus	0.9995327227894747
e7f561b6a5f10e8c2cdb9ee9f7306810	d__Bacteria; p__Planctomycetota; c__Planctomycetes; o__Pirellulales; f__Pirellulaceae; g__Pirellula	0.998330034076883
166726b64e012817757d52a81c62112a	d__Eukaryota; p__Phragmoplastophyta; c__Embryophyta; o__Pinophyta; f__Pinophyta; g__Pinophyta; s__Pinus_taeda	0.8430137597146745
506a43b121e68697f6ad89a02fd2fce5	d__Bacteria; p__Proteobacteria; c__Gammaproteobacteria; o__Pseudomonadales; f__Pseudomonadaceae; g__Pseudomonas	0.9992554849985756
3b4618e89cf20972e3aa3dcce0cc9ad0	d__Eukaryota; p__Phragmoplastophyta; c__Embryophyta; o__Pinophyta; f__Pinophyta; g__Pinophyta; s__Pinus_taeda	0.7424253697156059
49a2ca2bbfd6777758bc862453db902e	d__Bacteria; p__Actinobacteriota; c__Actinobacteria; o__Propionibacteriales; f__Nocardioidaceae; g__Nocardioides	0.9998137052321588
70d4958068c62fafff88d8cb19acc6dc	d__Bacteria; p__Actinobacteriota; c__Actinobacteria; o__Propionibacteriales; f__Propionibacteriaceae; g__Cutibacterium	0.9998736585033627
bc72ba57da106d49507bf6d456179a24	d__Bacteria; p__Firmicutes; c__Clostridia; o__Lachnospirales; f__Lachnospiraceae; g__uncultured	0.7495965258184832
b620b2ac5c9ee42cb804feb452060762	d__Bacteria; p__Actinobacteriota; c__Actinobacteria; o__Micrococcales; f__Intrasporangiaceae	0.9777277377765496
6afdec157341ded056de5a36fc2edff8	d__Bacteria; p__Proteobacteria; c__Gammaproteobacteria; o__Pseudomonadales; f__Moraxellaceae; g__Enhydrobacter	0.8261821601828642
1f4c286a3a7ae21b4b86ff00f518e309	d__Bacteria; p__Bacteroidota; c__Bacteroidia; o__Cytophagales; f__Spirosomaceae; g__uncultured; s__Spirosoma_pomorum	0.9998091437428362
251b9533c288b901997b0ff962f15ec9	d__Bacteria; p__Actinobacteriota; c__Acidimicrobiia; o__Microtrichales; f__Iamiaceae; g__Iamia; s__metagenome	0.7544873832610086
2b20ec8af3561e78b4816839d4a6030d	d__Bacteria; p__Proteobacteria; c__Gammaproteobacteria; o__Burkholderiales; f__Neisseriaceae; g__Neisseria	0.9992714528966795
52b14ea0f5987cd8f84ac0344b3a14c3	d__Bacteria; p__Firmicutes; c__Bacilli; o__Staphylococcales; f__Staphylococcaceae; g__Staphylococcus	0.9998757225415791
e9f57330be905bc660aa52d52fae284c	d__Bacteria; p__Proteobacteria; c__Gammaproteobacteria; o__Burkholderiales; f__Comamonadaceae; g__Rhodoferax	0.8088121265932378
aa8113006018241dfc53d83c7b7a7620	d__Bacteria; p__Proteobacteria; c__Alphaproteobacteria; o__Sphingomonadales; f__Sphingomonadaceae; g__Sphingomonas; s__Sphingomonas_koreensis	0.9191805491875881
53d7b1f7cee3ac7379c4c5b7f366736a	d__Bacteria; p__Bacteroidota; c__Bacteroidia; o__Sphingobacteriales; f__env.OPS_17; g__env.OPS_17	0.9999999995370411
e70129058b51a76b28936b2f7c97c6ce	d__Bacteria; p__Firmicutes; c__Bacilli; o__Bacillales; f__Bacillaceae; g__Bacillus	0.9220744267637814
8039cd060fce6778d216c3734bf01f2f	Unassigned	0.4761413738131274
34307807e3a3409987e5758cdf8cf392	d__Bacteria; p__Proteobacteria; c__Alphaproteobacteria; o__Rhodospirillales; f__uncultured; g__uncultured; s__metagenome	0.9999996941575701
f7a691653cda8bab70802406d52722ee	d__Bacteria; p__Firmicutes; c__Clostridia; o__Peptostreptococcales-Tissierellales; f__Peptostreptococcales-Tissierellales; g__Anaerococcus; s__Anaerococcus_lactolyticus	0.9940626484047064
e0b02fb2777f6f3fd9c52c0943721555	d__Bacteria; p__Actinobacteriota; c__Actinobacteria; o__Corynebacteriales; f__Corynebacteriaceae; g__Corynebacterium	0.9989976178810376
90aca25a6e4c581b7131d4843b0e01ea	d__Bacteria; p__Proteobacteria; c__Alphaproteobacteria; o__Tistrellales; f__Geminicoccaceae; g__Candidatus_Alysiosphaera; s__uncultured_Alphaproteobacteria	0.9146992483092303
8f506cee808288e2cccf682c9f716016	d__Eukaryota; p__Basidiomycota; c__Agaricomycetes; o__Atheliales; f__Atheliaceae; g__Piloderma; s__Piloderma_fallax	0.9947822468597329
d24bb2c017404b006ba1fa51417324c9	d__Bacteria; p__Bacteroidota; c__Bacteroidia; o__Flavobacteriales; f__Flavobacteriaceae; g__Salegentibacter	0.9977115804735783
c6c71220aa822cd21c594b83142ac9fc	d__Bacteria; p__Cyanobacteria; c__Cyanobacteriia; o__Chloroplast; f__Chloroplast; g__Chloroplast; s__Neochloris_aquatica	0.7303383606419473
fcac523f49122a0c1f28648b5bde3da0	d__Bacteria; p__Proteobacteria; c__Gammaproteobacteria; o__Pseudomonadales; f__Pseudomonadaceae; g__Pseudomonas	0.9944099715556681
84e9bef42fd2e96a92b6122451f0fc13	d__Eukaryota; p__Basidiomycota; c__Malasseziomycetes; o__Malasseziales; f__Malasseziaceae; g__Malassezia	0.999999992176866
819306a69b5c5932c0ddf97bc1c36dd2	d__Eukaryota; p__Basidiomycota; c__Pucciniomycetes; o__Pucciniales; f__Phragmidiaceae; g__Phragmidium; s__Phragmidium_sp.	0.9005421042661593
e2387798b606c04ab13199f031d8a03f	d__Eukaryota; p__Phragmoplastophyta; c__Embryophyta; o__Magnoliophyta; f__Magnoliophyta; g__Magnoliophyta	0.9999881801579449
0cfd9024173afe20c684f57472453fb0	d__Bacteria; p__Firmicutes; c__Bacilli; o__Staphylococcales; f__Staphylococcaceae; g__Auricoccus-Abyssicoccus	0.7061595196697596
7372da5e1cf9873e0ee6c2cf571a401e	d__Bacteria; p__Actinobacteriota; c__Actinobacteria; o__Propionibacteriales; f__Propionibacteriaceae; g__Cutibacterium	0.9887393276902654
7ae8af62bb2b88831baca1db30a19168	d__Bacteria; p__Actinobacteriota; c__Actinobacteria; o__Pseudonocardiales; f__Pseudonocardiaceae; g__Pseudonocardia	0.9983228410280567
97499897da1c394cd096dd9b95ba0ba0	d__Bacteria; p__Proteobacteria; c__Alphaproteobacteria; o__Rhizobiales; f__Beijerinckiaceae; g__Methylobacterium-Methylorubrum	0.9999989582089989
e209c23b4b75d4326fb94e2b4d49dd46	d__Bacteria; p__Actinobacteriota; c__Actinobacteria; o__Propionibacteriales; f__Nocardioidaceae; g__Nocardioides	0.995222509410906
0d4c3625ca411a7fdf93d0b67b863b31	d__Bacteria; p__Proteobacteria; c__Alphaproteobacteria; o__Azospirillales; f__Azospirillaceae; g__Skermanella	0.9973996496265206
74cf8a6bc37e1c9b15f5a65171878e7e	d__Eukaryota; p__Ascomycota; c__Sordariomycetes; o__Hypocreales	0.9935300661035102
ed84ecef0ee4db8247cce87f202082f4	d__Bacteria	0.7798700419207788
e5a4cf942ae080d688f432b87656d24d	d__Bacteria; p__Firmicutes; c__Bacilli; o__Lactobacillales; f__Streptococcaceae; g__Lactococcus; s__Lactococcus_garvieae	0.9587056283215367
6259ce2c84495f67da6818f8a83ebadb	d__Eukaryota; p__Phragmoplastophyta; c__Embryophyta; o__Magnoliophyta; f__Magnoliophyta; g__Magnoliophyta; s__Brassica_oleracea	0.7151116164437884
286cf2e536d15596e829a08b1aff4a78	d__Bacteria; p__Chloroflexi; c__Chloroflexia; o__Thermomicrobiales; f__JG30-KF-CM45; g__JG30-KF-CM45; s__bacterium_QTYC46b	0.9493051034271591
641aa4f0148152b0a9b50bddd9bbc6a6	d__Eukaryota; p__Basidiomycota; c__Cystobasidiomycetes; o__Incertae_Sedis; f__Incertae_Sedis; g__Symmetrospora; s__Symmetrospora_coprosmae	0.855967532179676
cbe2e84cd64228b3ba8caf1b7ee16a56	d__Bacteria; p__Actinobacteriota; c__Thermoleophilia; o__Solirubrobacterales; f__67-14; g__67-14; s__metagenome	0.8578528762926806
48634e87021a940583f3fab21b76db00	d__Bacteria; p__Planctomycetota; c__Planctomycetes; o__Pirellulales; f__Pirellulaceae; g__uncultured; s__uncultured_bacterium	0.9863458339266237
cb29f9f1b2cac6b2b9360e4ec26663f0	d__Eukaryota; p__Phragmoplastophyta; c__Embryophyta; o__Magnoliophyta; f__Magnoliophyta; g__Magnoliophyta; s__Setaria_italica	0.910696431769199
c0f908db3524b33d74be9c572d2f7ca0	d__Eukaryota; p__Ascomycota; c__Eurotiomycetes; o__Eurotiales; f__Trichocomaceae; g__Talaromyces	0.9615627772160666
c17da6861fbe3e5462be3425c9a74c65	d__Bacteria; p__Proteobacteria; c__Alphaproteobacteria; o__Caulobacterales; f__Caulobacteraceae; g__Brevundimonas	0.9999996007088477
97d7ae603be077f886a01f3d52615ec3	d__Bacteria; p__Planctomycetota; c__Planctomycetes; o__Isosphaerales; f__Isosphaeraceae; g__uncultured; s__Singulisphaera_sp.	0.7728361997473853
8b7b7315e0d25a5ddfa288efa18109f1	d__Bacteria; p__Bacteroidota; c__Bacteroidia; o__Chitinophagales; f__Chitinophagaceae; g__Flavisolibacter; s__uncultured_Flavobacterium	0.9362882513086322
5bd91cedd9a029b1b7194f49abc950ef	d__Bacteria; p__Cyanobacteria; c__Cyanobacteriia; o__Chloroplast; f__Chloroplast; g__Chloroplast	0.9999999999999645
25921c2c9369b5acc930378aa2193012	d__Bacteria; p__Actinobacteriota; c__Actinobacteria; o__Micromonosporales; f__Micromonosporaceae; g__Micromonospora	0.9108944157946782
4196a99e70c0487ba083f61fa1c86978	d__Bacteria; p__Firmicutes; c__Bacilli; o__Bacillales; f__Planococcaceae	0.7679317693079584
a8ea80ca07f832902015a165ec7a72ba	d__Bacteria; p__Actinobacteriota; c__Actinobacteria; o__Corynebacteriales; f__Nocardiaceae; g__Gordonia	0.9993375748390285
fa6c83f70b334ec2a675c71c5035fc9f	d__Bacteria; p__Actinobacteriota; c__Actinobacteria; o__Propionibacteriales; f__Propionibacteriaceae; g__Propionibacterium; s__Propionibacterium_cyclohexanicum	0.9525006621293906
906a033c458f275d679279ec454069d0	d__Eukaryota; p__Ascomycota; c__Arthoniomycetes; o__uncultured; f__uncultured; g__uncultured; s__uncultured_eukaryote	0.9077177564122472
ca8288795f0f5e344bc285b4c5b8574b	d__Bacteria; p__Cyanobacteria; c__Cyanobacteriia; o__Chloroplast; f__Chloroplast; g__Chloroplast	0.99999999999986
cfea76705dea5ef1c615ad43363122b5	d__Bacteria; p__Actinobacteriota; c__Actinobacteria; o__Micromonosporales; f__Micromonosporaceae; g__Actinoplanes	0.9462638414354368
181def7993c1764dbd0e19b402d024e3	d__Bacteria; p__Proteobacteria; c__Alphaproteobacteria; o__Tistrellales; f__Geminicoccaceae; g__uncultured	0.9885138223952482
ed9ae8011a8cd0d076ecd6f81cffc8d9	d__Bacteria; p__Proteobacteria; c__Gammaproteobacteria; o__Pseudomonadales; f__Pseudomonadaceae; g__Pseudomonas	0.9089872858194038
39ea78237761b26c8b7635e015106b06	d__Bacteria; p__Firmicutes; c__Bacilli; o__Staphylococcales; f__Staphylococcaceae; g__Staphylococcus	0.9994080401886578
8de1eb5a8ba876f4b10cd53b5ee49968	d__Bacteria; p__Proteobacteria; c__Gammaproteobacteria; o__Burkholderiales; f__Neisseriaceae	0.9999997453461406
3dcaaf55a9ac4dfc498235b823568547	d__Bacteria; p__Bacteroidota; c__Bacteroidia; o__Bacteroidales; f__Prevotellaceae; g__Prevotella; s__Prevotella_genomosp.	0.9972172098656966
4c798c5fb0399d32de53cbac6fca5ad8	d__Bacteria; p__Bacteroidota; c__Bacteroidia; o__Bacteroidales; f__Prevotellaceae; g__Prevotella; s__Prevotella_loescheii	0.9999972137457169
925c15d5a4f8f5b65c8f388c803468cd	d__Bacteria; p__Planctomycetota; c__Phycisphaerae; o__Phycisphaerales; f__Phycisphaeraceae; g__SM1A02; s__metagenome	0.9488333422775393
99166cb1abc7aae1adc3245b6cfdce08	d__Bacteria; p__Cyanobacteria; c__Cyanobacteriia; o__Chloroplast; f__Chloroplast; g__Chloroplast	0.9999999999992739
9ce5f403d035692ade520f5c4006325a	d__Bacteria; p__Bacteroidota; c__Bacteroidia; o__Bacteroidales; f__Porphyromonadaceae; g__Porphyromonas	0.9998048508788158
8a9d98afe856da9b6c3c525256adaf98	d__Bacteria; p__Firmicutes; c__Clostridia; o__Peptostreptococcales-Tissierellales; f__Peptostreptococcales-Tissierellales; g__Anaerococcus	0.999999999998028
a61b4df4c82b3f69cf0121efd56334f0	d__Bacteria; p__Actinobacteriota; c__Actinobacteria; o__Propionibacteriales; f__Propionibacteriaceae; g__Cutibacterium	0.9997007764005253
c66059396c2f543af00b8500e83e6648	d__Eukaryota; p__Vertebrata; c__Mammalia; o__Mammalia; f__Mammalia; g__Mammalia	0.9999992541338487
3a762d6febd1013d604f51266443b8ba	d__Bacteria; p__Actinobacteriota; c__Actinobacteria; o__Corynebacteriales; f__Mycobacteriaceae; g__Mycobacterium	0.9999999238442421
19c3a41783e460d3b91a4bf075b82b78	d__Bacteria; p__Firmicutes; c__Bacilli; o__Lactobacillales	0.9999464435224297
ecc700de20c3c71ea4e865bddf02ba36	d__Bacteria; p__Proteobacteria; c__Gammaproteobacteria; o__Coxiellales; f__Coxiellaceae; g__Coxiella; s__uncultured_bacterium	0.9713319089836459
748ba038015b031e7e68fd2340db760f	d__Bacteria; p__Proteobacteria; c__Gammaproteobacteria; o__Pseudomonadales; f__Moraxellaceae; g__Enhydrobacter	0.8625884783055369
6ba3bbfb9416aeceb5dd335af89002ae	d__Bacteria; p__Proteobacteria; c__Alphaproteobacteria; o__Azospirillales; f__Azospirillaceae; g__Skermanella	0.9988899957491356
c71ca1f22e3c99406892758bcc52c79e	d__Bacteria; p__Firmicutes; c__Bacilli; o__Lactobacillales; f__Streptococcaceae; g__Streptococcus	0.9999953021568522
6781a97965c0070ca57f538168fc00ba	d__Bacteria; p__Actinobacteriota; c__Actinobacteria; o__Propionibacteriales; f__Nocardioidaceae; g__Nocardioides	0.9991954730398175
7d6773172885266f97b10b13ece57441	d__Bacteria; p__Actinobacteriota; c__Actinobacteria; o__Corynebacteriales; f__Corynebacteriaceae; g__Corynebacterium	0.9999303108895744
30c49e947f34f1b3328f0cfe34f90f0d	d__Bacteria; p__Proteobacteria; c__Alphaproteobacteria; o__Caulobacterales; f__Caulobacteraceae; g__Brevundimonas	0.9999998664635432
28bb7e7f8ee521fff7228ae4be157306	d__Eukaryota; p__Amoebozoa; c__Tubulinea; o__Euamoebida; f__Euamoebida; g__BOLA868; s__uncultured_eukaryote	0.9552837337816352
cda73bdf7839286bbbd1f9c9effb32f0	d__Bacteria; p__Proteobacteria; c__Alphaproteobacteria; o__Acetobacterales; f__Acetobacteraceae; g__Craurococcus-Caldovatus; s__uncultured_organism	0.7293760525755255
2bdab001f1d4f3b8fd9ba080f360d060	d__Bacteria; p__Synergistota; c__Synergistia; o__Synergistales; f__Synergistaceae; g__Fretibacterium	0.9999999722189327
38466211ae44b7724bdcdd78a96519fc	d__Eukaryota; p__Phragmoplastophyta; c__Embryophyta; o__Magnoliophyta; f__Magnoliophyta; g__Magnoliophyta	0.9999897066377957
45253419932f4fc0a50ccafcdd48759d	d__Eukaryota; p__Phragmoplastophyta; c__Embryophyta; o__Magnoliophyta; f__Magnoliophyta; g__Magnoliophyta; s__Zea_mays	0.9833411408527761
7c9da01010d67188e0d4e445d9ac64f3	d__Bacteria; p__Actinobacteriota; c__Actinobacteria; o__Micrococcales; f__Micrococcaceae; g__Enteractinococcus; s__uncultured_bacterium	0.7937096471957835
625bc3e6c3827fc1b7950ff889489111	d__Bacteria; p__Acidobacteriota; c__Blastocatellia; o__11-24; f__11-24; g__11-24; s__uncultured_bacterium	0.9741548154404716
325c691c283852ae037cb37a7aa33e19	d__Bacteria; p__Firmicutes; c__Clostridia; o__Lachnospirales; f__Lachnospiraceae; g__Tyzzerella; s__uncultured_Clostridium	0.9201589888107967
b61105df849c371c9af1fed4d0005d6b	d__Bacteria; p__Actinobacteriota; c__Actinobacteria; o__Corynebacteriales; f__Corynebacteriaceae; g__Corynebacterium	0.967590823702691
1c2de19a21230f5f9ed4d9f509940d2f	d__Bacteria; p__Proteobacteria; c__Gammaproteobacteria; o__Burkholderiales; f__Burkholderiaceae; g__Ralstonia	0.9920837442759133
2284706848350bad7362fb071ac29703	d__Bacteria; p__Proteobacteria; c__Gammaproteobacteria; o__Xanthomonadales; f__Xanthomonadaceae; g__Pseudoxanthomonas	0.9999948387030674
4653ded5ca0701c7fc1bd2f6b7c6edad	d__Archaea; p__Halobacterota; c__Halobacteria; o__Halobacterales; f__Haloferacaceae	0.9998830318047166
88c667f62bb10142626ec5e27cb73ae3	d__Bacteria; p__Actinobacteriota; c__Actinobacteria; o__Actinomycetales; f__Actinomycetaceae; g__Actinomyces	0.9999999976328231
7d0d95c4ca4d01756df8f07e9c600db3	d__Bacteria; p__Bacteroidota; c__Bacteroidia; o__Bacteroidales; f__Prevotellaceae; g__Prevotella	0.9995004974636236
782eb3526bbc686462790a4c42144d43	d__Bacteria; p__Proteobacteria; c__Alphaproteobacteria; o__Acetobacterales; f__Acetobacteraceae; g__Roseomonas; s__Roseomonas_ludipueritiae	0.9180413781383706
75e22d2dfc960388f7bc12e0f2ef0575	d__Bacteria; p__Firmicutes; c__Clostridia; o__Peptostreptococcales-Tissierellales; f__Peptostreptococcales-Tissierellales; g__Anaerococcus	0.999999999999539
0b8c72b4eed202839a067c0d21137dd4	d__Bacteria; p__Proteobacteria; c__Gammaproteobacteria; o__Pseudomonadales; f__Pseudomonadaceae; g__Pseudomonas	0.995771542466203
e1097ee7907d3680399c9461cd0aa573	d__Eukaryota; p__Ascomycota; c__Eurotiomycetes; o__Chaetothyriales; f__Trichomeriaceae; g__Knufia	0.7189057911520427
5ae0b971b75693fc19e537ffc7dda30f	d__Bacteria; p__Actinobacteriota; c__Actinobacteria; o__Propionibacteriales; f__Propionibacteriaceae; g__Cutibacterium	0.9999634889630301
94cca46cf4d11dba92ac395d079b11e7	d__Bacteria; p__Firmicutes; c__Bacilli; o__Paenibacillales; f__Paenibacillaceae; g__Paenibacillus	0.9998960937147574
1aeeeec827b8d61e39a2ba2e25c3a532	d__Bacteria; p__Sumerlaeota; c__Sumerlaeia; o__Sumerlaeales; f__Sumerlaeaceae; g__Sumerlaea; s__uncultured_Acidobacteria	0.7713101456241835
98413ed021f49de91b67abb0c8b6ad70	d__Bacteria; p__Firmicutes; c__Clostridia; o__Peptostreptococcales-Tissierellales; f__Peptostreptococcaceae; g__Intestinibacter	0.9940778263112104
4b7f25e21a78640d99a317de785ef8e6	d__Bacteria; p__Cyanobacteria; c__Cyanobacteriia; o__Leptolyngbyales; f__Leptolyngbyaceae; g__Leptolyngbya_PCC-6306; s__uncultured_bacterium	0.7711501195228151
bf16dd0bf834d9705a42b58eb7546cad	d__Bacteria; p__Cyanobacteria; c__Cyanobacteriia; o__Cyanobacteriales; f__Chroococcidiopsaceae; g__Chroococcidiopsis_SAG_2023; s__uncultured_bacterium	0.9999480970534906
1fec00b007031fe22de1d5f41de99d78	d__Bacteria; p__Bacteroidota; c__Bacteroidia; o__Flavobacteriales; f__Flavobacteriaceae; g__Capnocytophaga; s__Capnocytophaga_leadbetteri	0.8755296736053343
a88e086caf60a160b5ba585b5fcab8d4	d__Bacteria; p__Proteobacteria; c__Alphaproteobacteria; o__Sphingomonadales; f__Sphingomonadaceae; g__Sphingobium	0.9995232320993743
1cc6fc8b8964dee61220f3dc53927714	d__Bacteria; p__Firmicutes; c__Bacilli; o__Bacillales; f__Bacillaceae; g__Bacillus	0.9625133017777595
f60a93086421702582b2d4115affadfe	d__Bacteria; p__Firmicutes; c__Bacilli; o__Lactobacillales; f__Lactobacillaceae; g__Lactobacillus	0.999999802112835
565cce1cc87997603deedf7c51a85ead	d__Eukaryota; p__Ascomycota; c__Saccharomycetes; o__Saccharomycetales; f__Incertae_Sedis; g__Candida	0.9999999998488847
e139bdd3f9d2d519e750864864ef1761	d__Bacteria; p__Chloroflexi; c__Chloroflexia; o__Thermomicrobiales; f__JG30-KF-CM45; g__JG30-KF-CM45; s__bacterium_QTYC46b	0.8564551113576636
9b671cb0d2f8ce2886c99470b62fb5f6	d__Eukaryota; p__Phragmoplastophyta; c__Embryophyta; o__Magnoliophyta; f__Magnoliophyta; g__Magnoliophyta	0.9940169763639887
d76bb3095b9cedb7e3ad65e44e12ad63	d__Bacteria; p__Actinobacteriota; c__Coriobacteriia; o__Coriobacteriales; f__Eggerthellaceae; g__Adlercreutzia	0.9810351235788456
2476185f123fdaf143b6379ea74d5422	d__Bacteria; p__Proteobacteria; c__Gammaproteobacteria; o__Pseudomonadales; f__Moraxellaceae; g__Acinetobacter; s__Acinetobacter_ursingii	0.9458803065135661
2a90d335e0cb067d9b646f0a3e6b17c8	d__Bacteria; p__Proteobacteria; c__Gammaproteobacteria; o__Enterobacterales; f__Erwiniaceae; g__Pantoea	0.8294211599142839
f26ac1496fa60547838bcd42b307c62f	d__Eukaryota; p__Ascomycota; c__Sordariomycetes; o__Hypocreales; f__Bionectriaceae; g__Geosmithia; s__Geosmithia_putterillii	0.8084353874463542
a63086b711dd3aeeff6bcb3d0ad406c3	d__Bacteria; p__Proteobacteria; c__Gammaproteobacteria; o__Diplorickettsiales; f__Diplorickettsiaceae; g__Aquicella	0.9999999998845371
fc393cc93d5fefcc64cef0fd1baa720f	d__Bacteria; p__Actinobacteriota; c__Actinobacteria; o__Propionibacteriales; f__Nocardioidaceae; g__Nocardioides; s__metagenome	0.7665255373012209
a194644a1b7199d79245e9d9eab1eb09	d__Bacteria; p__Bacteroidota; c__Bacteroidia; o__Bacteroidales; f__Prevotellaceae; g__Prevotella; s__Prevotella_oris	0.7237393627798985
5736cf2ac02219e8c4a2c64755b1956a	d__Bacteria; p__Actinobacteriota; c__Actinobacteria; o__Micrococcales; f__Micrococcaceae; g__Nesterenkonia; s__Nesterenkonia_sp.	0.730032470770958
9b364a3c82069690873089f66423d0fc	d__Bacteria; p__Proteobacteria; c__Gammaproteobacteria; o__Burkholderiales; f__Rhodocyclaceae; g__Azospira	0.9756732638421777
0266e01f7b29c870992312b79e271702	d__Bacteria; p__Spirochaetota; c__Spirochaetia; o__Spirochaetales; f__Spirochaetaceae; g__Treponema; s__Treponema_sp.	0.99466220109252
85afb4deed4da2e0be2a83cec1e80a07	d__Bacteria; p__Cyanobacteria; c__Cyanobacteriia; o__Cyanobacteriales; f__Nostocaceae; g__Tolypothrix; s__Chlorogloea_microcystoides	0.9996971849766206
86383c5a23467b87e8a39d31bf351a94	d__Eukaryota; p__Vertebrata; c__Mammalia; o__Mammalia; f__Mammalia; g__Mammalia; s__Homo_sapiens	0.9818221496950091
9edc99984d5594aa41ac28523bc0bbf2	d__Bacteria; p__Proteobacteria; c__Gammaproteobacteria; o__Pseudomonadales; f__Moraxellaceae; g__Acinetobacter	0.9999646988708161
9aef3c4c874c4498ed363979f6ee5c5d	d__Bacteria; p__Cyanobacteria; c__Cyanobacteriia; o__Chloroplast; f__Chloroplast; g__Chloroplast	0.9999999999997863
ffa42bd0c200bb520fa16d4a646483ed	d__Bacteria; p__Proteobacteria; c__Alphaproteobacteria; o__Sphingomonadales; f__Sphingomonadaceae	0.9999123200230465
542761930ace513a725cf2d06dfa0d5c	d__Bacteria; p__Methylomirabilota; c__Methylomirabilia; o__Rokubacteriales; f__Rokubacteriales; g__Rokubacteriales	0.9999998688731988
7ec21a9d0371b89dbd618995b33db383	d__Eukaryota; p__Phragmoplastophyta; c__Embryophyta; o__Pinophyta; f__Pinophyta; g__Pinophyta	0.9999999394440221
cca5e6b7b04881b58389da12eb22eeb3	d__Bacteria; p__Proteobacteria; c__Gammaproteobacteria; o__Burkholderiales; f__Rhodocyclaceae; g__Zoogloea	0.9991277555156612
77d3f21750ea9daf5dfc69a37129739c	d__Bacteria; p__Acidobacteriota; c__Blastocatellia; o__11-24; f__11-24; g__11-24; s__uncultured_bacterium	0.8753404251043758
48ebf1074ffaeef6a3f4e341ce9d7073	d__Eukaryota; p__Mollusca; c__Gastropoda; o__Heterobranchia; f__Heterobranchia; g__Heterobranchia	0.9999133150587446
a5a5e84c18b79d1beb3ffc43cad192d0	d__Bacteria; p__Bacteroidota; c__Bacteroidia; o__Chitinophagales; f__Chitinophagaceae; g__Edaphobaculum	0.9996737921739033
2d5a0abd74f123412b98a9b35f2200c2	d__Bacteria; p__Bacteroidota; c__Bacteroidia; o__Flavobacteriales; f__Weeksellaceae; g__Chryseobacterium	0.9998840750554627
c9ece5a09d516dd939b0f7661fbfe5af	d__Bacteria; p__Proteobacteria; c__Alphaproteobacteria; o__Rhizobiales; f__Devosiaceae; g__Devosia	0.9466654256800177
67c102d10f702d6e082eb715ca157a53	d__Eukaryota; p__Ascomycota; c__Dothideomycetes; o__Pleosporales	0.9449089626429206
06aed55ba6923307cb6a76bc5c219ec5	d__Bacteria; p__Bacteroidota; c__Bacteroidia; o__Bacteroidales; f__Prevotellaceae; g__Prevotella; s__Prevotella_sp.	0.9924709119291474
668b45a4570d4e2412df61166178371c	d__Bacteria; p__Bacteroidota; c__Bacteroidia; o__Chitinophagales; f__Chitinophagaceae; g__Terrimonas	0.9828854698326971
9758ea4d086698206657b0e7b8e94106	d__Bacteria; p__Firmicutes; c__Clostridia; o__Lachnospirales; f__Lachnospiraceae; g__Oribacterium; s__uncultured_organism	0.8078818838055987
f651a491a4e27b78c38b26db0fb256ca	d__Bacteria; p__Proteobacteria; c__Gammaproteobacteria; o__Burkholderiales; f__Oxalobacteraceae; g__Massilia	0.9994095128274484
0d22dd86953466522812bee1e2756081	d__Bacteria; p__Firmicutes; c__Clostridia; o__Peptostreptococcales-Tissierellales; f__Peptostreptococcales-Tissierellales; g__Anaerococcus; s__Anaerococcus_octavius	0.958429854419502
4fd56a7b3f45f9470610ad7bf80d783a	d__Bacteria; p__Actinobacteriota; c__Thermoleophilia; o__Gaiellales; f__Gaiellaceae; g__Gaiella; s__metagenome	0.7880383961893398
98314b1eaba16ad4ee4a9dc47c0ce55e	d__Bacteria; p__Firmicutes; c__Bacilli; o__Lactobacillales; f__Aerococcaceae; g__Facklamia; s__Facklamia_ignava	0.9999384498506555
516acfb22c2833b1a0b25acde29fbe6f	d__Bacteria; p__Actinobacteriota; c__Actinobacteria; o__Actinomycetales; f__Actinomycetaceae; g__Actinomyces	0.9999999966157724
786207aeae0510d994dc810f616517fe	d__Bacteria; p__Firmicutes; c__Bacilli; o__Staphylococcales; f__Staphylococcaceae; g__Staphylococcus	0.999446776827982
ac8e83379ff22701da14d8596487afc7	d__Bacteria; p__Actinobacteriota; c__Actinobacteria; o__Bifidobacteriales; f__Bifidobacteriaceae; g__Bifidobacterium	0.9999998992651274
80e974481a782ada4e73d19abe73ef69	d__Bacteria; p__Actinobacteriota; c__Actinobacteria; o__Micrococcales; f__Microbacteriaceae; g__Curtobacterium	0.8153377310035422
0ccfcfc4dfb6f32ab6c30da467e27dab	d__Bacteria; p__Bacteroidota; c__Bacteroidia; o__Cytophagales; f__Spirosomaceae; g__Persicitalea; s__uncultured_bacterium	0.9997122289327779
ab415a3b48e3d72eda91b09a22bd677e	d__Bacteria; p__Bacteroidota; c__Bacteroidia; o__Chitinophagales; f__Chitinophagaceae; g__Edaphobaculum; s__uncultured_bacterium	0.8246077838595771
a68e942922066be2720836655634759d	d__Bacteria; p__Actinobacteriota; c__Actinobacteria; o__Propionibacteriales; f__Propionibacteriaceae; g__Microlunatus	0.7825279700028955
420add4fa6268d462997882eeddf12ae	d__Bacteria; p__Firmicutes; c__Bacilli; o__Bacillales; f__Bacillaceae; g__Bacillus	0.8894234399412537
434ba5a89a150749fd6aae28c82c55ea	d__Bacteria; p__Actinobacteriota; c__Actinobacteria; o__Micrococcales; f__Micrococcaceae; g__Rothia	0.999812618637847
b55f36adef90dba59ac403c9675a8e81	d__Bacteria; p__Actinobacteriota; c__Actinobacteria; o__Micrococcales; f__Brevibacteriaceae; g__Brevibacterium	0.9999994332389455
8966b9dbe089108b49f51dbadf82101e	d__Eukaryota; p__Ascomycota; c__Eurotiomycetes; o__Eurotiales; f__Aspergillaceae	0.9938327682208014
9998e72911f3e1cc6ad1ed644d42c0f8	d__Bacteria; p__Spirochaetota; c__Spirochaetia; o__Spirochaetales; f__Spirochaetaceae; g__Treponema	0.9999999999973318
b510c4c63cd8be09c714feac5020d4a8	d__Bacteria; p__Firmicutes; c__Bacilli; o__Lactobacillales; f__Aerococcaceae; g__Aerococcus	0.999999985608649
6b8c3ab87f0d8aba577ec858659c1f3a	d__Bacteria; p__Proteobacteria; c__Gammaproteobacteria; o__Cardiobacteriales; f__Cardiobacteriaceae; g__uncultured; s__Cardiobacterium_sp.	0.9962805473575601
424fd1c348a1b399f2290a0aca9fabfa	d__Bacteria; p__Firmicutes; c__Bacilli; o__Staphylococcales; f__Staphylococcaceae; g__Staphylococcus	0.9999808426312011
53380d0ed7c1ad59b32db87ee232cd00	d__Bacteria; p__Actinobacteriota; c__Actinobacteria; o__Corynebacteriales; f__Corynebacteriaceae; g__Corynebacterium; s__Corynebacterium_tuberculostearicum	0.7021803894122906
93038492f578dd8ea589f0e66f8f6942	d__Bacteria; p__Proteobacteria; c__Alphaproteobacteria; o__Rhizobiales; f__Beijerinckiaceae; g__1174-901-12; s__uncultured_bacterium	0.913369319348735
3471a70e0597eb16a0191837198e6078	d__Bacteria; p__Firmicutes; c__Bacilli; o__Bacillales; f__Bacillaceae; g__Bacillus; s__Bacillus_thermolactis	0.9909776599449523
b6ced7555667601e85abda4ad637749c	d__Bacteria; p__Actinobacteriota; c__Actinobacteria; o__Propionibacteriales; f__Nocardioidaceae; g__Nocardioides	0.9578009741096302
febfc16a168e064aee149e4debddfba6	d__Eukaryota; p__Basidiomycota; c__Malasseziomycetes; o__Malasseziales; f__Malasseziaceae; g__Malassezia	0.9999999990369888
bef3c869bec9599b852fed3692250563	d__Bacteria; p__Bacteroidota; c__Bacteroidia; o__Sphingobacteriales; f__Sphingobacteriaceae; g__Mucilaginibacter; s__uncultured_bacterium	0.8192404140200719
ed722eadaa4e8fe87795d1ac05cc496e	d__Bacteria; p__Proteobacteria; c__Gammaproteobacteria; o__Burkholderiales; f__Comamonadaceae	0.999995409831143
5a949ca18700b6b90bb7f5478c7499ae	d__Bacteria; p__Proteobacteria; c__Alphaproteobacteria; o__Rhizobiales; f__D05-2; g__D05-2; s__uncultured_bacterium	0.887635339134668
bd41eac76d41e2143bc735283c4ea43a	d__Bacteria; p__Proteobacteria; c__Alphaproteobacteria; o__Caedibacterales; f__Caedibacteraceae; g__Caedibacter; s__uncultured_[Caedibacter]	0.9133926440433465
7c9505c1cfc84b0a847db2d0b7209172	d__Bacteria; p__Bacteroidota; c__Bacteroidia; o__Sphingobacteriales; f__Sphingobacteriaceae; g__Pedobacter	0.7721539103640263
673d7da2feda4cf6f62adcdf801e7da3	d__Bacteria; p__Verrucomicrobiota; c__Verrucomicrobiae; o__Opitutales; f__Opitutaceae; g__Opitutus	0.7661966848757328
b8181149ccfedfbfccbef94e52350741	d__Bacteria; p__Firmicutes; c__Clostridia; o__Christensenellales; f__Christensenellaceae; g__Christensenellaceae_R-7_group	0.9981370017817041
ffbb17e38e9fc419609a483dd06c3bea	d__Bacteria; p__Bacteroidota; c__Bacteroidia; o__Flavobacteriales; f__Flavobacteriaceae; g__Capnocytophaga; s__Capnocytophaga_sp.	0.9207491214443785
9cf327c0cfcbd2cb0fdb5382211f76ca	d__Bacteria; p__Firmicutes; c__Bacilli; o__Bacillales; f__Bacillaceae; g__Geobacillus	0.989097797073904
b383e481975b0985bcc788cd12f1181d	d__Bacteria; p__Actinobacteriota; c__Actinobacteria; o__Micrococcales; f__Microbacteriaceae; g__Microbacterium	0.9875147173856912
f835bbd8569c4c73530313612db93a09	d__Bacteria; p__Firmicutes; c__Bacilli; o__Paenibacillales; f__Paenibacillaceae; g__Paenibacillus	0.9971738243413051
d5d33814aa25a9f3b303e68fe1cf009d	d__Bacteria; p__Firmicutes; c__Clostridia; o__Peptococcales; f__Peptococcaceae; g__uncultured; s__uncultured_bacterium	0.9701572188812526
c76ef1af1e3872c4fbb6db95d716f37b	d__Bacteria; p__Fusobacteriota; c__Fusobacteriia; o__Fusobacteriales; f__Leptotrichiaceae; g__Leptotrichia; s__Leptotrichia_shahii	0.9292549066144333
4037395cba489c32f25461cbe8662ef8	d__Bacteria; p__Proteobacteria; c__Gammaproteobacteria; o__Burkholderiales; f__Rhodocyclaceae; g__Thauera	0.9927601508735523
4946ec5a930a003eefa9153bd3ce9c20	d__Bacteria; p__Deinococcota; c__Deinococci; o__Deinococcales; f__Deinococcaceae; g__Deinococcus; s__Deinococcus_sp.	0.7458788885666151
d68e1bcc8a93451ae9a4ae03e6a1bb44	d__Bacteria; p__Deinococcota; c__Deinococci; o__Deinococcales; f__Deinococcaceae; g__Deinococcus	0.9999999999888926
4e59ebbe5b46209ed71a46c6a5a14ef7	d__Bacteria; p__Proteobacteria; c__Alphaproteobacteria; o__Rhizobiales; f__Rhizobiaceae; g__Ensifer	0.9956218810197304
982f430c9e02045697272254c3b1a7f0	d__Bacteria; p__Firmicutes; c__Bacilli; o__Lactobacillales; f__Lactobacillaceae; g__Lactobacillus	0.9999999812062432
1cbf40c8bebc9c4a840d469c818e3249	d__Bacteria; p__Actinobacteriota; c__Actinobacteria; o__Corynebacteriales; f__Corynebacteriaceae; g__Corynebacterium; s__Corynebacterium_jeikeium	0.7221254072689088
115d431c8c9efd7004af52af876116e1	d__Bacteria; p__Actinobacteriota; c__Actinobacteria; o__Propionibacteriales; f__Propionibacteriaceae; g__Cutibacterium	0.9995494475143638
0da10a8c9082fb2829227d049c4dffaa	d__Eukaryota	0.9990891677551008
70af59ed4b6403b30ad9b90206c36165	d__Bacteria; p__Cyanobacteria; c__Cyanobacteriia; o__Chloroplast; f__Chloroplast; g__Chloroplast	0.9999999999998255
5ae0955bcd5916ae29c5d59fb308e411	d__Bacteria; p__Actinobacteriota; c__Actinobacteria; o__Corynebacteriales; f__Corynebacteriaceae; g__Lawsonella; s__uncultured_bacterium	0.8457695799958883
8194d6478474f8a4fd9f9beaa8b4d497	d__Bacteria; p__Bacteroidota; c__Bacteroidia; o__Bacteroidales; f__Prevotellaceae; g__Prevotella; s__Prevotella_pallens	0.9999534896372734
1652a921bd85b2afcbda462c14e865c0	d__Bacteria; p__Proteobacteria; c__Gammaproteobacteria; o__Pseudomonadales; f__Moraxellaceae; g__Acinetobacter	0.9999999061991184
3103f2cd7b6ae1a3d010b7d69050afdf	d__Bacteria; p__Cyanobacteria; c__Cyanobacteriia; o__Chloroplast; f__Chloroplast; g__Chloroplast; s__Picea_glauca	0.9210567123846166
b2d985440d75094d76c5c77550e436bf	d__Bacteria; p__Actinobacteriota; c__Actinobacteria; o__Corynebacteriales; f__Corynebacteriaceae; g__Corynebacterium; s__Corynebacterium_imitans	0.8762507813535321
186d1413214cd695b142942d410837d7	d__Bacteria; p__Proteobacteria; c__Gammaproteobacteria; o__Pseudomonadales; f__Pseudomonadaceae; g__Pseudomonas	0.9315681781880043
7545c1063d51cf6a5baf91647729409a	d__Bacteria; p__Proteobacteria; c__Alphaproteobacteria; o__Caulobacterales; f__Caulobacteraceae; g__Asticcacaulis	0.9999999939290143
91bf61da86622f9b8490d90914134963	d__Bacteria; p__Actinobacteriota; c__Actinobacteria; o__Propionibacteriales; f__Propionibacteriaceae; g__Cutibacterium	0.9999382824018779
f942a41a224e6f3be0603733efd04a92	d__Eukaryota; p__Ascomycota; c__Dothideomycetes; o__Pleosporales; f__Pleosporaceae	0.9985301814916233
bc8523244a0e96970b8b8b84b950fc1b	d__Bacteria; p__Actinobacteriota; c__Actinobacteria; o__Actinomycetales; f__Actinomycetaceae; g__Actinomyces	0.9999999986892146
5a667d3b4232cc991b5309843540c230	d__Bacteria; p__Actinobacteriota; c__Actinobacteria; o__Corynebacteriales; f__Corynebacteriaceae; g__Corynebacterium	0.9997624953125127
aff171c85bdc9c1957cdc8173806e32d	d__Bacteria; p__Bacteroidota; c__Bacteroidia; o__Cytophagales; f__Cytophagaceae; g__Cytophaga; s__uncultured_Bacteroidetes	0.7560158464592438
f827912e546eba3325dee6f8777c4671	d__Bacteria; p__Proteobacteria; c__Alphaproteobacteria; o__Rhizobiales; f__Rhizobiaceae; g__Phyllobacterium	0.9876752280488488
f61346757c66de4f3470f2643973181b	d__Bacteria; p__Firmicutes; c__Clostridia; o__Clostridia; f__Gracilibacteraceae	0.9999308477814863
1db70d7ed2dc06a71d39dbd335ccfce5	d__Bacteria; p__Chloroflexi; c__JG30-KF-CM66; o__JG30-KF-CM66; f__JG30-KF-CM66; g__JG30-KF-CM66; s__uncultured_bacterium	0.995153467079617
04a811da2ddd70162f4bb0015b7134d1	d__Bacteria; p__Planctomycetota; c__Planctomycetes; o__Pirellulales; f__Pirellulaceae; g__uncultured; s__uncultured_bacterium	0.9006602850754664
02701a1806a5ec5e009fefd4b4ebd5c3	d__Bacteria; p__Actinobacteriota; c__Actinobacteria; o__Micrococcales; f__Microbacteriaceae; g__Curtobacterium	0.7965296101784838
35c4c9f7d36d21b31c35d1a17d04e02e	d__Bacteria; p__Firmicutes; c__Bacilli; o__Bacillales; f__Bacillaceae; g__Gracilibacillus	0.7802113822881622
c0330525d9afa826821cb57995df6ce8	d__Bacteria; p__Actinobacteriota; c__Actinobacteria; o__Propionibacteriales; f__Propionibacteriaceae; g__Pseudopropionibacterium; s__uncultured_bacterium	0.9303193232536371
da5a1999eaaec188e7fc59635343b456	d__Bacteria; p__Proteobacteria; c__Gammaproteobacteria; o__Pseudomonadales; f__Pseudomonadaceae; g__Pseudomonas	0.997104516580916
66305036993a72e885295f425e3aad61	d__Bacteria; p__Actinobacteriota; c__Thermoleophilia; o__Solirubrobacterales; f__Solirubrobacteraceae; g__Solirubrobacter	0.9998939512645639
3dcc6904cfaf2725208d2770d7be1142	d__Bacteria; p__Firmicutes; c__Bacilli; o__Lactobacillales; f__Lactobacillaceae; g__Lactobacillus; s__Lactobacillus_jensenii	0.9756381505258479
8e83e2ca9250febcd65324e73ca5f806	d__Bacteria; p__Proteobacteria; c__Alphaproteobacteria; o__Micropepsales; f__Micropepsaceae; g__uncultured; s__metagenome	0.702331050133951
565fcf9064da17b35a3c6c9cf4710b2d	d__Bacteria; p__Firmicutes; c__Clostridia; o__Lachnospirales; f__Lachnospiraceae	0.99999999911232
b2955b71670f6d9042dc0522ad9e6b21	d__Bacteria; p__Firmicutes; c__Clostridia; o__Lachnospirales; f__Lachnospiraceae; g__Lachnoclostridium	0.779050083451349
04a5e91f8b0fd85266da417812fd0cbf	d__Bacteria; p__Actinobacteriota; c__Actinobacteria; o__Micrococcales; f__Dermabacteraceae; g__Dermabacter	0.9993975329294744
6a18e3999ab0f49149dfe92c4d0a05cf	d__Bacteria; p__Firmicutes; c__Bacilli; o__Staphylococcales; f__Staphylococcaceae; g__Staphylococcus	0.9999808985485265
6ea81829aab23491efa54ab6521b5bd0	d__Bacteria; p__Actinobacteriota; c__Actinobacteria; o__Pseudonocardiales; f__Pseudonocardiaceae; g__Pseudonocardia	0.9991951567123596
e7e94c5d14e5272c89bcfc35b998aee5	d__Bacteria; p__Cyanobacteria; c__Cyanobacteriia; o__Chloroplast; f__Chloroplast; g__Chloroplast	0.9999999999651593
0bf124d78749dfe6c29ee916270e7c1f	d__Bacteria; p__Bacteroidota; c__Bacteroidia; o__Bacteroidales; f__Prevotellaceae; g__Alloprevotella; s__unidentified	0.7148501212507181
b6344766b8aef81ad2dcefb7f08494a9	d__Bacteria; p__Cyanobacteria; c__Cyanobacteriia; o__Chloroplast; f__Chloroplast; g__Chloroplast	0.9809440918698186
2d931abd487cc0290eecaf03fc4837b7	d__Bacteria; p__Actinobacteriota; c__Actinobacteria; o__Micrococcales; f__Brevibacteriaceae; g__Brevibacterium	0.9999999969428891
46ee676219f3138fb4e20e0266adc427	d__Eukaryota; p__Cercozoa; c__Glissomonadida; o__Glissomonadida; f__Glissomonadida; g__Heteromita	0.9999999950242553
df36ac3a1b90e177cbc1e525abf42858	d__Bacteria; p__Proteobacteria; c__Gammaproteobacteria; o__Burkholderiales; f__Neisseriaceae; g__Neisseria	0.9998751415667958
9d68a15f7f4e9afef3c43d137a49cdd8	d__Eukaryota; p__Vertebrata; c__Mammalia; o__Mammalia; f__Mammalia; g__Mammalia	0.9999997410368122
637b92e0e04ff4b0100a7a2e0ba2b4b1	d__Bacteria; p__Actinobacteriota; c__Actinobacteria; o__Corynebacteriales; f__Corynebacteriaceae; g__Corynebacterium	0.9898673452949813
e67f80aad7d6cb52cdd785923f81e0b3	d__Bacteria; p__Firmicutes; c__Clostridia; o__Lachnospirales; f__Lachnospiraceae; g__Lachnospiraceae_NK4A136_group; s__uncultured_organism	0.9660469915667734
b211f6336595e3f92d5cef305a66214b	d__Bacteria; p__Firmicutes; c__Bacilli; o__Erysipelotrichales; f__Erysipelotrichaceae; g__Turicibacter	0.9999996335396862
cd7937e985413e77d3905932a036f058	d__Bacteria; p__Firmicutes; c__Clostridia; o__Clostridiales; f__Clostridiaceae; g__Clostridium_sensu_stricto_1; s__Clostridium_perfringens	0.9436909892940323
7379e0103179144e870268310b9692f9	d__Bacteria; p__Firmicutes; c__Negativicutes; o__Veillonellales-Selenomonadales; f__Veillonellaceae; g__Dialister; s__Dialister_propionicifaciens	0.7026443341788313
6ce5432f01a7ab36dc8d66941deb8b48	d__Bacteria; p__Firmicutes; c__Clostridia; o__Lachnospirales; f__Lachnospiraceae; g__Lachnospiraceae_ND3007_group; s__metagenome	0.841839566819099
cecbf36349287add62e3e2415b9e419f	d__Bacteria; p__Bacteroidota; c__Bacteroidia; o__Chitinophagales; f__Chitinophagaceae; g__Puia; s__uncultured_Niastella	0.7893145876437738
4f7f1ba12aa3a72d8bde681e2db2fa99	d__Bacteria; p__Firmicutes; c__Bacilli; o__Paenibacillales; f__Paenibacillaceae; g__Paenibacillus; s__Paenibacillus_lautus	0.9749981772007263
7abad6c1a85b2a31a16edce0e26fe5ad	d__Bacteria; p__Actinobacteriota; c__Actinobacteria; o__Micrococcales; f__Micrococcaceae; g__Rothia	0.9999491325032362
2fff3bd8243eb80b1ab809c0d7cdad24	d__Bacteria; p__Actinobacteriota; c__Actinobacteria; o__Propionibacteriales; f__Propionibacteriaceae; g__Cutibacterium; s__Cutibacterium_granulosum	0.9919957415737273
34e9ab43019e0b70215e7742442f8318	d__Bacteria; p__Actinobacteriota; c__Actinobacteria; o__Actinomycetales; f__Actinomycetaceae; g__Mobiluncus	0.9999999965751907
8787f5b07b3a316e9a96ded50d5c3bea	d__Bacteria; p__Actinobacteriota; c__Actinobacteria; o__Micrococcales; f__Microbacteriaceae; g__Pseudoclavibacter; s__uncultured_bacterium	0.730211130852888
e3936476facbd149520004dceb18d6ff	d__Bacteria; p__Firmicutes; c__Bacilli; o__Lactobacillales; f__Streptococcaceae; g__Streptococcus	0.9995493751470582
b3a34bdc7e2ca53ddf9ee534011e3efa	d__Bacteria; p__Proteobacteria; c__Gammaproteobacteria; o__Pseudomonadales; f__Moraxellaceae; g__Enhydrobacter	0.8317027068106791
5f99a14d368e1b68b156d7dd39af76c2	d__Bacteria; p__Proteobacteria; c__Gammaproteobacteria; o__Xanthomonadales; f__Rhodanobacteraceae; g__Rudaea	0.9999835301462214
7c0673d2ef9089bd3c072cb7c002fe15	d__Bacteria; p__Proteobacteria; c__Gammaproteobacteria; o__Burkholderiales; f__Alcaligenaceae	0.9999999993605976
7e1a528c60067323701ae7738fe63fd1	d__Bacteria; p__Actinobacteriota; c__Actinobacteria; o__Propionibacteriales; f__Propionibacteriaceae; g__Cutibacterium	0.9997614475179687
b258c82258587fd5f7d130dcc3580d29	d__Bacteria; p__Patescibacteria; c__Gracilibacteria; o__Absconditabacteriales_(SR1); f__Absconditabacteriales_(SR1); g__Absconditabacteriales_(SR1); s__SR1_bacterium	0.997462634507034
63f4b36eb692ae6039d5d82e1079e3e8	d__Bacteria; p__Actinobacteriota; c__Actinobacteria; o__Micrococcales; f__Brevibacteriaceae; g__Brevibacterium; s__Brevibacterium_samyangense	0.9448715554888161
6787ca5a1085c723e8876ff514bb7d9b	d__Bacteria; p__Proteobacteria; c__Gammaproteobacteria; o__Burkholderiales; f__Comamonadaceae; g__Comamonas; s__Comamonas_koreensis	0.760190465733987
cdeae6550cf5fa716f1935eac81a9116	d__Bacteria; p__Firmicutes; c__Negativicutes; o__Veillonellales-Selenomonadales; f__Veillonellaceae; g__Veillonella	0.9999999536253323
5055982b60a2801f4de7b3aeb6f588fd	d__Bacteria; p__Proteobacteria; c__Alphaproteobacteria; o__Rhizobiales; f__Beijerinckiaceae; g__1174-901-12	0.9993564313946612
fbcca3b64beb9ec420171ffbb9bb3763	d__Bacteria; p__Proteobacteria; c__Gammaproteobacteria; o__Pseudomonadales; f__Moraxellaceae; g__Acinetobacter	0.9998802268606292
a4e7cb463d52e4a51cdf40e66882f08c	d__Bacteria; p__Verrucomicrobiota; c__Verrucomicrobiae; o__Chthoniobacterales; f__Chthoniobacteraceae; g__Candidatus_Udaeobacter	0.9998888854588698
e4b24ef4be6845a5a1786bcc4e827a85	d__Bacteria; p__Actinobacteriota; c__Actinobacteria; o__Corynebacteriales; f__Corynebacteriaceae; g__Corynebacterium; s__Corynebacterium_atypicum	0.8140154369087166
13349e9a69c8cfe6f1657a93bcd1418d	d__Bacteria; p__Actinobacteriota; c__Actinobacteria; o__Micrococcales; f__Intrasporangiaceae; g__Ornithinimicrobium	0.7104721151721011
0f69e73fb4ec3c4b527f9bb4550b7cbd	d__Bacteria; p__Actinobacteriota; c__Actinobacteria; o__Micrococcales; f__Micrococcaceae; g__Rothia; s__Rothia_dentocariosa	0.7746209465669261
5380f88acfc8904c28a440c0d978d919	d__Bacteria; p__Proteobacteria; c__Gammaproteobacteria; o__Enterobacterales; f__Erwiniaceae; g__Izhakiella; s__Dickeya_chrysanthemi	0.9999714912316426
1e700fc0cbad291e56c53d824f088f63	d__Bacteria; p__Proteobacteria; c__Gammaproteobacteria; o__Pseudomonadales; f__Pseudomonadaceae; g__Pseudomonas	0.9311515656034864
dd61ed7927a46f7ab6689c3915ad1022	d__Bacteria; p__Actinobacteriota; c__Actinobacteria; o__Micrococcales; f__Intrasporangiaceae	0.9973539819684086
cec1aa776f490b2eed009ac3264d22f4	d__Bacteria; p__Cyanobacteria; c__Cyanobacteriia; o__Cyanobacteriales; f__Nostocaceae; g__Scytonema_UTEX_2349; s__Tolypothrix_sp.	0.9192523696845257
0c8c5503d753edb0669d33c5291cbb3f	d__Bacteria; p__Firmicutes; c__Bacilli; o__Thermoactinomycetales; f__Thermoactinomycetaceae; g__Planifilum; s__uncultured_compost	0.9571089050080812
b6db09fc0fa1b1ddda0644ef5be46742	d__Bacteria; p__Actinobacteriota; c__Actinobacteria; o__Micrococcales; f__Micrococcaceae; g__Rothia	0.9999453594222454
4d4ab1c97b769f9b9f50562c62b93c68	d__Bacteria; p__Chloroflexi; c__Chloroflexia; o__Thermomicrobiales; f__JG30-KF-CM45; g__JG30-KF-CM45; s__uncultured_Thermomicrobium	0.999972246075193
ade071e2f9c70b06fee62037709801d5	d__Eukaryota; p__Basidiomycota; c__Cystobasidiomycetes; o__Cystobasidiales; f__Cystobasidiaceae; g__Cystobasidium; s__Cystobasidium_ongulense	0.9741975314719334
64179055ecadf5d488fbb311cf17fb2f	d__Bacteria; p__Actinobacteriota; c__Actinobacteria; o__Corynebacteriales; f__Corynebacteriaceae; g__Corynebacterium	0.9884486240861788
8e76bb3971bc0c2ca57db55e2e4d893f	d__Bacteria; p__Bacteroidota; c__Bacteroidia; o__Flavobacteriales; f__Flavobacteriaceae; g__Flavobacterium; s__Flavobacterium_suncheonense	0.8527287903167912
fc3cd3346647f90a6effe83beec4bb90	d__Bacteria; p__Proteobacteria; c__Gammaproteobacteria; o__Enterobacterales; f__Morganellaceae; g__Buchnera; s__uncultured_bacterium	0.8789075728207744
b42b03e7601e23ed1b46dbc991cee98d	d__Bacteria; p__Proteobacteria; c__Alphaproteobacteria; o__Rhizobiales; f__Rhizobiaceae	0.9738723967248157
1cc8111051f8107b0005bfe569a91e76	d__Bacteria; p__Firmicutes; c__Clostridia; o__Peptostreptococcales-Tissierellales; f__Peptostreptococcales-Tissierellales; g__Anaerococcus; s__Anaerococcus_octavius	0.9756280026338872
882ca5dd443925755b4325bdd115b31d	d__Bacteria; p__Firmicutes; c__Bacilli; o__Lactobacillales; f__Streptococcaceae; g__Streptococcus	0.999545118852183
eb9a34ad9f4265c62c9786212b62e23b	d__Bacteria; p__Actinobacteriota; c__Actinobacteria; o__Micrococcales; f__Dermacoccaceae; g__Dermacoccus	0.9659121887904042
780373c09e6c351f45264d50e153e9cb	d__Eukaryota; p__Vertebrata; c__Mammalia; o__Mammalia; f__Mammalia; g__Mammalia	0.9999940276591227
ed82e3d00ca665dd3403c0b4cab36ae3	d__Bacteria; p__Firmicutes; c__Clostridia; o__Oscillospirales; f__Ruminococcaceae; g__Subdoligranulum	0.9987037570374202
84d200e82f92fdb5a8e6b1d5291b9602	d__Bacteria; p__Proteobacteria; c__Gammaproteobacteria; o__Xanthomonadales; f__Xanthomonadaceae; g__Xanthomonas	0.997018513932651
3b8624b942e0376fb7160291f83c8406	d__Bacteria; p__Actinobacteriota; c__Actinobacteria; o__Kineosporiales; f__Kineosporiaceae; g__Pseudokineococcus; s__Ornithinimicrobium_sp.	0.7860825193204
d8a5c881c4304b2c4e5a31e44d0eb25e	d__Bacteria; p__Actinobacteriota; c__Acidimicrobiia; o__Microtrichales; f__Iamiaceae; g__Iamia	0.972098615631035
d47128a4c582dd6d213d23b6cfa7a2d6	d__Bacteria; p__Actinobacteriota; c__Actinobacteria; o__Propionibacteriales; f__Nocardioidaceae; g__Marmoricola	0.9628623671199072
f4c24b7c92743100042506aa5d4b2e13	d__Bacteria; p__Proteobacteria; c__Gammaproteobacteria; o__Burkholderiales; f__Neisseriaceae; g__Neisseria	0.9999593562010618
1361fef092e125392d8aacd819c13c66	d__Bacteria; p__Actinobacteriota; c__Actinobacteria; o__Micrococcales; f__Intrasporangiaceae; g__Arsenicicoccus; s__Arsenicicoccus_bolidensis	0.8391608992034514
9fe60bcd7a55ce4ed6b6fde258ac91d7	d__Bacteria; p__Actinobacteriota; c__Actinobacteria; o__Glycomycetales; f__Glycomycetaceae; g__Glycomyces; s__Glycomyces_sediminimaris	0.8102778283302088
04d663f4a577cb56963929f577e2505b	d__Bacteria; p__Chloroflexi; c__Chloroflexia; o__Thermomicrobiales; f__JG30-KF-CM45; g__JG30-KF-CM45; s__uncultured_Chloroflexi	0.8002378840299833
84fdc82a3e3e8d9b99b84c8f60d9bb91	d__Bacteria; p__Proteobacteria; c__Gammaproteobacteria; o__Pseudomonadales; f__Pseudomonadaceae; g__Pseudomonas	0.9239468206160404
ea7c99e4ccf27a80f77228cd5f3b3f6e	d__Bacteria; p__Actinobacteriota; c__Actinobacteria; o__Micrococcales; f__Micrococcaceae; g__Nesterenkonia; s__Nesterenkonia_sp.	0.7597975110966816
022d6383fe6d194c9b52901730bc88a0	d__Bacteria; p__Firmicutes; c__Bacilli; o__Lactobacillales; f__Carnobacteriaceae; g__Granulicatella	0.8126488565331067
64bc0063beddb4a0ca482ef511276eb5	d__Eukaryota; p__Arthropoda; c__Arachnida; o__Acari; f__Acari; g__Acari; s__Dermatophagoides_evansi	0.9999851534635043
45abfa7b93566adac9a2caac5cc910c5	d__Bacteria; p__Firmicutes; c__Bacilli; o__Lactobacillales; f__Lactobacillaceae; g__Lactobacillus	0.9999998435481923
79b77345d4c86b5c994e0649d1fb5889	d__Bacteria; p__Bacteroidota; c__Bacteroidia; o__Flavobacteriales; f__Flavobacteriaceae; g__Salinimicrobium; s__uncultured_bacterium	0.9620397839638792
52903c5d4da7a918f732716376cce558	d__Eukaryota; p__Ascomycota; c__Dothideomycetes	0.9125634312625804
76273dd3f25fc8200fd12c4d6a1d93f5	d__Bacteria; p__Actinobacteriota; c__Thermoleophilia; o__Solirubrobacterales; f__67-14; g__67-14; s__uncultured_Rubrobacteraceae	0.9942026153746064
a35a00aef98fec75c20e88b4ac9c181e	d__Bacteria; p__Proteobacteria; c__Alphaproteobacteria; o__Acetobacterales; f__Acetobacteraceae; g__Craurococcus-Caldovatus; s__Craurococcus_roseus	0.9512396548933554
fb5d345c0bf49ee84910148d63273a85	d__Bacteria; p__Proteobacteria; c__Alphaproteobacteria; o__Rhizobiales; f__Rhizobiaceae; g__Phyllobacterium	0.9829565949596727
07355d463fa28c99aed0982866420e2c	d__Bacteria; p__Actinobacteriota; c__Actinobacteria; o__Streptomycetales; f__Streptomycetaceae; g__Streptomyces; s__Embleya_scabrispora	0.9786312044053194
348443cdb9cef903394e0ded205db60e	d__Bacteria; p__Proteobacteria; c__Alphaproteobacteria; o__Rhizobiales; f__Beijerinckiaceae; g__Microvirga	0.9999904644242622
89ded7949c197ad2f0b1497c0aaed700	d__Bacteria; p__Proteobacteria; c__Alphaproteobacteria; o__Rickettsiales; f__Mitochondria; g__Mitochondria	0.9999999999999962
e8a3a56ff9709388eb0ce369cb418152	d__Bacteria; p__Proteobacteria; c__Gammaproteobacteria; o__Enterobacterales; f__Enterobacteriaceae	0.9535112847447998
b991dcc86b300716809ab7713772fa4a	d__Bacteria; p__Proteobacteria; c__Gammaproteobacteria; o__Salinisphaerales; f__Solimonadaceae; g__Panacagrimonas; s__uncultured_bacterium	0.997062086073803
3cb0a863f41c38ca2f2be16b6262be26	d__Bacteria; p__Firmicutes; c__Bacilli; o__Bacillales; f__Planococcaceae; g__Sporosarcina; s__uncultured_bacterium	0.7815109309768766
e6d6b71596bcbe8360948f3ea8d3b704	d__Eukaryota; p__Ascomycota; c__Leotiomycetes; o__Helotiales; f__Sclerotiniaceae	0.7755028515163627
79149faf05755069853180130e348f94	d__Bacteria; p__Actinobacteriota; c__Actinobacteria; o__PeM15; f__PeM15; g__PeM15; s__metagenome	0.733787309581133
638b81fe967216d13c9186c7da2e4b22	d__Bacteria; p__Actinobacteriota; c__Actinobacteria; o__Propionibacteriales; f__Nocardioidaceae; g__Nocardioides	0.9977035231326844
d7dd3d3e872bfd8bd2acb6d94fdbffa4	d__Eukaryota; p__Phragmoplastophyta; c__Embryophyta; o__Magnoliophyta; f__Magnoliophyta; g__Magnoliophyta	0.999999986292903
2aff526edafe306803f38dacfc185ea7	d__Eukaryota; p__Basidiomycota; c__Agaricomycetes; o__Cantharellales; f__Tulasnellaceae; g__Tulasnella; s__Tulasnella_violea	1.0
1f543c966e084e61785f2ad3acaddd11	d__Bacteria; p__Firmicutes; c__Bacilli; o__Lactobacillales; f__Streptococcaceae; g__Streptococcus	0.9999733440908793
81cafbf5ee1d2090a77f5b991bd9fede	d__Bacteria; p__Actinobacteriota; c__Actinobacteria; o__Micrococcales; f__Micrococcaceae; g__Micrococcus	0.9919067387565752
65130649dae349b59a93caae2592b606	d__Bacteria; p__Bacteroidota; c__Bacteroidia; o__Sphingobacteriales; f__env.OPS_17; g__env.OPS_17; s__uncultured_bacterium	0.8154471931585684
662e79f6755519ac3417baf0a6d7daa5	d__Bacteria; p__Proteobacteria; c__Gammaproteobacteria; o__Enterobacterales; f__Enterobacteriaceae	0.9533433781018508
edba3f19b9eea8816447c6e3376fa120	d__Bacteria; p__Bacteroidota; c__Bacteroidia; o__Bacteroidales; f__Prevotellaceae; g__Prevotella; s__Prevotella_buccae	0.9999891703491741
27b248b99ad3977ae33153cca77403fb	d__Bacteria; p__Bacteroidota; c__Bacteroidia; o__Sphingobacteriales; f__Sphingobacteriaceae; g__Mucilaginibacter	0.9945708094581217
4ca76696e0e05584745b3762c6f67748	d__Bacteria; p__Bacteroidota; c__Bacteroidia; o__Bacteroidales; f__Prevotellaceae; g__Prevotella	0.9990974501028762
f4d026f94b58775046ca0191769eab3a	d__Bacteria; p__Cyanobacteria; c__Cyanobacteriia; o__Chloroplast; f__Chloroplast; g__Chloroplast	0.9999999999999893
f49f7a580b1e5da2afd25d8f3415110c	d__Eukaryota; p__Phragmoplastophyta; c__Embryophyta; o__Pinophyta; f__Pinophyta; g__Pinophyta; s__Pinus_taeda	0.7887958830220606
ef58a719dfa568773629cce971f8651b	d__Bacteria; p__Proteobacteria; c__Gammaproteobacteria; o__Alteromonadales; f__Alteromonadaceae; g__Rheinheimera; s__Pararheinheimera_chironomi	0.758780160267457
a42d8fbd349baededd03c79cd01c7094	d__Bacteria; p__Actinobacteriota; c__Actinobacteria; o__Micrococcales; f__Microbacteriaceae	0.999794429635841
26f7d93f6c1eb4e263b9f5171385d9dd	d__Bacteria; p__Proteobacteria; c__Gammaproteobacteria; o__Burkholderiales; f__Oxalobacteraceae; g__Noviherbaspirillum	0.9647277495393902
8964ab5fa77b13af4f67b3f3db9fd65b	d__Bacteria; p__Proteobacteria; c__Alphaproteobacteria; o__Rhizobiales; f__Beijerinckiaceae; g__Methylobacterium-Methylorubrum	0.9999998621505694
0b092a23125ad36606e234dbac7f73a1	d__Bacteria; p__Proteobacteria; c__Gammaproteobacteria; o__Burkholderiales; f__Oxalobacteraceae; g__Massilia	0.998407193577468
2e8f3e7d89c868dffea51b63e3a00d8d	d__Bacteria; p__Actinobacteriota; c__Actinobacteria; o__Propionibacteriales; f__Propionibacteriaceae; g__Microlunatus	0.9909760008850671
03798e345b1756e7f53b9da6f57d7a9d	d__Bacteria; p__Bacteroidota; c__Bacteroidia; o__Sphingobacteriales; f__Sphingobacteriaceae; g__Pedobacter	0.9596362936907419
d0364dc9c40fe28410c9e6d22e683811	d__Bacteria; p__Proteobacteria; c__Alphaproteobacteria; o__Rhizobiales; f__Rhizobiaceae; g__Corticibacterium; s__Corticibacterium_populi	0.7313683187272815
e3d0f8ead156a1c27ca600eb4e2ed71a	d__Eukaryota; p__Ascomycota; c__Sordariomycetes; o__Hypocreales; f__Incertae_Sedis; g__Sarocladium; s__uncultured_fungus	0.9421649540864148
d6395e76fceb491458bc06a8e675ae38	d__Bacteria; p__Cyanobacteria; c__Cyanobacteriia; o__Chloroplast; f__Chloroplast; g__Chloroplast	0.9999999999971128
76e0e9f614fede74311dd0ac60b5da59	d__Bacteria; p__Proteobacteria; c__Gammaproteobacteria; o__Burkholderiales; f__Methylophilaceae; g__Methylophilus; s__uncultured_bacterium	0.7823255118478705
15748d8fe56af9f8bf5d8186bd7de92e	d__Bacteria; p__Proteobacteria; c__Alphaproteobacteria; o__Sphingomonadales; f__Sphingomonadaceae; g__Sphingomonas	0.9880078083639825
f001b66050af6dc7a2e199c77aadd09d	d__Bacteria; p__Proteobacteria; c__Alphaproteobacteria; o__Sphingomonadales; f__Sphingomonadaceae	0.9999445985257853
603fe83a6a59dddac72ffee914e8e21a	d__Bacteria; p__Deinococcota; c__Deinococci; o__Deinococcales; f__Deinococcaceae; g__Deinococcus; s__Deinococcus_reticulitermitis	0.999850653836846
1366e2fe7f6fa48ee2b377a92c20e3c0	d__Bacteria; p__Firmicutes; c__Clostridia; o__Oscillospirales; f__Oscillospiraceae; g__Oscillibacter	0.999999513670156
36bedeb9ba790aefdf616d45f5a0e569	d__Bacteria; p__Proteobacteria; c__Alphaproteobacteria; o__Rhizobiales; f__Rhizobiaceae; g__Phyllobacterium	0.9876853267917172
9513c52c77330f3a1995149c7a88f06b	d__Bacteria; p__Firmicutes; c__Bacilli; o__Staphylococcales; f__Staphylococcaceae; g__Staphylococcus	0.9999497652813653
a7ed32840af4524cdcbcc859a1d11b40	d__Bacteria; p__Proteobacteria; c__Gammaproteobacteria; o__Pseudomonadales; f__Moraxellaceae; g__Enhydrobacter	0.8308683246186945
dadb3577064c19811067fab65dc0a760	d__Bacteria; p__Actinobacteriota; c__Actinobacteria; o__Propionibacteriales; f__Propionibacteriaceae; g__Cutibacterium	0.9999112516682441
3ea0f19d2592165d4113e1397634bf51	d__Bacteria; p__Proteobacteria; c__Alphaproteobacteria; o__Sphingomonadales; f__Sphingomonadaceae; g__Sphingomonas	0.9759283833808237
10c2a974020f91502a4818534480db2c	d__Bacteria; p__Proteobacteria; c__Alphaproteobacteria; o__Rhodobacterales; f__Rhodobacteraceae	0.9983480732575901
5e41f116a73057d8bfdcef22033211ce	d__Bacteria; p__Firmicutes; c__Clostridia; o__Peptococcales; f__Peptococcaceae; g__Peptococcus	0.9999999996271611
c06d07afb648c8b8f1dfc22391850f4b	d__Bacteria; p__Actinobacteriota; c__Actinobacteria; o__Propionibacteriales; f__Propionibacteriaceae; g__Cutibacterium	0.9997519839672012
756b2eb3bd6ef3812bdc2d58c309a434	d__Bacteria; p__Proteobacteria; c__Gammaproteobacteria; o__Pseudomonadales; f__Moraxellaceae; g__Moraxella; s__unidentified	0.9999921229105574
a8a8751cadfa2453c0fa346f6a1e3c65	d__Bacteria; p__Bacteroidota; c__Bacteroidia; o__Bacteroidales; f__Prevotellaceae; g__Prevotella; s__Prevotella_corporis	0.9983340607072438
8185a2f6026e6502a5e12c0ed3fd1cd4	d__Bacteria; p__Firmicutes; c__Clostridia; o__Peptostreptococcales-Tissierellales; f__Peptostreptococcales-Tissierellales; g__Anaerococcus	0.9999999999993521
a68eae5d37813e917335d9d3554857ac	d__Eukaryota; p__Ascomycota; c__Saccharomycetes; o__Saccharomycetales; f__Pichiaceae; g__Ogataea-Candida_clade	0.9999996607375935
15e5d66df1f7a4f50161400ded5bd993	d__Bacteria; p__Actinobacteriota; c__Actinobacteria; o__Micrococcales; f__Micrococcaceae; g__Rothia	0.9996604145415486
ce38bd2e51fa562847f0ac4a3dd360b3	d__Bacteria; p__Cyanobacteria; c__Cyanobacteriia; o__Chloroplast; f__Chloroplast; g__Chloroplast	0.9999999999877427
e12a1862b9fa69a25d84ddd327042ae7	d__Bacteria; p__Bacteroidota; c__Bacteroidia; o__Flavobacteriales; f__Weeksellaceae; g__Chryseobacterium; s__Chryseobacterium_koreense	0.7568369539203207
754e9d9e75ddeade273418b47cef1fc6	d__Bacteria; p__Firmicutes; c__Bacilli; o__Bacillales; f__Bacillaceae; g__Bacillus	0.9725623962729107
07a332ee0040264aa5d23636a4fe6664	d__Bacteria; p__Proteobacteria; c__Gammaproteobacteria; o__Burkholderiales; f__Comamonadaceae; g__Azohydromonas	0.7905747916070673
8d114f36bd9eea9ece8ec0b46f2eb252	d__Bacteria; p__Proteobacteria; c__Gammaproteobacteria; o__Pseudomonadales; f__Moraxellaceae; g__Acinetobacter	0.9959621986389063
6408bc5a91c444d0777d7d1561e47848	d__Bacteria; p__Firmicutes; c__Negativicutes; o__Veillonellales-Selenomonadales; f__Selenomonadaceae; g__Selenomonas	0.7231514534300592
5f82284347a3bf4a2fb53967a0798b82	d__Bacteria; p__Actinobacteriota; c__Actinobacteria; o__Frankiales; f__Geodermatophilaceae; g__Modestobacter	0.847438438780316
2adba792249e7aafd224ffa0bc3e2ffc	d__Bacteria; p__Proteobacteria; c__Gammaproteobacteria; o__Pseudomonadales; f__Moraxellaceae; g__Acinetobacter	0.999212301478378
259057cc570faf00f3c98ceece5b8781	d__Bacteria; p__Bacteroidota; c__Bacteroidia; o__Flavobacteriales; f__Flavobacteriaceae; g__Gramella	0.9999975205239594
1f58ac4e2d815960db34b1aff1f88a54	d__Bacteria; p__Actinobacteriota; c__Actinobacteria; o__Propionibacteriales; f__Propionibacteriaceae; g__Propioniciclava; s__Propioniciclava_sp.	0.9926559068843063
98dc3213c26fc9393f32a69de5805512	d__Bacteria; p__Proteobacteria; c__Gammaproteobacteria; o__Enterobacterales; f__Enterobacteriaceae	0.9598019628378178
7b95f58063fe68bae551144853de62d8	d__Bacteria; p__Proteobacteria; c__Gammaproteobacteria; o__Pseudomonadales; f__Pseudomonadaceae; g__Pseudomonas	0.9190469261019866
599dc528e5095f6ba16792ab6c9a0979	d__Bacteria; p__Proteobacteria; c__Alphaproteobacteria; o__Rhodobacterales; f__Rhodobacteraceae; g__Rubellimicrobium	0.9973828517992629
516e5ad76dc69a3e6d5676f10cb17870	d__Bacteria; p__Verrucomicrobiota; c__Verrucomicrobiae; o__Verrucomicrobiales; f__Verrucomicrobiaceae; g__Verrucomicrobium; s__uncultured_bacterium	0.7218902343435575
f58e02e1bf78a0cb017c459559abba1f	d__Bacteria; p__Proteobacteria; c__Alphaproteobacteria; o__Rhodobacterales; f__Rhodobacteraceae; g__Rhodobacter; s__Rhodobacter_sphaeroides	0.9075932454671156
29831fea948747667e037a5590810118	d__Bacteria; p__Proteobacteria; c__Gammaproteobacteria; o__Burkholderiales; f__Oxalobacteraceae; g__Massilia	0.9995339390425537
d82e38b4875db793dddb2d5b06912e67	d__Bacteria; p__Proteobacteria; c__Alphaproteobacteria; o__Rhizobiales; f__Xanthobacteraceae; g__Bradyrhizobium	0.8253925739990945
09af6c0fe84cebadf9cf6902a6bf514c	d__Bacteria; p__Actinobacteriota; c__Actinobacteria; o__Micrococcales; f__Microbacteriaceae; g__Leucobacter; s__uncultured_Leucobacter	0.7617073402160874
8076cf1435db659c74129baf20774d71	d__Eukaryota; p__Basidiomycota; c__Ustilaginomycetes; o__Ustilaginales; f__Ustilaginaceae; g__Ustilago	0.9770794193003924
0216a1028420f7a73c14b4af50fd0441	d__Bacteria; p__Cyanobacteria; c__Cyanobacteriia; o__Cyanobacteriales	0.980841932762739
fed6f69a7f8f5e52b8d9154cf51a7a23	d__Bacteria; p__Acidobacteriota; c__Vicinamibacteria; o__Vicinamibacterales; f__Vicinamibacteraceae; g__Vicinamibacteraceae	0.9991453727939874
78746294f1dbe36abee16120abe2cea8	d__Bacteria; p__Actinobacteriota; c__Coriobacteriia; o__Coriobacteriales; f__Atopobiaceae; g__Atopobium; s__uncultured_rumen	0.7116069276319789
9c1fce5320876bd76fd157a68edd9140	d__Bacteria; p__Actinobacteriota; c__Actinobacteria; o__Frankiales; f__Geodermatophilaceae; g__Blastococcus	0.7353554436439205
d8005eb8ca2f02bb19a386f0500a9947	d__Bacteria; p__Firmicutes; c__Clostridia; o__Lachnospirales; f__Lachnospiraceae; g__Lachnospira	0.999470900057512
b80fa33ffd988c2ca8d0e0b5676d93c2	d__Bacteria; p__Bacteroidota; c__Bacteroidia; o__Bacteroidales; f__Prevotellaceae; g__Prevotella; s__Prevotella_intermedia	0.997940090310916
6e2e1c7e3f4ff1e070a24439c49bcd0e	d__Bacteria; p__Actinobacteriota; c__Actinobacteria; o__Propionibacteriales; f__Propionibacteriaceae; g__Tessaracoccus	0.9970656097141334
ccaf6f0bbed11097cb4563725f355cb2	d__Bacteria; p__Actinobacteriota; c__Actinobacteria; o__Corynebacteriales; f__Corynebacteriaceae; g__Corynebacterium; s__Corynebacterium_tuberculostearicum	0.7150932086190851
198c793143cb375383464c42751052f7	d__Bacteria; p__Proteobacteria; c__Gammaproteobacteria; o__Pseudomonadales; f__Pseudomonadaceae; g__Pseudomonas	0.997925288457865
32bb4176c89a9a4ff75e7a92cfa29483	d__Bacteria; p__Proteobacteria; c__Gammaproteobacteria; o__Burkholderiales; f__Neisseriaceae; g__Snodgrassella; s__Snodgrassella_alvi	0.8269513961848016
14f133a57b64c1a833120404784be84b	d__Bacteria; p__Actinobacteriota; c__Actinobacteria; o__Streptomycetales; f__Streptomycetaceae; g__Streptomyces	0.9999362841018516
e00255757370ad24e26a5ad8f0b6a425	d__Bacteria; p__Acidobacteriota; c__Vicinamibacteria; o__Vicinamibacterales; f__Vicinamibacteraceae; g__Luteitalea; s__uncultured_bacterium	0.8947496233905452
f67db4659eecf5d1ca38fbd3783fb85c	d__Bacteria; p__Bacteroidota; c__Kapabacteria; o__Kapabacteriales; f__Kapabacteriales; g__Kapabacteriales; s__uncultured_Chlorobiales	0.8851656790162185
013a78d518c8205ccb03597420c29bc4	d__Bacteria; p__Proteobacteria; c__Alphaproteobacteria; o__Sphingomonadales; f__Sphingomonadaceae; g__Sphingomonas; s__uncultured_Sphingomonas	0.7449647790069436
7e474e9ab2364cbee280e2498dea9328	d__Bacteria; p__Actinobacteriota; c__Actinobacteria; o__Corynebacteriales; f__Dietziaceae; g__Dietzia	0.9985248580498006
a83eb9ce9a1426cdc1b5d046531ee682	d__Bacteria; p__Firmicutes; c__Negativicutes; o__Veillonellales-Selenomonadales; f__Veillonellaceae; g__Dialister; s__Veillonellaceae_bacterium	0.7913388548968074
8b1c4885aa290e5f4bf6f5ddf4b5f506	d__Eukaryota; p__Phragmoplastophyta; c__Embryophyta; o__Magnoliophyta; f__Magnoliophyta; g__Magnoliophyta	0.9986066713325523
60abdd449e1edbba89a5a77dd6909a62	d__Eukaryota; p__Ascomycota; c__Sordariomycetes; o__Xylariales	0.9679083118064951
a76e1ba6df2ebb1267efeb0a01e32227	d__Bacteria; p__Proteobacteria; c__Gammaproteobacteria; o__Burkholderiales; f__Neisseriaceae	0.9999999069180592
ee4ee73632a72a12e4a2e304622f7618	d__Bacteria; p__Firmicutes; c__Negativicutes; o__Veillonellales-Selenomonadales; f__Selenomonadaceae; g__Selenomonas	0.8355071908760197
bc911a9d161132c2fc90c00d7837b4a6	d__Bacteria; p__Planctomycetota; c__Planctomycetes; o__Planctomycetales; f__uncultured; g__uncultured	0.999999995714985
fbe14071d4ffa89d321af307530f7e97	d__Bacteria; p__Bacteroidota; c__Bacteroidia; o__Cytophagales; f__Microscillaceae; g__uncultured; s__uncultured_soil	0.9231707221183686
b754ff1d3bd8d14e63f88606c3699e6b	d__Bacteria; p__Actinobacteriota; c__Thermoleophilia; o__Solirubrobacterales; f__67-14; g__67-14; s__Solirubrobacterales_bacterium	0.9780704996638573
569efa8d607adcd228d7a4426507630b	d__Bacteria; p__Firmicutes; c__Clostridia; o__Oscillospirales; f__Ruminococcaceae; g__Subdoligranulum	0.9998869780689662
c0e617a4022c52309718d961c803226a	d__Bacteria; p__Firmicutes; c__Clostridia; o__Lachnospirales; f__Lachnospiraceae; g__Lachnoanaerobaculum	0.999999412838859
7efdc1acf9fd834b6db13bd9016f0765	d__Bacteria; p__Proteobacteria; c__Alphaproteobacteria; o__Rhodobacterales; f__Rhodobacteraceae; g__Rubellimicrobium; s__uncultured_bacterium	0.9557278140241848
9d04fd33c5b88cb8375ffd9af13d7930	d__Bacteria; p__Actinobacteriota; c__Actinobacteria; o__Corynebacteriales; f__Corynebacteriaceae; g__Corynebacterium	0.999998372405104
5e43fdddcc441fd8db7116965fa198c3	d__Bacteria; p__Proteobacteria; c__Gammaproteobacteria; o__Burkholderiales; f__Burkholderiaceae; g__Burkholderia-Caballeronia-Paraburkholderia; s__Burkholderia_multivorans	0.80297169850195
0ac8a7867cc171b93acf26740d61063d	d__Eukaryota; p__Vertebrata; c__Mammalia; o__Mammalia; f__Mammalia; g__Mammalia	0.9999985505610753
6b9b40c571b077b0226f1870c4c66464	d__Eukaryota; p__Basidiomycota; c__Agaricomycetes; o__Atheliales; f__Atheliaceae; g__Piloderma; s__Piloderma_fallax	0.9884388646180218
85dc5d225aed0c4deed8ef793329b4a3	d__Bacteria; p__Proteobacteria; c__Gammaproteobacteria; o__Enterobacterales; f__Enterobacteriaceae	0.9085567703594409
a399d6ea88e679a4c711cb09f29ef4b4	d__Bacteria; p__Proteobacteria; c__Gammaproteobacteria; o__Enterobacterales; f__Enterobacteriaceae	0.9619243488011382
4357dbc9b0d8f8fd48f2350712588c6f	d__Bacteria; p__Bacteroidota; c__Bacteroidia; o__Cytophagales; f__Spirosomaceae; g__Dyadobacter	0.9999812841665617
b7c102c642fff64c2260c7fd4331662f	d__Bacteria; p__Firmicutes; c__Bacilli; o__Bacillales; f__Bacillaceae; g__Bacillus	0.962447550338018
7714107d12a051b347c6afcb5ec946d4	d__Bacteria; p__Proteobacteria; c__Alphaproteobacteria; o__Sphingomonadales; f__Sphingomonadaceae; g__Sphingomonas	0.9999979628075967
ba4a91b32c6549e4d07ebde3c58e3f6f	d__Bacteria; p__Firmicutes; c__Clostridia; o__Peptostreptococcales-Tissierellales; f__Peptostreptococcales-Tissierellales; g__Finegoldia	0.9999999992944906
13fb9d5591531a5b4cc8abf515cdbf24	d__Bacteria; p__Proteobacteria; c__Alphaproteobacteria; o__Sphingomonadales; f__Sphingomonadaceae; g__Sphingomonas	0.9776672571874163
05c719cd1885f75a90633c47c5bbfc27	d__Bacteria; p__Bacteroidota; c__Bacteroidia; o__Bacteroidales; f__Prevotellaceae; g__Prevotella; s__Prevotella_intermedia	0.9999980976734169
4e9f1fbbf842d2809ca9a12a1823a9b9	d__Eukaryota; p__Ascomycota; c__Saccharomycetes; o__Saccharomycetales; f__Debaryomycetaceae; g__Kurtzmaniella-Candida_clade	0.9890402119837468
091f9889f2cb92bc4c0f146aa6bf6c7c	d__Bacteria; p__Verrucomicrobiota; c__Chlamydiae; o__Chlamydiales; f__Simkaniaceae; g__uncultured; s__uncultured_Candidatus	0.7882361971204326
b10dcd8c5426d837195dda32ce1fca2a	d__Bacteria; p__Bacteroidota; c__Bacteroidia; o__Flavobacteriales; f__Flavobacteriaceae; g__Flavobacterium; s__uncultured_bacterium	0.9824409046546277
820afcd893f359b76799dad244b697e1	d__Bacteria; p__Actinobacteriota; c__Actinobacteria; o__Micrococcales; f__Intrasporangiaceae; g__Ornithinimicrobium	0.9938518635332864
74269616df874caa0e624ceaf9526683	d__Eukaryota; p__Cercozoa; c__Glissomonadida; o__Glissomonadida; f__Glissomonadida; g__Heteromita	0.9986919561364281
faa31b57a059e555014fc2ecb83b373d	d__Eukaryota; p__Phragmoplastophyta; c__Embryophyta; o__Pinophyta; f__Pinophyta; g__Pinophyta	0.9999998980329811
84f57921a939afe080ff5a2105b51830	d__Eukaryota; p__Phragmoplastophyta; c__Embryophyta; o__Pinophyta; f__Pinophyta; g__Pinophyta; s__Pinus_taeda	0.7260300883951
732500dba93f8217361cf31196f7846f	d__Eukaryota; p__Ascomycota; c__Sordariomycetes; o__Sordariales; f__Sordariaceae; g__Neurospora; s__Neurospora_crassa	0.9999994032358406
025fbee4b5aa5b3f402e16a63e264cfd	d__Bacteria; p__Firmicutes; c__Clostridia; o__Lachnospirales; f__Lachnospiraceae	0.9999996028700093
8502c1fb0098b4420c7d12689eddd565	d__Bacteria; p__Firmicutes; c__Clostridia; o__Lachnospirales; f__Lachnospiraceae; g__Lachnospiraceae_NK4A136_group	0.9806003969423611
cfe3fdd950cd484a00fe9f675e2e2d8c	d__Bacteria; p__Actinobacteriota; c__Actinobacteria; o__Actinomycetales; f__Actinomycetaceae; g__Actinomyces; s__Schaalia_odontolytica	0.7963850014899658
3156c377d935491efec6ace428a00998	d__Bacteria; p__Firmicutes; c__Negativicutes; o__Veillonellales-Selenomonadales; f__Veillonellaceae; g__Dialister; s__uncultured_bacterium	0.8427193839918593
5f294a6cd0eca09dc4b4fdf43aec9bec	d__Eukaryota; p__Basidiomycota; c__Agaricomycetes; o__Polyporales	0.7857910801205172
dc6546e0bc1e9b6783bcd2aa50c76533	d__Bacteria; p__Proteobacteria; c__Alphaproteobacteria; o__Rhizobiales; f__Rhizobiaceae; g__Allorhizobium-Neorhizobium-Pararhizobium-Rhizobium	0.9288327474409491
937e46fac9d443da728b9928f0719884	d__Eukaryota; p__Ciliophora; c__Intramacronucleata; o__Conthreep; f__Oligohymenophorea; g__Telotrochidium; s__uncultured_eukaryote	0.832569877239362
3d443f7066c43255a461a34b372c4b5a	d__Bacteria; p__Acidobacteriota; c__Holophagae; o__Subgroup_7; f__Subgroup_7; g__Subgroup_7; s__metagenome	0.7644106032521502
874a09e962328f4c26893d744986d3b2	d__Eukaryota; p__Basidiomycota; c__Microbotryomycetes; o__Incertae_Sedis; f__Chrysozymaceae; g__Spencerozyma; s__Spencerozyma_crocea	0.9999989536736894
bf219e6730ec28d20cf5feadb75e8828	d__Bacteria; p__Bacteroidota; c__Bacteroidia; o__Sphingobacteriales; f__Sphingobacteriaceae; g__Sphingobacterium; s__uncultured_bacterium	0.8981638596892868
d44b807c80087439d18621c27e973852	d__Bacteria; p__Proteobacteria; c__Alphaproteobacteria; o__Caulobacterales; f__Caulobacteraceae; g__Brevundimonas	0.9999025329509891
69b4faed69bd702c2e68ccedab094e98	d__Bacteria; p__Bacteroidota; c__Bacteroidia; o__Bacteroidales; f__Prevotellaceae; g__Prevotella; s__Prevotella_bergensis	0.999999869808613
e2542cfcab228f4326871310836a7bd2	d__Archaea; p__Halobacterota; c__Halobacteria; o__Halobacterales; f__Haloferacaceae; g__uncultured; s__Halobium_salinum	0.9279117520586415
b3752356675243c47f6f296d150a212a	d__Bacteria; p__Proteobacteria; c__Gammaproteobacteria; o__Pseudomonadales; f__Pseudomonadaceae; g__Pseudomonas	0.99999990263825
c14e338d99cf2230adb7f6a3894cd1a1	d__Bacteria; p__Proteobacteria; c__Alphaproteobacteria; o__Sphingomonadales; f__Sphingomonadaceae; g__Sphingomonas	0.9358773550505338
00fdc7b61a9ad48dca45bcffae53171c	d__Bacteria; p__Actinobacteriota; c__Actinobacteria; o__Propionibacteriales; f__Nocardioidaceae; g__Nocardioides	0.9999952321081922
4a5287f4ecbe5214a5c8007a766a1579	d__Bacteria; p__Fusobacteriota; c__Fusobacteriia; o__Fusobacteriales; f__Fusobacteriaceae; g__Fusobacterium; s__Fusobacterium_mortiferum	0.986695356478389
3dfbf09e59db1ece07cf048eab2ce0ea	d__Bacteria; p__Proteobacteria; c__Gammaproteobacteria; o__Xanthomonadales; f__Xanthomonadaceae; g__Stenotrophomonas; s__Stenotrophomonas_koreensis	0.9398263171038397
94b30dd87d4a5cd4648e8f4c9d7d3b81	d__Bacteria; p__Proteobacteria; c__Alphaproteobacteria; o__Tistrellales; f__Geminicoccaceae; g__Geminicoccus	0.9992650165825323
2d6bb03d7e67d4984e7fb86d392343c5	d__Bacteria; p__Actinobacteriota; c__Actinobacteria; o__Micrococcales; f__Intrasporangiaceae	0.9972138682950898
1681dc05816c8b5aafa6741ded0485cf	d__Bacteria; p__Proteobacteria; c__Alphaproteobacteria; o__Rhizobiales; f__Rhizobiales_Incertae_Sedis; g__Phreatobacter	0.9998231169768446
764adc819a9b70d032fbe5aa37c052ff	d__Bacteria; p__Proteobacteria; c__Alphaproteobacteria; o__Sphingomonadales; f__Sphingomonadaceae; g__Sphingoaurantiacus; s__uncultured_bacterium	0.8548035211618646
ab12cd9aaea1043e6bb2c1711ca6d698	d__Bacteria; p__Actinobacteriota; c__Actinobacteria; o__Micrococcales; f__Micrococcaceae; g__Paenarthrobacter	0.9695479716759053
8177b4e99f5b195566f71fe3d78ed435	d__Bacteria; p__Actinobacteriota; c__Actinobacteria; o__Propionibacteriales; f__Nocardioidaceae; g__Nocardioides	0.9992449624390549
792bf9f2803bf5d499bd9b059f189e7e	d__Bacteria; p__Verrucomicrobiota; c__Verrucomicrobiae; o__Verrucomicrobiales; f__Verrucomicrobiaceae; g__uncultured; s__uncultured_bacterium	0.8321301783278979
12b210b9c71940c7c06518aa45616fa8	d__Bacteria; p__Actinobacteriota; c__Actinobacteria; o__Micrococcales; f__Intrasporangiaceae	0.9948925482440415
fd2da15941cb70827d628cf5ff8960b7	d__Bacteria; p__Proteobacteria; c__Alphaproteobacteria; o__Rhizobiales; f__Rhizobiaceae	0.8889884053431607
efa9cf66065f9211e006357fc202ec63	d__Bacteria; p__Actinobacteriota; c__Actinobacteria; o__Corynebacteriales; f__Corynebacteriaceae; g__Corynebacterium	0.998320766177092
714148e7864cb939fb9be0c21150536e	d__Eukaryota; p__Mucoromycota; c__Incertae_Sedis; o__Mucorales; f__Rhizopodaceae; g__Rhizopus; s__Rhizopus_stolonifer	0.9974777163338217
336ab351ad6a848629853530ad0ab5a6	d__Bacteria; p__Actinobacteriota; c__Actinobacteria; o__Actinomycetales; f__Actinomycetaceae; g__Actinomyces	0.9999998725715469
57a398bb9ca9763d6529e221a1c4bbda	d__Bacteria; p__Bacteroidota; c__Bacteroidia; o__Bacteroidales; f__Prevotellaceae; g__Prevotella; s__Prevotella_sp.	0.9996172620875212
1c3deb093d8b7bf44b9dca1ab5b222fd	d__Bacteria; p__Bacteroidota; c__Bacteroidia; o__Sphingobacteriales; f__env.OPS_17; g__env.OPS_17; s__uncultured_Bacteroidetes	0.767972582817424
38f211075d14774788dc67ad5153247f	d__Bacteria; p__Proteobacteria; c__Gammaproteobacteria; o__Burkholderiales; f__Sutterellaceae; g__uncultured	0.9999996276567633
665af78a35258a4fe0306a8dffbb6f6a	d__Eukaryota; p__Phragmoplastophyta; c__Embryophyta; o__Pinophyta; f__Pinophyta; g__Pinophyta	0.9999993430177191
159d2aad7116f2e4e57c990f9644b86a	d__Bacteria; p__Actinobacteriota; c__Actinobacteria; o__Micrococcales; f__Microbacteriaceae; g__Curtobacterium	0.7988091987335337
4051b1987b0fe64f063ec9c0bc49acf1	d__Bacteria; p__Actinobacteriota; c__Actinobacteria; o__Streptomycetales; f__Streptomycetaceae	0.9999974262318363
20deef5b97ced35ae09e056821e69e55	d__Bacteria; p__Bacteroidota; c__Bacteroidia; o__Cytophagales; f__Hymenobacteraceae; g__Hymenobacter	0.9999999998882039
16ffc2abd322ac11aacf935e7b7bf4a5	d__Bacteria; p__Actinobacteriota; c__Actinobacteria; o__Micrococcales	0.9999967329083563
fd7078e4278024d7e1e14dcf492dca8e	d__Bacteria; p__Proteobacteria; c__Alphaproteobacteria; o__Rhizobiales; f__Rhizobiaceae	0.9792640412765286
8d379a3ada222c605807df3f9aeb68ef	d__Bacteria; p__Actinobacteriota; c__Actinobacteria; o__Frankiales; f__Nakamurellaceae; g__Nakamurella; s__Sanguibacter_sp.	0.7249474447720019
3364c206616aae349f8ac11529b24121	d__Bacteria; p__Actinobacteriota; c__Actinobacteria; o__Micrococcales; f__Microbacteriaceae; g__Microbacterium	0.8513318011276466
ffb7c3ce524122355955dac342ce6a30	d__Bacteria; p__Proteobacteria; c__Gammaproteobacteria; o__Pseudomonadales; f__Pseudomonadaceae; g__Pseudomonas	0.9893523875210888
87c0b2fab76d3e377074a6f9d2e24b81	d__Bacteria; p__Actinobacteriota; c__Actinobacteria; o__Micrococcales; f__Micrococcaceae; g__Rothia; s__Rothia_aeria	0.8066660289239561
c73d9b872c16c7e91ea6f0a7687bc44f	d__Bacteria; p__Actinobacteriota; c__Actinobacteria; o__Micrococcales; f__Microbacteriaceae; g__Leucobacter	0.7230431578759254
db7444a62407cfe38e19d1e7335d0670	d__Eukaryota; p__Ascomycota; c__Sordariomycetes; o__Glomerellales; f__Plectosphaerellaceae	0.9999997912310792
8724034f559f1d1be73529936f859a94	d__Bacteria; p__Proteobacteria; c__Alphaproteobacteria; o__Sphingomonadales; f__Sphingomonadaceae; g__Sphingomonas	0.9976905444974892
ca0108920b8712d3780a8d34f7dd7fac	d__Eukaryota; p__Vertebrata; c__Mammalia; o__Mammalia; f__Mammalia; g__Mammalia	0.9999996092414493
6defca2de38a7c0a331cdb7e00e099a6	d__Bacteria; p__Firmicutes; c__Clostridia; o__Peptostreptococcales-Tissierellales; f__Peptostreptococcales-Tissierellales; g__Finegoldia; s__Finegoldia_magna	0.7269297658520939
ca1de5cbbd15f9774076be5e46254254	d__Bacteria; p__Proteobacteria; c__Alphaproteobacteria; o__Rhodobacterales; f__Rhodobacteraceae; g__Rubellimicrobium	0.9332707424818003
7e9bc554b71e9f1e1051e23af6ccaba3	d__Bacteria; p__Proteobacteria; c__Alphaproteobacteria; o__Sphingomonadales; f__Sphingomonadaceae; g__Novosphingobium	0.9977423825882985
f5b7e85a0e025ad6de2f8fbaf33cefb2	d__Bacteria; p__Actinobacteriota; c__Actinobacteria; o__Propionibacteriales; f__Nocardioidaceae; g__Nocardioides	0.9999980191570701
df087e6be0cd57726f5999df14fa7208	d__Bacteria; p__Proteobacteria; c__Alphaproteobacteria; o__Caulobacterales; f__Caulobacteraceae; g__Brevundimonas; s__Brevundimonas_terrae	0.9118328397308466
54793af2185efac9b881b8c42a23f000	d__Bacteria; p__Bdellovibrionota; c__Oligoflexia; o__Oligoflexales; f__uncultured; g__uncultured	0.9999926837515355
70bb79d43e6bcc61fcb9d710bbf81864	d__Bacteria; p__Firmicutes; c__Bacilli; o__Staphylococcales; f__Staphylococcaceae; g__Staphylococcus	0.9999818315214447
22e119f7e73a35390e9d5e8e6a0879d4	d__Bacteria; p__Actinobacteriota; c__Actinobacteria; o__Propionibacteriales; f__Propionibacteriaceae; g__Cutibacterium	0.9992363975122004
18acf0692ab841aec8019e92cc62d16b	d__Bacteria; p__Firmicutes; c__Clostridia; o__Clostridiales; f__Clostridiaceae; g__Clostridium_sensu_stricto_1; s__Clostridium_butyricum	0.9680463368817847
e4774b05f5b6f719ed49b2c68af74772	d__Bacteria; p__Actinobacteriota; c__Actinobacteria; o__Micrococcales; f__Microbacteriaceae; g__Microbacterium	0.9947569805705296
73490b96f7d282d072d6f8414b49d489	d__Bacteria; p__Synergistota; c__Synergistia; o__Synergistales; f__Synergistaceae; g__Candidatus_Tammella	0.9999989669069025
4f0d50727d097fae2c3c6db3e8cb640a	d__Bacteria; p__Actinobacteriota; c__Actinobacteria; o__Propionibacteriales; f__Propionibacteriaceae; g__Cutibacterium	0.9996907921978716
a82be247aa6eb3b90680d77664e729aa	d__Bacteria; p__Bacteroidota; c__Bacteroidia; o__Bacteroidales	0.9999988153127501
f1d61b0fbcf7af63e5f39bd0cdbe835f	d__Bacteria; p__Firmicutes; c__Clostridia; o__Monoglobales; f__Monoglobaceae; g__Monoglobus; s__uncultured_organism	0.8989766684330543
79ba8e2aa04ce7d22e8fcc47274b544b	d__Bacteria; p__Actinobacteriota; c__Coriobacteriia; o__Coriobacteriales; f__Eggerthellaceae; g__uncultured; s__uncultured_bacterium	0.8669048485831812
2d5cb7d07364619df03b02e649922eab	d__Bacteria; p__Firmicutes; c__Clostridia; o__Peptostreptococcales-Tissierellales; f__Peptostreptococcales-Tissierellales; g__Peptoniphilus	0.999999999998724
912104fde5719378091f861439d590c7	d__Bacteria; p__Proteobacteria; c__Gammaproteobacteria; o__Enterobacterales; f__Enterobacteriaceae	0.9347714268779173
64f0c0a6276f72681099fc80f84063e2	d__Bacteria; p__Firmicutes; c__Clostridia; o__Peptostreptococcales-Tissierellales; f__Peptostreptococcales-Tissierellales; g__Anaerococcus	0.9999999999939533
6ba7a79dbe3ab633a50ff10cd09dd599	d__Bacteria; p__Synergistota; c__Synergistia; o__Synergistales; f__Synergistaceae; g__Fretibacterium	0.9999999774494075
1312788d577a8e20f69d5eda120e4934	d__Bacteria; p__Proteobacteria; c__Gammaproteobacteria; o__Burkholderiales; f__Burkholderiaceae; g__Lautropia	0.9999994921769352
d5978f0e5219ab8b75dc33de9d8170d1	d__Bacteria; p__Proteobacteria; c__Alphaproteobacteria; o__Sphingomonadales; f__Sphingomonadaceae	0.9999997910949793
2426173817d2639898653c889b6b439a	d__Bacteria; p__Bacteroidota; c__Bacteroidia; o__Chitinophagales; f__Chitinophagaceae; g__Taibaiella; s__uncultured_bacterium	0.9144752655752454
9331d73599fca1cddcb8177ff25f42e2	d__Bacteria; p__Proteobacteria; c__Alphaproteobacteria; o__Rhodobacterales; f__Rhodobacteraceae; g__Paracoccus	0.9866307995944963
04849bb19d651efc145bc718e4fcf55c	d__Bacteria; p__Actinobacteriota; c__Actinobacteria; o__Corynebacteriales; f__Nocardiaceae; g__Williamsia; s__Williamsia_sp.	0.7987842372072722
74d78c6112e5534f94652b9e5f4ce92e	d__Eukaryota; p__Basidiomycota; c__Pucciniomycetes; o__Pucciniales; f__Melampsoraceae; g__Melampsora; s__Melampsora_larici-populina	0.9999845596863985
2bed8b22e37bfc01222bbfc0434d8204	d__Bacteria; p__Chloroflexi; c__Chloroflexia; o__Thermomicrobiales; f__JG30-KF-CM45; g__JG30-KF-CM45; s__uncultured_bacterium	0.9976059933796532
0af276b254d4c7a050fd64238538e6a5	d__Bacteria; p__Proteobacteria; c__Alphaproteobacteria; o__Rhodobacterales; f__Rhodobacteraceae; g__Paracoccus	0.909578272828323
bb223cf179aee412dc5dce6d7319cff9	d__Bacteria; p__Firmicutes; c__Bacilli; o__Bacillales; f__Bacillaceae; g__Bacillus; s__Bacillus_alkalitelluris	0.8159839942121223
e6df304f18ad2b322c3fb066e8764dcb	d__Bacteria; p__Fusobacteriota; c__Fusobacteriia; o__Fusobacteriales; f__Leptotrichiaceae; g__Leptotrichia; s__unidentified	0.7906656492726961
f2118f2bf62b84e1eb65f92326395229	d__Bacteria; p__Actinobacteriota; c__Thermoleophilia; o__Solirubrobacterales; f__67-14; g__67-14; s__uncultured_Rubrobacteria	0.9098613851761937
d097c2b325457bcde00cae04ea58c59b	d__Bacteria; p__Firmicutes; c__Clostridia; o__Lachnospirales; f__Lachnospiraceae; g__Lachnoanaerobaculum; s__uncultured_bacterium	0.9019777260583319
30cb52f3dee8028dd8d2e12114cadaac	d__Bacteria; p__Firmicutes; c__Bacilli; o__Erysipelotrichales; f__Erysipelotrichaceae; g__Erysipelothrix; s__uncultured_bacterium	0.9999925406972595
adf41f079d15e59e9e25e830aa1d3bd8	d__Eukaryota; p__Basidiomycota; c__Agaricomycetes; o__Polyporales	0.8299547432387896
bc49be7f8c9ca7f789ca18d602b759d3	d__Bacteria; p__Firmicutes; c__Bacilli; o__Lactobacillales; f__Streptococcaceae; g__Streptococcus	0.9999931815741855
203ed06cce8c5f02e4354836ccd5400a	d__Eukaryota	0.9873893837264532
eb27db3c4b863f871ec35074e161c5a8	d__Bacteria; p__Actinobacteriota; c__Actinobacteria; o__Propionibacteriales; f__Propionibacteriaceae; g__Cutibacterium	0.9997631222171255
3041c6fe734844e341178aebeb0988a0	d__Bacteria; p__Bacteroidota; c__Bacteroidia; o__Cytophagales; f__Flammeovirgaceae; g__uncultured; s__uncultured_Bacteroidetes	0.9891445166930439
2e67950f3bc2752de8c572ef6c142040	d__Bacteria; p__Actinobacteriota; c__Actinobacteria; o__Corynebacteriales; f__Corynebacteriaceae; g__Corynebacterium	0.9907303990626946
db40a1c44fdede26541169438a163977	d__Eukaryota; p__Basidiomycota; c__Tremellomycetes; o__Tremellales; f__Bulleribasidiaceae; g__Hannaella	0.7074394447564504
3ca54393a7d6568ffcbb619b91c27962	d__Bacteria; p__Cyanobacteria; c__Vampirivibrionia; o__Gastranaerophilales; f__Gastranaerophilales; g__Gastranaerophilales; s__gut_metagenome	0.999998409968611
29cad86e0fa948509290f81a9b43a360	Unassigned	0.4165350505410226
8a98953008f8c2a447185aedec32ec5d	d__Eukaryota; p__Basidiomycota; c__Malasseziomycetes; o__Malasseziales; f__Malasseziaceae; g__Malassezia	0.9999999439663109
08370870923ae647951c7dc757ab2f6c	d__Bacteria; p__Proteobacteria; c__Gammaproteobacteria; o__Alteromonadales; f__Shewanellaceae; g__Shewanella	0.9998974909233775
2fdfff0194690ec7badf2a0c6cadda8e	d__Eukaryota; p__Chlorophyta; c__Chlorophyceae; o__Chlorophyceae; f__Chlorophyceae; g__Chlorophyceae; s__Desmodesmus_sp.	0.9143932302623098
aff5f8290d482c27bb6852c626153634	d__Bacteria; p__Actinobacteriota; c__Actinobacteria; o__Propionibacteriales; f__Propionibacteriaceae; g__Cutibacterium	0.9996066556429286
ec042901967217d0f39a448e86e85f30	d__Eukaryota	0.9989374419633722
b3ce117a2f6e453352fcc2b657457fbf	d__Bacteria; p__Gemmatimonadota; c__Longimicrobia; o__Longimicrobiales; f__Longimicrobiaceae; g__Longimicrobiaceae; s__uncultured_bacterium	0.9988506957584428
9e940039311a279c7310463168db4d48	d__Eukaryota; p__Arthropoda; c__Insecta; o__Diptera; f__Diptera; g__Diptera; s__wastewater_metagenome	0.9999999999982805
ac904207b3ce369ef63f67dc0aba5605	d__Bacteria; p__Bacteroidota; c__Bacteroidia; o__Flavobacteriales; f__Weeksellaceae; g__Chryseobacterium; s__Chryseobacterium_hispanicum	0.8517226662508379
3f9151f28ccf39b13aa741462e035736	d__Bacteria; p__Proteobacteria; c__Gammaproteobacteria; o__Burkholderiales; f__Comamonadaceae	0.9999994113060073
f781704bc89b818cfe4a9cfd1802c30c	d__Bacteria; p__Proteobacteria; c__Gammaproteobacteria; o__Pseudomonadales; f__Pseudomonadaceae; g__Pseudomonas	0.9715774709128973
638e77e838bc0e47a0d5dce96d403565	d__Bacteria; p__Actinobacteriota; c__Actinobacteria; o__Pseudonocardiales; f__Pseudonocardiaceae; g__Saccharopolyspora	0.9852889879139766
0805bb6635121c3c95c5d369ea16a39c	d__Bacteria; p__Firmicutes; c__Bacilli; o__Staphylococcales; f__Staphylococcaceae; g__Staphylococcus	0.9998635996339887
78410a216f06f2512b4d2890074e7687	d__Eukaryota; p__Vertebrata; c__Mammalia; o__Mammalia; f__Mammalia; g__Mammalia	0.999918239446202
58323bdf95684e271be68de06716f4d0	d__Bacteria; p__Firmicutes; c__Bacilli; o__Staphylococcales; f__Gemellaceae; g__Gemella	0.9999984763500502
0ca32991f9b564990b5372eb41d97878	d__Bacteria; p__Gemmatimonadota; c__Longimicrobia; o__Longimicrobiales; f__Longimicrobiaceae; g__Longimicrobium; s__uncultured_bacterium	0.9991599284922594
18f4b6c45b19d315cd46a3a62fc866f2	d__Bacteria; p__Firmicutes; c__Clostridia; o__Peptostreptococcales-Tissierellales; f__Peptostreptococcales-Tissierellales; g__Anaerococcus	0.9999999999927432
7a40220fa6ed4ade3401fda082ffa321	d__Bacteria; p__Actinobacteriota; c__Actinobacteria; o__Micrococcales; f__Intrasporangiaceae	0.9998361588686004
ccb88e22262a8952678227315e1d071b	d__Eukaryota; p__Ascomycota; c__Saccharomycetes; o__Saccharomycetales; f__Saccharomycetaceae; g__Saccharomyces	0.9642313232239806
0e304abcb1d7655ab86985f44e5eda77	d__Bacteria; p__Actinobacteriota; c__Actinobacteria; o__Micrococcales; f__Microbacteriaceae; g__Curtobacterium	0.7804371445891564
498a3c2edaa814e74ae5c72755d91fc1	d__Eukaryota; p__Apicomplexa; c__Conoidasida; o__Gregarinasina; f__Eugregarinorida; g__Eugregarinorida	0.9986040415041217
214aa7b33a99f48f518ed1e3dd4eaa3e	d__Bacteria; p__Chloroflexi; c__Anaerolineae; o__SBR1031; f__A4b; g__OLB13; s__uncultured_bacterium	0.7661001419209466
4c941286955e37ee6db5958f1c7d16c3	d__Bacteria; p__Firmicutes; c__Bacilli; o__Lactobacillales; f__Enterococcaceae; g__Enterococcus; s__Enterococcus_cecorum	0.9458005895211564
447233ddd638bb6eba9b5ab4e9fafc92	d__Bacteria; p__Actinobacteriota; c__Actinobacteria; o__Propionibacteriales; f__Propionibacteriaceae; g__Cutibacterium	0.9997862610564502
1f4e4cd908b3ba5b5ec8bb166af5c9ae	d__Eukaryota; p__Basidiomycota; c__Agaricomycetes; o__Agaricales; f__Agaricaceae; g__Agaricus; s__Agaricus_bisporus	0.9999805398036936
cd119de57c39841e8c8de0ffeae52ed8	d__Bacteria; p__Actinobacteriota; c__Coriobacteriia; o__Coriobacteriales; f__Atopobiaceae; g__Atopobium	0.9999731234410019
7ad982537e66fa1042f21034415304a8	d__Bacteria; p__Proteobacteria; c__Gammaproteobacteria; o__Burkholderiales; f__Comamonadaceae; g__Aquabacterium; s__Aquabacterium_olei	0.7911079657714536
8022ec96ee807151937bd13c3f580b06	d__Bacteria; p__Proteobacteria; c__Gammaproteobacteria; o__Burkholderiales; f__Burkholderiaceae; g__Ralstonia	0.9714378021045905
69ea6bc74c8814b084ed602aacdb07db	d__Eukaryota; p__Basidiomycota; c__Malasseziomycetes; o__Malasseziales; f__Malasseziaceae; g__Malassezia; s__Malassezia_globosa	0.7284199734803176
66f1d2fcecbdba6e668d94c4e17b5cd1	d__Bacteria; p__Firmicutes; c__Clostridia; o__Lachnospirales; f__Lachnospiraceae; g__[Ruminococcus]_gauvreauii_group	0.994763643172861
d101493aa69c64b568f450bb6af304d8	d__Bacteria; p__Firmicutes; c__Negativicutes; o__Veillonellales-Selenomonadales; f__Selenomonadaceae; g__Selenomonas; s__Selenomonas_artemidis	0.8799783245506719
3a53b1ef021dbba22185c048c6873bc0	d__Bacteria; p__Proteobacteria; c__Alphaproteobacteria; o__Tistrellales; f__Geminicoccaceae; g__Geminicoccus; s__uncultured_bacterium	0.9987126463381945
64d3cae1bfdccaaeffb85d0ac2f4f438	d__Bacteria; p__Proteobacteria; c__Alphaproteobacteria; o__Rhizobiales; f__Beijerinckiaceae; g__Methylobacterium-Methylorubrum	0.9998763867825398
ed27c7c96a3335d7667eeae7e146d876	d__Bacteria; p__Proteobacteria; c__Gammaproteobacteria; o__Pasteurellales; f__Pasteurellaceae	0.999999999750251
aa3100c2c89281c5ef6028756764ceb6	d__Bacteria; p__Bacteroidota; c__Bacteroidia; o__Flavobacteriales; f__Flavobacteriaceae; g__Flavobacterium	0.9999433272173457
f7ecb760b0808d21b1cb6376d91dea72	d__Bacteria; p__Bacteroidota; c__Bacteroidia; o__Bacteroidales; f__Prevotellaceae; g__Prevotella; s__Prevotella_buccae	0.99998066169323
169e89e974771256b41e74175ea01fbe	d__Bacteria; p__Firmicutes; c__Bacilli; o__Lactobacillales; f__Streptococcaceae; g__Streptococcus	0.9999363678071638
5cb2e8353da28ee7a975848dac5f448c	d__Bacteria; p__Firmicutes; c__Bacilli; o__Staphylococcales; f__Staphylococcaceae; g__Staphylococcus	0.9999724869277431
5eef611b86ed605702e94b2ef43e6b0b	d__Bacteria; p__Actinobacteriota; c__Actinobacteria; o__Corynebacteriales; f__Corynebacteriaceae; g__Corynebacterium	0.9835049380027641
5bb96156f8b9bcf6fdb26f0ed1333963	d__Bacteria; p__Actinobacteriota; c__Actinobacteria; o__Micrococcales; f__Microbacteriaceae	0.9995990426812923
a9b9d45380a99e78a89910abd128f50e	d__Eukaryota; p__Opalinata; c__Opalinata; o__Opalinata; f__Opalinata; g__Opalinata; s__Opalina_undulata	0.9963600477819041
10987285406d1199d0b1dae1745618b6	d__Bacteria; p__Actinobacteriota; c__Actinobacteria; o__Actinomycetales; f__Actinomycetaceae; g__Actinomyces	0.9999998998147347
810e40b844a5c0d717b3781a217dc7d9	d__Bacteria; p__Firmicutes; c__Negativicutes; o__Veillonellales-Selenomonadales; f__Selenomonadaceae; g__uncultured; s__Mitsuokella_sp.	0.8076329435877855
9aec966b3e80523dcb0cf3cd02de8efc	d__Bacteria; p__Verrucomicrobiota; c__Verrucomicrobiae; o__Pedosphaerales; f__Pedosphaeraceae; g__Ellin517	0.9999999824368297
06b9d54a9f5ad4e12b811d79f490ce24	d__Bacteria; p__Proteobacteria; c__Gammaproteobacteria; o__Enterobacterales; f__Enterobacteriaceae	0.9599523918150925
d0e07d51e54b659d3e31b60da2209b17	d__Bacteria; p__Chloroflexi; c__Chloroflexia; o__Thermomicrobiales; f__JG30-KF-CM45; g__JG30-KF-CM45; s__uncultured_bacterium	0.996972423973463
c5b8e3c34fb3180f70d765ac55822141	d__Bacteria; p__Acidobacteriota; c__Blastocatellia; o__Blastocatellales; f__Blastocatellaceae	0.999999999507496
e29caaec9ca87f8559fe80ef90ee8b60	d__Bacteria; p__Firmicutes; c__Bacilli; o__Paenibacillales; f__Paenibacillaceae; g__Ammoniphilus	0.9999953854960604
05223be2d8e8dd6c707d7882ce66a07a	d__Bacteria; p__Proteobacteria; c__Gammaproteobacteria; o__Burkholderiales; f__Comamonadaceae	0.9999999275492003
69fc5ce9e2ba1994e8049769a23e6e05	d__Bacteria; p__Firmicutes; c__Bacilli; o__Bacillales; f__Planococcaceae; g__Sporosarcina	0.8601504537042216
a05a4f517840e61b033b6c63ac9ad316	d__Bacteria; p__Proteobacteria; c__Alphaproteobacteria; o__Rhizobiales; f__Rhizobiaceae	0.9954038614855549
365dcdf5b3e0048c8f68232f78e4f238	d__Bacteria; p__Bdellovibrionota; c__Oligoflexia; o__0319-6G20; f__0319-6G20; g__0319-6G20; s__uncultured_Geobacter	0.9155826510141061
2eca20c13608c0a5e2b4a67dd079b637	d__Bacteria; p__Proteobacteria; c__Alphaproteobacteria; o__Rhodospirillales; f__uncultured; g__uncultured; s__uncultured_bacterium	0.8080841355876597
927af853b5eab379d3d85e2262d8c5ce	d__Bacteria; p__Actinobacteriota; c__Thermoleophilia; o__Solirubrobacterales; f__Solirubrobacteraceae; g__Solirubrobacter	0.9999924309618126
9da755adb3ba1efff9c96827140ff2e1	d__Eukaryota; p__Arthropoda; c__Arachnida; o__Acari; f__Acari; g__Acari	0.792282540772578
7de4e8dc2338430eadb2dfb1fd4ba4a3	d__Bacteria; p__Bacteroidota; c__Bacteroidia; o__Flavobacteriales; f__Weeksellaceae; g__Chryseobacterium	0.9999960282201652
a79acf6bd7f4955c2a581642c570cde8	d__Bacteria; p__Proteobacteria; c__Alphaproteobacteria; o__Rhodobacterales; f__Rhodobacteraceae; g__Roseobacter	0.8784700134659129
49ddee9bd880fcef51f0a016e08c1821	d__Bacteria; p__Chloroflexi; c__Chloroflexia; o__Thermomicrobiales; f__JG30-KF-CM45; g__JG30-KF-CM45; s__uncultured_bacterium	0.9848998998237537
f41e9971f9f7eac37003aab1a7104f6e	d__Bacteria; p__Firmicutes; c__Clostridia; o__Peptococcales; f__Peptococcaceae; g__Peptococcus; s__Peptococcus_sp.	0.9881662023220139
fedf624195443836454d5115295afced	d__Bacteria; p__Firmicutes; c__Negativicutes; o__Veillonellales-Selenomonadales; f__Veillonellaceae; g__Veillonella	0.9999999203801344
185fb11239ae17c718c50ad93fdec0bb	d__Bacteria; p__Bacteroidota; c__Bacteroidia; o__Bacteroidales; f__Prevotellaceae; g__Prevotella	0.9990667826386597
25e37faa5c758a8f796572d40ed48baf	d__Bacteria; p__Actinobacteriota; c__Actinobacteria; o__Corynebacteriales; f__Corynebacteriaceae; g__Lawsonella	0.9999999924669731
450f20d42af6082b13de7249badf402b	d__Eukaryota; p__Basidiomycota; c__Tremellomycetes; o__Tremellales; f__Bulleribasidiaceae; g__Vishniacozyma; s__uncultured_Basidiomycota	0.9345817250929254
d55650363ced6fd592a789f24658336a	d__Eukaryota; p__Phragmoplastophyta; c__Embryophyta; o__Magnoliophyta; f__Magnoliophyta; g__Magnoliophyta; s__Allium_cepa	0.9228126081406833
6518ba8ee65af54680f804f184e31cbd	d__Bacteria; p__Firmicutes; c__Clostridia; o__Peptostreptococcales-Tissierellales; f__Peptostreptococcales-Tissierellales; g__Anaerococcus; s__Anaerococcus_octavius	0.9829746284144989
4a0bd4eaced8df46b0fbf69032f76f31	d__Eukaryota; p__Ascomycota; c__Dothideomycetes; o__Pleosporales	0.999954533543819
6fefe122264b7184162d378857dd6a47	d__Bacteria; p__Proteobacteria; c__Alphaproteobacteria; o__Sphingomonadales; f__Sphingomonadaceae; g__Sphingobium	0.9945468300217384
e9eb8c58546f72a97bf62b62ee03b0fd	d__Bacteria; p__Myxococcota; c__Polyangia; o__Polyangiales; f__Phaselicystidaceae; g__Phaselicystis; s__uncultured_bacterium	0.9952681431202068
92f71e0fddc0a2c0b9d4aec79846660e	d__Bacteria; p__Deinococcota; c__Deinococci; o__Deinococcales; f__Deinococcaceae; g__Deinococcus	0.9999999999983842
67a7bc87cb3f5a0b97dbce8da3aae6d8	d__Bacteria; p__Firmicutes; c__Negativicutes; o__Veillonellales-Selenomonadales; f__Veillonellaceae; g__Veillonella	0.9999998727860533
5491b4da9b6cdf807ae5a47400af164e	d__Bacteria; p__Proteobacteria; c__Gammaproteobacteria; o__Enterobacterales; f__Yersiniaceae	0.7317056284475771
55b523d74e89c90c591525888e29ac41	d__Bacteria; p__Actinobacteriota; c__Actinobacteria; o__Streptomycetales; f__Streptomycetaceae; g__Streptomyces	0.9999862065073737
886bdc69744fc024e380a8b685737d3f	d__Bacteria; p__Abditibacteriota; c__Abditibacteria; o__Abditibacteriales; f__Abditibacteriaceae; g__Abditibacterium; s__uncultured_bacterium	0.8462937146246646
df8af67617d3014da1e898fbdfe8dd4e	d__Bacteria; p__Proteobacteria; c__Alphaproteobacteria; o__Rhizobiales; f__Beijerinckiaceae; g__Bosea	0.999997931576126
643d06b7d8654c1090785c7cdd446ae2	d__Bacteria; p__Actinobacteriota; c__Actinobacteria; o__Actinomycetales; f__Actinomycetaceae; g__Actinomyces; s__Actinomyces_gerencseriae	0.8277114419214335
340ead9ef43424f9a62b1b8c9affc180	d__Eukaryota; p__Ascomycota; c__Saccharomycetes; o__Saccharomycetales; f__Saccharomycodaceae; g__Hanseniaspora; s__Hanseniaspora_osmophila	0.8820436290106823
db0ff264a650e4b335e62a31fda021bd	d__Bacteria; p__Proteobacteria; c__Alphaproteobacteria; o__Rickettsiales; f__Mitochondria; g__Mitochondria	1.0000000000000018
c8b8e6e3813177bf6ee4dec6f9ea24d6	d__Bacteria; p__Firmicutes; c__Bacilli; o__Bacillales; f__Marinococcaceae; g__Marinococcus	0.9999999760431605
a94f7dc69ca344d44b9dbd8f3f862230	d__Bacteria; p__Actinobacteriota; c__Actinobacteria; o__Streptosporangiales; f__Nocardiopsaceae; g__Nocardiopsis	0.9923354352622564
0251e0dcccf8c3e171432f28a04f8fa5	d__Bacteria; p__Actinobacteriota; c__Actinobacteria; o__Corynebacteriales; f__Corynebacteriaceae; g__Corynebacterium; s__Corynebacterium_imitans	0.8877211946066761
2e52227baf5ad85e8f754d4bc698a6a0	d__Eukaryota; p__Ascomycota; c__Dothideomycetes; o__Pleosporales	0.9989024975079395
e3a06956a45a0b958d958aaa26138def	Unassigned	0.4440968428659048
4b776fae006c5eaae0535d803968197d	d__Eukaryota; p__Basidiomycota; c__Tremellomycetes; o__Tremellales; f__Cuniculitremaceae; g__Kockovaella	0.9975383220384589
0c41146841adff8e19826fbb9b2bf4ee	d__Eukaryota; p__Vertebrata; c__Mammalia; o__Mammalia; f__Mammalia; g__Mammalia; s__Homo_sapiens	0.7382486660881177
30be39b97236aa21e71daea2412193a6	d__Bacteria	0.9517062153191085
955429b9abfa8e77fdd96f2abceb2b88	d__Bacteria; p__Proteobacteria; c__Alphaproteobacteria; o__Acetobacterales; f__Acetobacteraceae; g__uncultured; s__Paracraurococcus_sp.	0.964667550944731
02acf1623f6a82aff510e834c6a1ed42	d__Bacteria; p__Actinobacteriota; c__Actinobacteria; o__Propionibacteriales; f__Propionibacteriaceae; g__Cutibacterium	0.9942371242163086
0eac424c1064cc1e3d7c6ec3e9cc2b0b	d__Bacteria; p__Deinococcota; c__Deinococci; o__Deinococcales; f__Deinococcaceae; g__Deinococcus; s__Deinococcus_ficus	0.9268767682917854
49dde45bd0ea073d6e9f6146caf8c1cf	d__Bacteria; p__Proteobacteria; c__Gammaproteobacteria; o__Pasteurellales; f__Pasteurellaceae; g__Actinobacillus; s__Haemophilus_parahaemolyticus	0.9336056468796545
66179d9518091578bffc02436b2da4f9	d__Bacteria; p__Actinobacteriota; c__Actinobacteria; o__Micrococcales; f__Microbacteriaceae; g__Microbacterium	0.8129700812836119
1e6e8f4c9c9d10191322a955bfdb2b2e	d__Eukaryota; p__Chlorophyta; c__Trebouxiophyceae; o__Trebouxiophyceae; f__Trebouxiophyceae; g__Trebouxiophyceae; s__Chloroidium_saccharophilum	0.7334363242200488
84d732859493f8f165bb385dca55193b	d__Bacteria; p__Proteobacteria; c__Gammaproteobacteria; o__Pseudomonadales; f__Pseudomonadaceae; g__Pseudomonas	0.9999913827596894
ad3421d3ad6f9eaf429926b76ee44606	d__Eukaryota; p__Ascomycota; c__Eurotiomycetes; o__Chaetothyriales; f__Herpotrichiellaceae; g__Exophiala	0.9985303990921788
0b48b0ff8bb3b20ae626b7c0b2c5f803	d__Eukaryota; p__Phragmoplastophyta; c__Embryophyta; o__Pinophyta; f__Pinophyta; g__Pinophyta	0.999862330426109
503648f52b0f4f7e217a3d6c2985c081	d__Bacteria; p__Bacteroidota; c__Bacteroidia; o__Flavobacteriales; f__Weeksellaceae; g__Chryseobacterium	0.9997721412190835
507bf674606358ac276b11c66b5b4fd1	d__Bacteria; p__Proteobacteria; c__Alphaproteobacteria; o__Sphingomonadales; f__Sphingomonadaceae; g__Sandaracinobacter; s__uncultured_bacterium	0.8347994437738484
d9252d3287158fc8ecd895a6fe395957	d__Bacteria; p__Bacteroidota; c__Bacteroidia; o__Bacteroidales; f__Prevotellaceae; g__Alloprevotella	0.9999999999118888
073183c8a6b6c967e1ce546591da4470	d__Bacteria; p__Proteobacteria; c__Alphaproteobacteria; o__Sphingomonadales; f__Sphingomonadaceae; g__Sphingomonas	0.9712808585688191
f6606bf7696147c9a9f11ba02d96e585	d__Eukaryota; p__Ascomycota	0.9999989737863488
6a1444c90b4b46bfa5e9bcede2794f64	d__Bacteria; p__Proteobacteria; c__Alphaproteobacteria; o__Acetobacterales; f__Acetobacteraceae; g__Roseomonas	0.7799797310158373
db3bf88773f8a5eaad232706d8ac6b5e	d__Bacteria; p__Firmicutes; c__Bacilli; o__Staphylococcales; f__Staphylococcaceae; g__Staphylococcus	0.9999185715898832
b47b06b92e2077a865379ec4e784aa7e	d__Bacteria; p__Chloroflexi; c__Chloroflexia; o__Thermomicrobiales; f__AKYG1722; g__AKYG1722; s__uncultured_bacterium	0.9998682116003477
ed13a5bd8ad240d93c89ff5177dbb111	d__Bacteria; p__Actinobacteriota; c__Actinobacteria; o__Propionibacteriales; f__Propionibacteriaceae; g__Cutibacterium	0.9997523516037465
f748869ba03f3c209fa4d226d7a8bb91	d__Bacteria; p__Planctomycetota; c__Phycisphaerae; o__Tepidisphaerales; f__Tepidisphaeraceae; g__Tepidisphaera; s__uncultured_bacterium	0.9999974110863664
f2663bf37e5865c1bd0a6f289b5ed362	d__Bacteria; p__Actinobacteriota; c__Actinobacteria; o__Corynebacteriales; f__Nocardiaceae; g__Millisia; s__Millisia_brevis	0.9959763327855161
808fd9d8f5dfe901962f0f9fc6ec9262	d__Bacteria; p__Actinobacteriota; c__Actinobacteria; o__Propionibacteriales; f__Nocardioidaceae	0.9997576494943614
d450fbdcfb96f14209a2f4635f3cd973	d__Bacteria; p__Bacteroidota; c__Bacteroidia; o__Flavobacteriales; f__Weeksellaceae; g__Chryseobacterium	0.9997959527127258
c2afdc39bd2ee3e330daff58ccd03a93	d__Eukaryota; p__Basidiomycota; c__Tremellomycetes; o__Tremellales; f__Bulleribasidiaceae; g__Vishniacozyma; s__Cryptococcus_sp.	0.9812638840297876
d1ff68b2060c807945f7ed2f121be411	d__Bacteria; p__Bacteroidota; c__Bacteroidia; o__Chitinophagales; f__Chitinophagaceae; g__Edaphobaculum; s__uncultured_bacterium	0.7968762607558473
77121b4d0961c95e0aea8ee95737e679	d__Bacteria; p__Bacteroidota; c__Bacteroidia; o__Bacteroidales; f__Rikenellaceae; g__Rikenellaceae_RC9_gut_group; s__uncultured_bacterium	0.7845830168011023
16220bc76c62136892f42c145f1d7d9c	d__Bacteria; p__Proteobacteria; c__Gammaproteobacteria; o__Enterobacterales; f__Enterobacteriaceae	0.9587546935983133
57cd89e7a84cb78e390592209c18700b	d__Bacteria; p__Firmicutes; c__Clostridia; o__Peptostreptococcales-Tissierellales; f__Peptostreptococcales-Tissierellales; g__Peptoniphilus	0.9999999999938732
eba5d567c60281c3f8116032f162ae41	d__Bacteria; p__Actinobacteriota; c__Acidimicrobiia; o__IMCC26256; f__IMCC26256; g__IMCC26256	0.9999989687905847
0a2569e2cc186157ddb6bdd40825fbf0	d__Eukaryota; p__Phragmoplastophyta; c__Embryophyta; o__Magnoliophyta; f__Magnoliophyta; g__Magnoliophyta; s__Allium_sativum	0.9990445824470134
d4d9cb0db9811432a813677a5fd17256	d__Bacteria; p__Actinobacteriota; c__Actinobacteria; o__Corynebacteriales; f__Nocardiaceae; g__Rhodococcus; s__Rhodococcus_hoagii	0.8404169861368789
5b6c715b62762b580bed540d0ed66446	d__Bacteria; p__Actinobacteriota; c__Actinobacteria; o__Streptomycetales; f__Streptomycetaceae; g__Streptomyces	0.9999821886287428
82fdc613c63e45b4878f00fb75d84e2e	d__Eukaryota; p__Arthropoda; c__Arachnida; o__Acari; f__Acari; g__Acari; s__Oribatula_sakamorii	0.9233438486536184
02cd7532c10118dc055ffda70c777cea	d__Eukaryota; p__Phragmoplastophyta; c__Embryophyta; o__Magnoliophyta; f__Magnoliophyta; g__Magnoliophyta	0.9999966373478387
f0b1eb7366c977880de739bbd0998df3	d__Bacteria; p__Myxococcota; c__Polyangia; o__Polyangiales; f__Sandaracinaceae; g__Sandaracinus	0.9999946792186822
934a8aafd11706f25f5ed7ae7a39451e	d__Bacteria; p__Firmicutes; c__Clostridia; o__Lachnospirales; f__Lachnospiraceae; g__Lachnoanaerobaculum; s__uncultured_Lachnospiraceae	0.8677653753440436
f2d1bf56a6b6f12593bc92a984b41ee9	d__Bacteria; p__Proteobacteria; c__Gammaproteobacteria; o__Burkholderiales; f__Comamonadaceae; g__Comamonas	0.9336832963027597
d7c25286916e58cc809798a38a8c620c	d__Bacteria; p__Bacteroidota; c__Bacteroidia; o__Bacteroidales; f__Paludibacteraceae; g__F0058; s__uncultured_bacterium	0.9927171100780939
6b8edded53b42837b682a967637301db	d__Bacteria; p__Actinobacteriota; c__Actinobacteria; o__Micrococcales; f__Micrococcaceae; g__Rothia; s__Rothia_aeria	0.8812812306529922
aa0d2d8f91c4fa6613065c86d5ccb368	d__Bacteria; p__Proteobacteria; c__Alphaproteobacteria; o__Rhodobacterales; f__Rhodobacteraceae; g__Rhodobacter	0.7695545410362891
36994da6479d0db23e887ffd74156899	d__Bacteria; p__Bacteroidota; c__Bacteroidia; o__Cytophagales; f__Hymenobacteraceae; g__Hymenobacter; s__Amia_calva	0.8955565134278796
6ca30cf07fd6b7a4c7fca556b4819952	d__Bacteria; p__Actinobacteriota; c__Actinobacteria; o__Streptomycetales; f__Streptomycetaceae; g__Streptomyces	0.9520038251305103
32f6f765f903cec488db85a5299b8f7b	d__Bacteria; p__Actinobacteriota; c__Actinobacteria; o__Propionibacteriales; f__Propionibacteriaceae; g__Cutibacterium	0.996913381986243
79fa1d238623bffa82ccae12e40fe3c7	d__Bacteria; p__Actinobacteriota; c__Actinobacteria; o__Propionibacteriales; f__Propionibacteriaceae; g__Cutibacterium	0.9997084357450896
09e181698a3edf363435fa8de939f8d4	d__Bacteria; p__Firmicutes; c__Clostridia; o__Lachnospirales; f__Lachnospiraceae; g__Lachnoclostridium; s__[Clostridium]_scindens	0.9906390954047524
4e0349cfd0e7971c44dd9bcb4450870f	d__Bacteria; p__Proteobacteria; c__Gammaproteobacteria; o__Pseudomonadales; f__Moraxellaceae; g__Acinetobacter	0.9999995904254038
8b04ba0704b817e8dfb3b706590e6de1	d__Eukaryota; p__Phragmoplastophyta; c__Embryophyta; o__Pinophyta; f__Pinophyta; g__Pinophyta	0.9999999947773942
da2d2196a8408dc55e1640426f93db16	d__Bacteria; p__Proteobacteria; c__Gammaproteobacteria; o__Burkholderiales; f__Comamonadaceae	0.9999987426341316
3000d71f29714687eda972580e491250	d__Bacteria; p__Firmicutes; c__Bacilli; o__Paenibacillales; f__Paenibacillaceae; g__Paenibacillus	0.9999958327211662
2e8ea3ca8bea8a1a9c12c54ec63a2b85	d__Bacteria; p__Abditibacteriota; c__Abditibacteria; o__Abditibacteriales; f__Abditibacteriaceae; g__Abditibacterium; s__uncultured_bacterium	0.7549927325759415
a483275e3c479ccc9eb746cccfb8aace	d__Bacteria; p__Proteobacteria; c__Gammaproteobacteria; o__Pseudomonadales; f__Moraxellaceae; g__Acinetobacter	0.9999996954744119
c7aa84afe64155ecdd8335dd122a1c68	d__Bacteria; p__Bacteroidota; c__Bacteroidia; o__Chitinophagales; f__Chitinophagaceae; g__Taibaiella; s__uncultured_bacterium	0.9640206573412171
d59fb47aa8ebc58bee788e4511791154	d__Bacteria; p__Proteobacteria; c__Gammaproteobacteria; o__Pseudomonadales; f__Pseudomonadaceae; g__Pseudomonas; s__Pseudomonas_psychrotolerans	0.7147921177022535
c7c5235f40932645e686c64fa044928e	d__Eukaryota; p__Phragmoplastophyta; c__Embryophyta; o__Magnoliophyta; f__Magnoliophyta; g__Magnoliophyta; s__Camellia_reticulata	0.9781403315026896
b2cc2b0133d81179cb11e4ad016c0d93	d__Bacteria; p__Proteobacteria; c__Gammaproteobacteria; o__Burkholderiales; f__TRA3-20; g__TRA3-20	0.9971659260846403
a357095dc3d670f35ae5ac310736d82c	d__Bacteria; p__Firmicutes; c__Bacilli; o__Bacillales; f__Planococcaceae; g__Sporosarcina	0.9993410013255558
754e8f2b300674ababcf898fc7a177b4	d__Bacteria; p__Firmicutes; c__Bacilli; o__Bacillales; f__Planococcaceae; g__Solibacillus	0.7783317784249926
a9ce0a20d046fb3771698d7e60a694a8	d__Bacteria; p__Firmicutes; c__Bacilli; o__Haloplasmatales; f__Haloplasmataceae; g__Haloplasma	0.9993192025790599
020caaca60326069ee04b3da5a6f1434	d__Bacteria; p__Actinobacteriota; c__Actinobacteria; o__Actinomycetales; f__Actinomycetaceae; g__Actinomyces	0.999999988472117
63a94b4c97abe10bc0db6ad65f8c6693	d__Bacteria; p__Proteobacteria; c__Gammaproteobacteria; o__Burkholderiales; f__Nitrosomonadaceae; g__MND1	0.9999999851970013
769f0086471e630a5b0f42d1d8889628	d__Bacteria; p__Actinobacteriota; c__Actinobacteria; o__Pseudonocardiales; f__Pseudonocardiaceae; g__Pseudonocardia	0.9999564612675117
22b29b0fb0fbb8a8e78a0ccf02899562	d__Bacteria; p__Proteobacteria; c__Alphaproteobacteria; o__Rhodobacterales; f__Rhodobacteraceae; g__Paracoccus; s__Paracoccus_alcaliphilus	0.7591989973025935
7d487a01b20a28d82608703b48ee1407	d__Bacteria; p__Bacteroidota; c__Bacteroidia; o__Chitinophagales; f__Chitinophagaceae; g__Taibaiella	0.9999999932709949
864552c240c333bbe443e0507963e16f	d__Bacteria; p__Proteobacteria; c__Alphaproteobacteria; o__Rhizobiales; f__Devosiaceae; g__Devosia	0.9692145203714261
2d27bc6c94af722444e0490011356e9f	d__Bacteria; p__Firmicutes; c__Clostridia; o__Lachnospirales; f__Lachnospiraceae; g__Fusicatenibacter	0.9941081292797264
3e7602ca0cac60ef0aceda5546466771	d__Bacteria; p__Proteobacteria; c__Alphaproteobacteria; o__Rhodobacterales; f__Rhodobacteraceae	0.9960120915024465
4211ce44e01fdba0904d3e6750b72691	d__Bacteria; p__Actinobacteriota; c__Actinobacteria; o__Actinomycetales; f__Actinomycetaceae; g__Actinomyces	0.9999999992846114
8df8455b00cbe2b2100fe48717b4fdd1	d__Bacteria; p__Firmicutes; c__Bacilli; o__Lactobacillales; f__Lactobacillaceae; g__Lactobacillus; s__Lactobacillus_amylovorus	0.9086933432977935
dfd094747cdacb3c302a8e57d130ac45	d__Bacteria; p__Proteobacteria; c__Alphaproteobacteria; o__Acetobacterales; f__Acetobacteraceae; g__Craurococcus-Caldovatus; s__uncultured_organism	0.8635776513367696
b9144eafa459e7d02627f7ae846015c9	d__Bacteria; p__Proteobacteria; c__Alphaproteobacteria; o__Rickettsiales; f__Mitochondria; g__Mitochondria	1.0000000000000013
4214496514ab7dd1bfb07a7846cec2cf	d__Bacteria; p__Proteobacteria; c__Gammaproteobacteria; o__Pasteurellales; f__Pasteurellaceae; g__Haemophilus	0.8637766126498899
13e674f4e8d92e2493e946d8b682beb6	d__Bacteria; p__Firmicutes; c__Bacilli; o__Lactobacillales; f__Streptococcaceae; g__Streptococcus	0.9994806689044572
f6168dff01a65f16e565c417cee8b6f5	d__Bacteria; p__Actinobacteriota; c__Actinobacteria; o__Micrococcales; f__Intrasporangiaceae	0.98209217858403
3807f3df2233067115a19b9ad1b6de27	d__Bacteria; p__Fusobacteriota; c__Fusobacteriia; o__Fusobacteriales; f__Fusobacteriaceae; g__Fusobacterium; s__uncultured_bacterium	0.7775702246465659
989c405f41a5ad13cdedd0281a4e3800	d__Bacteria; p__Firmicutes; c__Bacilli; o__Lactobacillales; f__Lactobacillaceae; g__Lactobacillus; s__Lactobacillus_melliventris	0.9773990533280604
af9daa094fabf00cd2d5fd8b719718fd	d__Bacteria; p__Proteobacteria; c__Alphaproteobacteria; o__Acetobacterales; f__Acetobacteraceae; g__Roseomonas; s__Roseomonas_gilardii	0.8817428135789744
cf67081cfa408dd7d7ca239b4c5488df	d__Bacteria; p__Fusobacteriota; c__Fusobacteriia; o__Fusobacteriales; f__Leptotrichiaceae; g__Leptotrichia; s__Leptotrichia_shahii	0.9265431483892219
84de3c9c1649c57d68ce559921efe7b5	d__Bacteria; p__Firmicutes; c__Bacilli; o__Lactobacillales; f__Carnobacteriaceae; g__Granulicatella	0.8390885878470888
366492dc70bfef492fcec1320ed7e22d	d__Bacteria; p__Gemmatimonadota; c__Longimicrobia; o__Longimicrobiales; f__Longimicrobiaceae; g__Longimicrobium; s__uncultured_bacterium	0.9562373561360602
facd8a67e9cdf9bae008bcc78822a333	d__Eukaryota; p__Heterolobosea; c__Tetramitia; o__Tetramitia; f__Tetramitia; g__Tetramitia; s__Vahlkampfia_lobospinosa	0.9895997172140418
968a6d02670c1deb99625949e7117154	d__Bacteria; p__Actinobacteriota; c__Actinobacteria; o__Frankiales; f__Geodermatophilaceae; g__Blastococcus	0.799161244678245
7d5bb689c3c9e0e1ca550c1dabf0e424	d__Bacteria; p__Proteobacteria; c__Gammaproteobacteria; o__Xanthomonadales; f__Xanthomonadaceae; g__Xanthomonas	0.9723512431967506
2d913de48f253cf6e86516b1348a3ee6	d__Eukaryota; p__Ascomycota; c__Eurotiomycetes; o__Chaetothyriales; f__Trichomeriaceae; g__Bradymyces; s__uncultured_fungus	0.9872664348155612
d52451b0a159605c682e004ffc3eb28c	d__Bacteria; p__Firmicutes; c__Bacilli; o__Bacillales; f__Bacillaceae	0.9999111410683562
27a10f996bce12865047de005c9a6139	d__Bacteria; p__Bacteroidota; c__Bacteroidia; o__Bacteroidales; f__Prevotellaceae; g__Alloprevotella; s__Prevotella_sp.	0.9996739514687925
f5f6407b5699eac70b5eb55578a28a0d	d__Bacteria; p__Proteobacteria; c__Alphaproteobacteria; o__Azospirillales; f__Azospirillaceae; g__Azospirillum	0.9999979893780858
c469c0f156b1455dc4d3f5d95eb96417	d__Eukaryota; p__Arthropoda; c__Insecta; o__Hemiptera; f__Hemiptera; g__Hemiptera	0.999754979524309
3cafe712539d81b6c7cb82ff5acf5c12	d__Bacteria; p__Actinobacteriota; c__Actinobacteria; o__Pseudonocardiales; f__Pseudonocardiaceae; g__Saccharopolyspora	0.9817032611077139
0e8053b8b69d6150852ac18daa09c9da	d__Bacteria; p__Proteobacteria; c__Alphaproteobacteria; o__Rhizobiales; f__uncultured; g__uncultured; s__uncultured_endolithic	0.7300299423613483
889c657ee02707326daebe7a67682fc8	d__Bacteria; p__Firmicutes; c__Bacilli; o__Lactobacillales; f__Enterococcaceae; g__Enterococcus; s__Enterococcus_italicus	0.7421587735007523
358b5e3a3ec2f87f7acf48cb601b6e37	d__Bacteria; p__Actinobacteriota; c__Actinobacteria; o__Micromonosporales; f__Micromonosporaceae; g__Actinoplanes	0.9466855105800538
6a0ca50336712a6be959fe42c5e071dc	d__Bacteria; p__Actinobacteriota; c__Acidimicrobiia; o__Actinomarinales; f__uncultured; g__uncultured; s__uncultured_compost	0.9998468656634595
968dac836019c0fff70b2a0489dd1453	d__Eukaryota; p__Basidiomycota; c__Agaricostilbomycetes; o__Agaricostilbales; f__Kondoaceae; g__Kondoa; s__Kondoa_aeria	0.9337489184294678
a0609afdc48cd6b3b9d8709415411317	d__Bacteria; p__Firmicutes; c__Negativicutes; o__Acidaminococcales; f__Acidaminococcaceae; g__Succiniclasticum	0.9999999999506363
96ee42195ef6683fc944cf7a4bb82293	d__Bacteria; p__Firmicutes; c__Clostridia; o__Peptostreptococcales-Tissierellales; f__Peptostreptococcales-Tissierellales; g__Peptoniphilus	0.9999999999892367
995f8d1e5d402abd328037781d5e463e	d__Bacteria; p__Proteobacteria; c__Gammaproteobacteria; o__Burkholderiales; f__Neisseriaceae; g__uncultured; s__uncultured_bacterium	0.999968056259206
4955ba66837394a8b32e565ae895a30c	d__Bacteria	0.8230951757549854
e374e6dfca906f2e5c4cb46b9bdb42c6	d__Bacteria; p__Proteobacteria; c__Alphaproteobacteria; o__Rhizobiales; f__Beijerinckiaceae; g__Microvirga	0.9738895265847729
2de9781421331326c1938719b38acddd	d__Bacteria; p__Firmicutes; c__Clostridia; o__Caldicoprobacterales; f__Caldicoprobacteraceae; g__Caldicoprobacter	0.9918389641148306
11079b417a16264578ce18e46a3c4811	d__Bacteria; p__Proteobacteria; c__Alphaproteobacteria; o__Sphingomonadales; f__Sphingomonadaceae; g__Sphingomonas; s__uncultured_endolithic	0.7692626755173966
7ff8391735f3e8a24651d8962114e894	d__Bacteria; p__Proteobacteria; c__Alphaproteobacteria; o__Rhizobiales; f__Rhizobiaceae	0.9987733204214752
92fad903b916fb503eb65bb5ef1a7749	d__Bacteria; p__Firmicutes; c__Bacilli; o__Bacillales; f__Bacillaceae; g__Halobacillus	0.9804796290579844
7e616f15cbcc0751dbb590de21c9c070	d__Bacteria; p__Cyanobacteria; c__Cyanobacteriia; o__Chloroplast; f__Chloroplast; g__Chloroplast	0.9999999999994502
e37be3300709aa31f33dce9cb7db1a48	d__Bacteria; p__Proteobacteria; c__Gammaproteobacteria; o__Burkholderiales; f__Comamonadaceae	0.9999999201953228
a90aa5329e753c9936211f4a9e8f23f8	d__Bacteria; p__Firmicutes; c__Bacilli; o__Lactobacillales; f__Aerococcaceae; g__Aerococcus; s__Aerococcus_urinae	0.9998575303275802
034061ecb8c3e77f80ad08f3b6de6987	d__Bacteria; p__Actinobacteriota; c__Actinobacteria; o__Propionibacteriales; f__Propionibacteriaceae; g__Cutibacterium	0.9938576130718304
0f9ec2bdca0ee79d55bdfe54d3c16ac6	d__Eukaryota; p__Vertebrata; c__Mammalia; o__Mammalia; f__Mammalia; g__Mammalia	0.9999986169509556
e06c676e8acd8ea8cc74f9021971265a	d__Bacteria; p__Proteobacteria; c__Alphaproteobacteria; o__Sphingomonadales; f__Sphingomonadaceae	0.9997771536577839
e580f46a24f8b54bd4e0fbb478a6bf76	d__Bacteria; p__Actinobacteriota; c__Thermoleophilia; o__Solirubrobacterales; f__67-14; g__67-14; s__metagenome	0.8302272391931178
59574916415a900a5ce95693b4f7fbe0	d__Bacteria; p__Proteobacteria; c__Gammaproteobacteria; o__Pseudomonadales; f__Pseudomonadaceae; g__Pseudomonas	0.99806139299194
2d21a180c9961f87e4b75a87f06cf58e	d__Bacteria; p__Proteobacteria; c__Gammaproteobacteria; o__Burkholderiales; f__Neisseriaceae; g__uncultured; s__metagenome	0.9762980875623379
397b7bbed81b8bade7fbcbe600d72173	d__Bacteria; p__Proteobacteria; c__Gammaproteobacteria; o__Xanthomonadales; f__Xanthomonadaceae; g__Pseudoxanthomonas	0.9999971993492409
78b269a9e4a68a345ab70b555c8ef301	d__Bacteria; p__Firmicutes; c__Clostridia; o__Peptostreptococcales-Tissierellales; f__Peptostreptococcales-Tissierellales; g__Anaerococcus; s__Anaerococcus_provencensis	0.8461880354625301
464a39f4c11ec609f3ff518c97268964	d__Eukaryota; p__Ascomycota; c__Dothideomycetes; o__Capnodiales	0.8416519353498438
024acf66375223d7ed1510d64ee5d24c	d__Bacteria; p__Firmicutes; c__Bacilli; o__Lactobacillales; f__Streptococcaceae; g__Streptococcus	0.9999912316897672
466ec0a751ba7ae9aedb3b4d644960cc	d__Bacteria; p__Actinobacteriota; c__Actinobacteria; o__Propionibacteriales; f__Propionibacteriaceae; g__Microlunatus; s__Microlunatus_sp.	0.9625489965267945
0a0112f6c344ae3843f4c5a569b841e6	d__Bacteria; p__Actinobacteriota; c__Actinobacteria; o__Propionibacteriales; f__Nocardioidaceae; g__Nocardioides	0.9181608238742497
c545416d12325b871ec01e686f35fa63	d__Eukaryota	0.9997623870056058
718e32f1f2e12ff67684e80b324f6c0e	d__Bacteria; p__Bacteroidota; c__Bacteroidia; o__Cytophagales; f__Hymenobacteraceae; g__Hymenobacter	0.9999999739937036
a4d7c11e2ec8edc523e812edab7760c1	d__Bacteria; p__Proteobacteria; c__Alphaproteobacteria; o__Sphingomonadales; f__Sphingomonadaceae; g__Sphingomonas	0.8944922548709079
b7f22b8dde6d179288d04df91991aa3e	d__Bacteria; p__Bacteroidota; c__Bacteroidia; o__Cytophagales; f__Spirosomaceae; g__Spirosoma; s__Spirosoma_rigui	0.9914099177103949
5a3e0d470c66b24adabb60e32c9b84d6	d__Bacteria; p__Bacteroidota; c__Bacteroidia; o__Cytophagales; f__Spirosomaceae; g__Dyadobacter	0.9999988393996299
b8f21baf1bcd809d5e5b997952f2e043	d__Bacteria; p__Proteobacteria; c__Gammaproteobacteria; o__Burkholderiales; f__Alcaligenaceae	0.9999999704099085
e3a4aff29fa4ff7fd99b4d5f525b788d	d__Bacteria; p__Campilobacterota; c__Campylobacteria; o__Campylobacterales; f__Campylobacteraceae; g__Campylobacter; s__Campylobacter_rectus	0.8354984945509031
d7fbc7d8602bbacbfe0da1d2276b9f56	d__Bacteria; p__Firmicutes; c__Clostridia; o__Peptostreptococcales-Tissierellales; f__Peptostreptococcales-Tissierellales; g__Anaerococcus	0.9999999999851323
38e83c066d0460ad6a676d4e83ac7179	d__Bacteria; p__Proteobacteria; c__Gammaproteobacteria; o__Pseudomonadales; f__Pseudomonadaceae; g__Pseudomonas	0.9988490334659139
87561866a0500f4f21feac3c015adb8e	d__Bacteria; p__Proteobacteria; c__Gammaproteobacteria; o__Xanthomonadales; f__Rhodanobacteraceae; g__Dyella	0.7598986699108395
21e212653b476c44ee0012cc83812128	d__Eukaryota; p__Arthropoda; c__Arachnida; o__Acari; f__Acari; g__Acari; s__Dermatophagoides_evansi	0.9810833030781189
f6bbf0a117a1974d50de6d88246bcaf3	d__Bacteria; p__Bacteroidota; c__Bacteroidia; o__Sphingobacteriales; f__Sphingobacteriaceae; g__Pedobacter; s__Pedobacter_jejuensis	0.7155349682103616
6b750ad76595e73283d875f02a58c999	d__Eukaryota; p__Basidiomycota; c__Cystobasidiomycetes; o__Incertae_Sedis; f__Incertae_Sedis; g__Symmetrospora; s__Symmetrospora_gracilis	0.7463069753786599
60dfcf5aacd2cac3531fdaa6653b89ea	d__Bacteria; p__Fusobacteriota; c__Fusobacteriia; o__Fusobacteriales; f__Leptotrichiaceae; g__Leptotrichia; s__uncultured_bacterium	0.9085985046684844
b20b115c2557ef7dc1181c3202968d5c	d__Bacteria; p__Proteobacteria; c__Gammaproteobacteria; o__Pasteurellales; f__Pasteurellaceae; g__Haemophilus	0.927417405877908
4a616d69de590dad9ec5bebfd0495848	d__Bacteria; p__Actinobacteriota; c__Actinobacteria; o__Micrococcales; f__Micrococcaceae	0.9999994362408299
49fd207cb96547b810bb411801de9452	d__Eukaryota; p__Phragmoplastophyta; c__Embryophyta; o__Magnoliophyta; f__Magnoliophyta; g__Magnoliophyta; s__Allium_cepa	0.9190427802658424
3b896f789af3e96e86a014e3ea8e3bed	d__Bacteria; p__Proteobacteria; c__Gammaproteobacteria; o__CCD24; f__CCD24; g__CCD24	0.9999999870141673
4b915677c05576b6058c4b269f80f99b	d__Bacteria; p__Proteobacteria; c__Alphaproteobacteria; o__Rhizobiales; f__Beijerinckiaceae; g__uncultured; s__uncultured_bacterium	0.9557353628432185
0e51bf54b694a8fa7d40c862889988cc	d__Eukaryota; p__Arthropoda; c__Arachnida; o__Acari; f__Acari; g__Acari; s__Puccinia_striiformis	0.999795908353138
27efe9085858b1f9de7274f9c129600b	d__Bacteria; p__Actinobacteriota; c__Actinobacteria; o__Actinomycetales; f__Actinomycetaceae; g__F0332; s__uncultured_bacterium	0.9372006983038325
b76f01b079a73ca9ab394a854cc41970	d__Bacteria; p__Actinobacteriota; c__Actinobacteria; o__Propionibacteriales; f__Nocardioidaceae; g__Aeromicrobium	0.9984286000761899
cebf58d7ad1aa665bf55b2767935e5b4	d__Eukaryota; p__Phragmoplastophyta; c__Embryophyta; o__Pinophyta; f__Pinophyta; g__Pinophyta; s__Pinus_taeda	0.7019039708905646
7bc1b1a7af7beb3bc53db22d306e4316	d__Bacteria; p__Proteobacteria; c__Alphaproteobacteria; o__Sphingomonadales; f__Sphingomonadaceae; g__Sphingomonas	0.9970670297478261
7c2ac7106f53a2eb5ea401bd870559f6	d__Eukaryota; p__Ascomycota; c__Eurotiomycetes; o__Eurotiales; f__Trichocomaceae	0.7795095645289791
0815e84d9559c705f75525a1d66f3bbb	d__Bacteria; p__Proteobacteria; c__Gammaproteobacteria; o__Pseudomonadales; f__Pseudomonadaceae; g__Pseudomonas	0.9462721613226931
f4afd538ce6f4b1b4afadd7179409d52	d__Eukaryota; p__Ascomycota; c__Sordariomycetes	0.9999940533395629
1d86617a0e7f77a455197541b9ecfa86	d__Bacteria; p__Proteobacteria; c__Alphaproteobacteria; o__Rhodobacterales; f__Rhodobacteraceae; g__Paracoccus	0.9974493080800902
aa816f800315128d1d96c8a7427af967	d__Bacteria; p__Cyanobacteria; c__Cyanobacteriia; o__Chloroplast; f__Chloroplast; g__Chloroplast; s__Picea_glauca	0.9061560312494924
a8ab417a1d66b011d96c04c9d04ab637	d__Bacteria; p__Actinobacteriota; c__Actinobacteria; o__Micrococcales; f__Intrasporangiaceae	0.9838619132892011
eea2ec7f929b6a4b8cebca1a401d3b09	d__Bacteria; p__Actinobacteriota; c__Actinobacteria; o__Micrococcales; f__Microbacteriaceae	0.9951944145942745
6a660c3a0c1dc2d17e2b1d08e376e80f	d__Bacteria; p__Myxococcota; c__Polyangia; o__mle1-27; f__mle1-27; g__mle1-27	0.9993895234231941
18fe32c737cf785a878b222f286aa467	d__Bacteria; p__Verrucomicrobiota; c__Verrucomicrobiae; o__Opitutales; f__Opitutaceae; g__Lacunisphaera	0.9999845948061432
af994d7a3378118314daf759fb01d4e9	d__Bacteria; p__Proteobacteria; c__Gammaproteobacteria; o__Burkholderiales; f__Comamonadaceae; g__Azohydromonas	0.8036019587375349
5e1c33816cd56e3fee49b9cd780c31ca	d__Bacteria; p__Firmicutes; c__Clostridia; o__Peptostreptococcales-Tissierellales; f__Peptostreptococcales-Tissierellales; g__Peptoniphilus	0.9999999979931102
f129382fa89566a3a24e9a5053baac73	d__Bacteria; p__Proteobacteria; c__Gammaproteobacteria; o__Burkholderiales; f__Comamonadaceae	0.9999985852848121
3fcc6ec7403bcb146e31d5d6bfd85c5b	d__Eukaryota; p__Ascomycota; c__Dothideomycetes; o__Capnodiales; f__Cladosporiaceae; g__Cladosporium	0.8827387658260385
652c8720740c6873389d4f314dcacf02	d__Bacteria; p__Bacteroidota; c__Bacteroidia; o__Chitinophagales; f__Chitinophagaceae; g__Taibaiella; s__uncultured_bacterium	0.8959257242024413
4347470bf94e5b6eae35583b954db9c9	d__Bacteria; p__Verrucomicrobiota; c__Verrucomicrobiae; o__Verrucomicrobiales; f__Rubritaleaceae; g__Luteolibacter	0.9999995820251164
6b6423e3a952b9f4569a546006e47cd6	d__Bacteria; p__Bacteroidota; c__Bacteroidia; o__Cytophagales; f__Microscillaceae; g__uncultured	0.9939991874771967
824023dcaec4abd48e249e99668b253d	d__Eukaryota; p__Ascomycota; c__Sordariomycetes; o__Microascales; f__Microascaceae	0.9963175629812329
5fba7742c7b158660a29bfbdf44d68f6	d__Bacteria; p__Proteobacteria; c__Gammaproteobacteria; o__Burkholderiales; f__Comamonadaceae; g__Ramlibacter	0.8886725947361356
c2060a8dd856b9fd0eecbf8c6fd94f67	d__Bacteria; p__Actinobacteriota; c__Actinobacteria; o__Micrococcales; f__Dermacoccaceae; g__Dermacoccus	0.9040659058512721
01838918bf7fb6ac1fa49bc209c65377	d__Bacteria; p__Firmicutes; c__Clostridia; o__Peptostreptococcales-Tissierellales; f__Peptostreptococcales-Tissierellales; g__Finegoldia; s__Finegoldia_magna	0.7838246449346619
e929f0f4136aa73cb51c4f31689244d1	Unassigned	0.45979440567213614
92f9ff7e9e9e5889f475cf6b629bb752	d__Bacteria; p__Bacteroidota; c__Bacteroidia; o__Bacteroidales; f__Rikenellaceae; g__Alistipes; s__Alistipes_sp.	0.9929062190349198
c18b811e4f46c585ad61d8fab209a142	d__Bacteria; p__Actinobacteriota; c__Actinobacteria; o__Propionibacteriales; f__Propionibacteriaceae; g__Cutibacterium	0.9997599532651754
5b08c34bb990b6645a659f55caf7fe1b	d__Bacteria; p__RCP2-54; c__RCP2-54; o__RCP2-54; f__RCP2-54; g__RCP2-54	0.992993622568106
3922871579f373caff351516fa3c98a1	d__Archaea; p__Halobacterota; c__Halobacteria; o__Halobacterales; f__Haloferacaceae; g__uncultured	0.9616245638044729
329cce4d84e1d13ec586e68d4cee3f71	d__Bacteria; p__Actinobacteriota; c__Actinobacteria; o__Propionibacteriales; f__Propionibacteriaceae; g__Tessaracoccus	0.9999990214055502
776b7ac4bd4c7397856a6fb8c0ed5149	d__Bacteria; p__Proteobacteria; c__Gammaproteobacteria; o__Cellvibrionales; f__Cellvibrionaceae; g__Halioxenophilus; s__uncultured_bacterium	0.8991800251780396
b69a76ec5d761f28cbaf29e4f37ca24b	d__Bacteria; p__Proteobacteria; c__Gammaproteobacteria; o__Burkholderiales; f__Neisseriaceae; g__Neisseria	0.9999310321909287
2705435adf55a88501bd8e7f439c83c8	d__Bacteria; p__Fusobacteriota; c__Fusobacteriia; o__Fusobacteriales; f__Fusobacteriaceae; g__Fusobacterium	0.999999999620506
7f451a0689d90bffaa90b6ebd389e6ac	d__Bacteria; p__Proteobacteria; c__Alphaproteobacteria; o__Rhizobiales; f__Beijerinckiaceae	0.987540353158864
27af8baf16b1950734ef179ab90c95f4	d__Bacteria; p__Proteobacteria; c__Gammaproteobacteria; o__Pseudomonadales; f__Moraxellaceae; g__Acinetobacter; s__Acinetobacter_baumannii	0.7092543441386198
b18dc8474899ad3a77634591677f5666	d__Bacteria; p__Firmicutes; c__Bacilli; o__Erysipelotrichales; f__Erysipelotrichaceae; g__Holdemania	0.9999998934716565
e1ec3ffc92ac15afec1ac914d36ee102	d__Bacteria; p__Actinobacteriota; c__Actinobacteria; o__Actinomycetales; f__Actinomycetaceae; g__Arcanobacterium	0.9966330557256597
16f914d56b9382b055ff7caa4140a0c0	d__Bacteria; p__Cyanobacteria; c__Cyanobacteriia; o__Chloroplast; f__Chloroplast; g__Chloroplast	0.9999999999842807
a1d98f77d30ce89c3a62de2f1b4c92e4	d__Bacteria; p__Firmicutes; c__Bacilli; o__Lactobacillales; f__Streptococcaceae; g__Streptococcus	0.9989501337282686
c0b1c65831900e85c00111fc1d2ab4b8	d__Eukaryota; p__Phragmoplastophyta; c__Embryophyta; o__Pinophyta; f__Pinophyta; g__Pinophyta; s__Pinus_taeda	0.8650082756436478
ea7743e0e3b47486b8a0ac05e378fc8f	d__Bacteria; p__Firmicutes; c__Bacilli; o__Alicyclobacillales; f__Alicyclobacillaceae; g__Tumebacillus	0.9999999166663106
7eafd2106dfffaa0ef82017e5a921234	d__Bacteria; p__Firmicutes; c__Bacilli; o__Staphylococcales; f__Staphylococcaceae; g__Staphylococcus	0.996187943704291
c4cc7d4abee8b5e087afc32c9b265731	d__Eukaryota; p__Phragmoplastophyta; c__Embryophyta; o__Magnoliophyta; f__Magnoliophyta; g__Magnoliophyta	0.9999240194685821
74a2157987950985c955bb1fd4a7e5c1	d__Bacteria; p__Proteobacteria; c__Gammaproteobacteria; o__Alteromonadales; f__Alteromonadaceae; g__Alishewanella; s__Alishewanella_sp.	0.7782478407577847
ac92083107bc851c1ec37d6b7f309be2	d__Bacteria; p__Proteobacteria; c__Alphaproteobacteria; o__Rhizobiales; f__D05-2; g__D05-2; s__alpha_proteobacterium	0.9987009294699615
ed1339858dea072711cb8895b9476ac6	d__Bacteria; p__Chloroflexi; c__Gitt-GS-136; o__Gitt-GS-136; f__Gitt-GS-136; g__Gitt-GS-136	0.9999999991093756
24fb402c2fee39d48d7ab7fc9cd7d3e3	d__Bacteria; p__Actinobacteriota; c__Actinobacteria; o__Propionibacteriales; f__Nocardioidaceae; g__Nocardioides; s__Marmoricola_sp.	0.9520129287010596
8ae611915b40f686cc0d50e88cacccc6	d__Bacteria; p__Firmicutes; c__Bacilli; o__Bacillales; f__Bacillaceae; g__Geobacillus	0.9706513514129472
8e4017ef093f5918cfb0ca4b0f54d9eb	d__Bacteria; p__Bacteroidota; c__Bacteroidia; o__Chitinophagales; f__Chitinophagaceae; g__Flavisolibacter	0.9993987648470717
bba4db0c90f850484646c37a75858817	d__Bacteria; p__Actinobacteriota; c__Actinobacteria; o__Corynebacteriales; f__Nocardiaceae; g__Rhodococcus	0.9998496840004851
922f95c1e3433ae53bd2029a4c99b327	d__Eukaryota; p__Vertebrata; c__Mammalia; o__Mammalia; f__Mammalia; g__Mammalia	0.999999303454853
ab7d7b45b08b8119463818081f16c880	d__Bacteria; p__Bacteroidota; c__Bacteroidia; o__Flavobacteriales; f__Flavobacteriaceae; g__Flavobacterium	0.9999857520125506
619d1a5b51796688b7e907d11d4594cf	d__Bacteria; p__Actinobacteriota; c__Actinobacteria; o__Corynebacteriales; f__Corynebacteriaceae; g__Corynebacteriaceae; s__uncultured_Corynebacterium	0.9947811778059444
1a1202ab4d6a721f77509eea3595b690	d__Bacteria; p__Proteobacteria; c__Alphaproteobacteria; o__Sphingomonadales; f__Sphingomonadaceae; g__Sphingomonas	0.884541729814043
8f1552f9caf489dab9a3660a7b5f0bd0	d__Bacteria; p__Actinobacteriota; c__Actinobacteria; o__Corynebacteriales; f__Mycobacteriaceae; g__Mycobacterium	0.9999977161445268
f8d0a9ede6d09d828e050ba673a39620	d__Bacteria; p__Gemmatimonadota; c__Longimicrobia; o__Longimicrobiales; f__Longimicrobiaceae; g__Longimicrobiaceae; s__uncultured_bacterium	0.965878713616183
a5ae9b9821b89fff794d3f5a6e8a0866	d__Bacteria; p__Firmicutes; c__Clostridia; o__Lachnospirales; f__Lachnospiraceae; g__Blautia	0.9817435577223667
9e0221a5687f37008afb8e6b45ebcc04	d__Eukaryota; p__Phragmoplastophyta; c__Embryophyta; o__Pinophyta; f__Pinophyta; g__Pinophyta	0.9994614106514673
265d5cfbeaaab823fb0ecef81af26d76	d__Bacteria; p__Actinobacteriota; c__Actinobacteria; o__Propionibacteriales; f__Propionibacteriaceae; g__Cutibacterium	0.9988454344965833
805a84eef431bda7ba6bb83bf7d4e6f9	d__Bacteria; p__Actinobacteriota; c__Actinobacteria; o__Actinomycetales; f__Actinomycetaceae; g__Actinomyces; s__Schaalia_canis	0.9751088648319118
bd68b2eb5bfdb5a88bfa7671190dac3c	d__Bacteria; p__Proteobacteria; c__Gammaproteobacteria; o__Burkholderiales; f__Oxalobacteraceae	0.9999948850986865
be1ab72df9716197a9e83f0523460fce	d__Bacteria; p__Actinobacteriota; c__Acidimicrobiia; o__IMCC26256; f__IMCC26256; g__IMCC26256	0.999999923769504
11334be049def5d4048dd2ea56369fa2	d__Eukaryota; p__Basidiomycota; c__Tremellomycetes; o__Cystofilobasidiales; f__Mrakiaceae; g__Udeniomyces; s__Udeniomyces_puniceus	0.9988230400089494
198ee2ea703b79394ab27079d4f463cd	d__Bacteria; p__Firmicutes; c__Clostridia; o__Peptostreptococcales-Tissierellales; f__Peptostreptococcales-Tissierellales; g__W5053; s__unidentified_marine	0.9994037835664253
c55614dd9974fe3e7fad23eb80a20e5a	d__Bacteria; p__Firmicutes; c__Clostridia; o__Lachnospirales; f__Lachnospiraceae; g__[Eubacterium]_eligens_group	0.9999950995166764
37fd6d7e9bdb6e0d646fee9ef66a0e96	d__Bacteria; p__Chloroflexi; c__Chloroflexia; o__Thermomicrobiales; f__JG30-KF-CM45; g__JG30-KF-CM45; s__metagenome	0.9234789264985579
4f16bc00fa3f1508790af432e24e3d40	d__Eukaryota; p__Ascomycota; c__Saccharomycetes; o__Saccharomycetales; f__Saccharomycetaceae; g__Nakaseomyces-Candida_clade; s__[Candida]_glabrata	0.9653132074379327
13bd28a1ed7d0290b239789485d70d4d	d__Bacteria; p__Actinobacteriota; c__Actinobacteria; o__Propionibacteriales; f__Nocardioidaceae; g__Nocardioides	0.9988844244262786
765771cae05d83e8bf369a72f076f1d8	d__Bacteria; p__Bacteroidota; c__Bacteroidia; o__Chitinophagales; f__Chitinophagaceae; g__Edaphobaculum	0.9824113375174764
d0d507c7f58d8ef39c8570907516be3e	d__Bacteria; p__Actinobacteriota; c__Actinobacteria; o__Actinomycetales; f__Actinomycetaceae; g__Actinomyces	0.9999996527987357
f026117f01d43e440fd09b82d77085e2	d__Bacteria; p__Proteobacteria; c__Gammaproteobacteria; o__Burkholderiales; f__Burkholderiaceae; g__Limnobacter; s__uncultured_bacterium	0.8361314460614157
a1657c4fabc5cb26ce9dce6440814b8f	d__Bacteria; p__Actinobacteriota; c__Actinobacteria; o__Streptosporangiales; f__Thermomonosporaceae; g__Actinomadura; s__uncultured_bacterium	0.7027785518495276
e49747bab85516798a6a92dca530f63f	Unassigned	0.4791093219025082
ee927d67a3c580c3eca55fb9393633f3	d__Bacteria; p__Proteobacteria; c__Alphaproteobacteria; o__Rhizobiales; f__Rhizobiaceae	0.9948716108752539
e88fcca1b44e980b4508a535e3e46780	d__Bacteria; p__Proteobacteria; c__Alphaproteobacteria; o__Rhodobacterales; f__Rhodobacteraceae; g__Rhodobacter	0.8738275817202473
37d04f7263272547242942d9b249586b	d__Bacteria; p__Chloroflexi; c__Chloroflexia; o__Thermomicrobiales; f__JG30-KF-CM45; g__JG30-KF-CM45; s__uncultured_bacterium	0.9957128989808596
ccba292040147b500010c3b63530f2e5	d__Bacteria; p__Actinobacteriota; c__Thermoleophilia; o__Gaiellales; f__uncultured; g__uncultured; s__uncultured_organism	0.8103971849569783
da4f4b301e8a93f082914108f3ab16d7	d__Bacteria; p__Proteobacteria; c__Alphaproteobacteria; o__Sphingomonadales; f__Sphingomonadaceae; g__Sphingomonas	0.9997130115874656
b296b37285c4fb0ea5125d906f65f561	d__Bacteria; p__Firmicutes; c__Bacilli; o__Erysipelotrichales; f__Erysipelotrichaceae; g__Dielma; s__uncultured_bacterium	0.9999999288465088
b8cfbcda6ee00c1e7d89f0abce11fd46	d__Bacteria; p__Bacteroidota; c__Bacteroidia; o__Cytophagales; f__Cytophagaceae; g__Siphonobacter; s__Siphonobacter_sp.	0.9999999521602814
84b4d40c68dd706fd9d905035e9aea22	d__Bacteria; p__Acidobacteriota; c__Vicinamibacteria; o__Vicinamibacterales; f__Vicinamibacteraceae; g__Vicinamibacteraceae	0.9996788913872432
d99d9526eec3564e3de26cf9e3c34caf	d__Bacteria; p__Actinobacteriota; c__Thermoleophilia; o__uncultured; f__uncultured; g__uncultured; s__uncultured_bacterium	0.9999959259195634
04d6ae376f6d4d1907d9fa38ccf87a87	d__Bacteria; p__Firmicutes; c__Clostridia; o__Lachnospirales; f__Lachnospiraceae; g__Moryella; s__Moryella_sp.	0.9995554343141947
7870aff60ab96ea4ac595da5e28ee024	d__Eukaryota; p__Basidiomycota; c__Tremellomycetes; o__Tremellales; f__Trimorphomycetaceae; g__Saitozyma; s__Saitozyma_paraflava	0.9917943536646733
0b74c7deded7260cff8bfae98f921c65	d__Bacteria; p__Firmicutes; c__Bacilli; o__Bacillales; f__Planococcaceae	0.9572887315858744
e815ee024c6d942ebd783a7d3e678e5d	d__Eukaryota; p__Basidiomycota; c__Malasseziomycetes; o__Malasseziales; f__Malasseziaceae; g__Malassezia	0.9999999897255138
d0854d3eb0e5bc811e9f0a21bc570575	d__Bacteria; p__Actinobacteriota; c__Actinobacteria; o__Micrococcales; f__Dermabacteraceae; g__Brachybacterium	0.998319765310309
96b488f503fd202e72d003e868b96046	d__Bacteria; p__Actinobacteriota; c__Actinobacteria; o__Streptomycetales; f__Streptomycetaceae; g__Streptomyces	0.9826209686045339
bca61bd01196a1526d096fd464304b57	d__Bacteria; p__Actinobacteriota; c__Actinobacteria; o__Nitriliruptorales; f__Nitriliruptoraceae; g__Nitriliruptor; s__Nitriliruptor_alkaliphilus	0.9942206735746693
cec350adc16e9f3f3d658b859e1e664f	d__Eukaryota; p__Chlorophyta; c__Trebouxiophyceae; o__Trebouxiophyceae; f__Trebouxiophyceae; g__Trebouxiophyceae; s__uncultured_Chlorophyta	0.71141944396186
8dd699109338f22023b1bfc35680f535	d__Bacteria; p__Bacteroidota; c__Bacteroidia; o__Flavobacteriales; f__Weeksellaceae; g__Chryseobacterium	0.9999194584264127
33c6ccc99e9712399f2bcca593586b77	d__Bacteria; p__Firmicutes; c__Bacilli; o__Bacillales; f__Bacillaceae; g__Bacillus	0.9970697312638297
0e391d1a84cdc52138cc3d3f1025b11d	d__Bacteria; p__Actinobacteriota; c__Actinobacteria; o__Micrococcales; f__Intrasporangiaceae; g__Phycicoccus	0.7570217497240386
ed50f97467bd9fff537c0eae56439112	d__Eukaryota; p__Phragmoplastophyta; c__Embryophyta; o__Pinophyta; f__Pinophyta; g__Pinophyta	0.9999616996928629
e7be43e382b3af541c49b40dc3566015	d__Bacteria; p__Actinobacteriota; c__Actinobacteria; o__Actinomycetales; f__Actinomycetaceae; g__Actinomyces	0.9999999947262223
6df486df66e3da43db16d02364719469	d__Bacteria; p__Firmicutes; c__Bacilli; o__Staphylococcales; f__Staphylococcaceae; g__Staphylococcus	0.999970021980495
48358ffacd3c04b5b94763dea5227f88	d__Bacteria; p__Proteobacteria; c__Gammaproteobacteria; o__Pseudomonadales; f__Pseudomonadaceae; g__Pseudomonas	0.9090663627415847
89438e73bbc42407310ec04cbf0fd996	d__Bacteria; p__Verrucomicrobiota; c__Verrucomicrobiae; o__Chthoniobacterales; f__Chthoniobacteraceae; g__Candidatus_Udaeobacter; s__uncultured_Verrucomicrobia	0.818553924087216
5bb5b68d31ac3492312258767712f15a	d__Bacteria; p__Proteobacteria; c__Gammaproteobacteria; o__Pseudomonadales; f__Pseudomonadaceae	0.999986002564386
60ce97cc5a48007a5be9db33252c565b	d__Bacteria; p__Proteobacteria; c__Alphaproteobacteria; o__Rickettsiales; f__Rickettsiaceae; g__Rickettsia	0.9906788356315182
aae8d56a0d3b7c43518ced167472283d	d__Bacteria; p__Firmicutes; c__Bacilli; o__Staphylococcales; f__Staphylococcaceae; g__Aliicoccus; s__uncultured_bacterium	0.9614631783589941
a574c6a07ae42f80968760941d6e3a72	d__Bacteria; p__Proteobacteria; c__Alphaproteobacteria; o__Sphingomonadales; f__Sphingomonadaceae; g__Sphingomonas	0.9213632629771258
5e7e9a3b7aba071b0c7aca00646d1f46	d__Eukaryota; p__Vertebrata; c__Mammalia; o__Mammalia; f__Mammalia; g__Mammalia; s__Homo_sapiens	0.9965719325932266
6d207f9859faa3b488286e7324b3e3d6	d__Bacteria; p__Actinobacteriota; c__Actinobacteria; o__Corynebacteriales; f__Corynebacteriaceae; g__Corynebacterium	0.9939194681157522
8596851d2649d9b5aa3644725fbf0ca9	d__Bacteria; p__Actinobacteriota; c__Actinobacteria; o__Propionibacteriales; f__Nocardioidaceae; g__Nocardioides	0.9999956016479367
c93b298e07fca4e00a207f5a8ab30883	d__Bacteria; p__Firmicutes; c__Desulfitobacteriia; o__Desulfitobacteriales; f__Desulfitobacteriaceae; g__Desulfitobacterium	0.9974434043613443
8353563730e8712c1f728f4b1184736a	d__Bacteria; p__Actinobacteriota; c__Actinobacteria; o__Micrococcales; f__Microbacteriaceae	0.999980672609556
228e2ac7c8a72ef8b7740d3d1a2eb387	d__Bacteria; p__Proteobacteria; c__Gammaproteobacteria; o__Burkholderiales; f__Oxalobacteraceae; g__Massilia	0.9999220689421673
f3d5c2496774995fb78f0af4285cce3e	d__Bacteria; p__Proteobacteria; c__Gammaproteobacteria; o__Xanthomonadales; f__Xanthomonadaceae; g__Stenotrophomonas; s__Stenotrophomonas_rhizophila	0.8913721938637429
60c9c99f2f303c28da1e23834debcfe9	d__Bacteria; p__Firmicutes; c__Bacilli; o__Lactobacillales; f__Carnobacteriaceae	0.9913140445826196
b11b065ec2a5087d92cabba02016ddd7	d__Bacteria; p__Actinobacteriota; c__Actinobacteria; o__Corynebacteriales; f__Corynebacteriaceae; g__Corynebacterium; s__Corynebacterium_imitans	0.8507932952124326
c5d6abe56fc100625a02c6efd8bdae0d	d__Bacteria; p__Chloroflexi; c__Anaerolineae; o__Caldilineales; f__Caldilineaceae; g__uncultured; s__uncultured_bacterium	0.7490874530364042
073e6bb157c90b8b164f08bb171b1309	d__Bacteria; p__Firmicutes; c__Clostridia; o__Lachnospirales; f__Lachnospiraceae; g__Stomatobaculum; s__uncultured_bacterium	0.8137729490328317
115abcdf9396d132b9f927aa82850fd6	d__Bacteria; p__Bacteroidota; c__Bacteroidia; o__Chitinophagales; f__Chitinophagaceae; g__Ferruginibacter	0.9979341896679603
7ca4bfce2e22f03c1d8e62e609a30c70	d__Bacteria; p__Actinobacteriota; c__Actinobacteria; o__Propionibacteriales; f__Nocardioidaceae; g__Marmoricola	0.8706037462637801
326f57f9ddc321fa6b80e68465b57f7e	d__Bacteria; p__Proteobacteria; c__Alphaproteobacteria; o__Azospirillales; f__Azospirillaceae; g__Niveispirillum	0.9852412916928011
adeeeed4e8148a7e8d64ea8718c864cb	d__Bacteria; p__Desulfobacterota; c__Desulfovibrionia; o__Desulfovibrionales; f__Desulfovibrionaceae; g__Bilophila	0.9999971795883891
e793157786dd1e66cce85bbd23a1372a	d__Bacteria; p__Fusobacteriota; c__Fusobacteriia; o__Fusobacteriales; f__Fusobacteriaceae; g__Fusobacterium	0.9999999999937024
c0b838f8ba14bf00ea8c3f06c6d96997	d__Bacteria; p__Actinobacteriota; c__Thermoleophilia; o__Solirubrobacterales; f__Solirubrobacteraceae; g__Solirubrobacter; s__metagenome	0.7208582017803271
0a0a9c7bfd145b5e68788a8e7eb96205	d__Bacteria; p__Bacteroidota; c__Bacteroidia; o__Bacteroidales; f__Bacteroidaceae; g__Bacteroides; s__Bacteroides_intestinalis	0.9935704242551664
c8085b095ee2c2755a334e828dea066e	d__Bacteria; p__Firmicutes; c__Clostridia; o__Peptostreptococcales-Tissierellales; f__Anaerovoracaceae; g__[Eubacterium]_brachy_group; s__uncultured_bacterium	0.9378457340615354
b85342bbd28778a1b19a48a0fb96173c	d__Bacteria; p__Actinobacteriota; c__Actinobacteria; o__Micrococcales; f__Promicromonosporaceae; g__Promicromonospora; s__Promicromonospora_sp.	0.8358167327480245
54e84f3e4b27eccf4c26bec62bfa5225	d__Bacteria; p__Proteobacteria; c__Alphaproteobacteria; o__Rhizobiales; f__Rhizobiaceae; g__Phyllobacterium	0.9781071709057582
55301f07ae00ab4af957672d1a52aa0f	Unassigned	0.3424199552222774
c81cb0f1dc0d52f091dc2cece0dabb15	d__Bacteria; p__Cyanobacteria; c__Cyanobacteriia; o__Chloroplast; f__Chloroplast; g__Chloroplast; s__uncultured_Cryptomonadaceae	0.8191250997042137
0a4d51d4471d2905ab42b544fa74f238	d__Eukaryota; p__Basidiomycota; c__Tremellomycetes; o__Tremellales; f__Trimorphomycetaceae; g__Saitozyma; s__Saitozyma_flava	0.9875417719708839
13c810912cb644e1682426c47d0e6e92	d__Bacteria; p__Firmicutes; c__Bacilli; o__Bacillales; f__Bacillaceae; g__Bacillus	0.9845847311627015
de1cd8edff5cd70a1e280c2b5cab5113	d__Bacteria; p__Actinobacteriota; c__Actinobacteria; o__Corynebacteriales; f__Mycobacteriaceae; g__Mycobacterium	0.9999999807127455
8b4b611be86cc6a0985e080c517378f4	d__Bacteria; p__Bacteroidota; c__Bacteroidia; o__Flavobacteriales; f__Flavobacteriaceae; g__Flavobacterium; s__Flavobacterium_ummariense	0.9250219624942074
87308a3f71f1bd502ab394000c6760d1	d__Bacteria; p__Firmicutes; c__Bacilli; o__Lactobacillales; f__Carnobacteriaceae; g__Trichococcus	0.8920760718411611
4759858393359385cf62d815f2a5c500	d__Bacteria; p__Firmicutes; c__Clostridia; o__Lachnospirales; f__Lachnospiraceae; g__Lachnoanaerobaculum	0.9999985091421506
61eb5807089807547622e9538337b456	d__Bacteria; p__Actinobacteriota; c__Thermoleophilia; o__Solirubrobacterales; f__Solirubrobacteraceae; g__Patulibacter; s__Patulibacter_minatonensis	0.8709131404375663
fa716c645cf60ff321f4d0860f65f90f	d__Bacteria; p__Bacteroidota; c__Bacteroidia; o__Chitinophagales; f__Chitinophagaceae; g__Flavitalea	0.9999520063331404
64ef5b0e0fdc8416df3bfaabf42d9737	d__Bacteria; p__Firmicutes; c__Bacilli; o__Erysipelotrichales; f__Erysipelotrichaceae; g__Turicibacter	0.9999969437024732
6641aef5dcf5dfe1806f6ca4b5c7f416	d__Bacteria; p__Firmicutes; c__Bacilli; o__Bacillales; f__Bacillaceae	0.999782708605081
c97bd597e6652aab09ad1040f303624a	d__Bacteria; p__Bacteroidota; c__Bacteroidia; o__Cytophagales; f__Hymenobacteraceae; g__Hymenobacter	0.9999999997333071
8d01f0a169487c9c801a19f8a94fde35	d__Eukaryota; p__Phragmoplastophyta; c__Embryophyta; o__Pinophyta; f__Pinophyta; g__Pinophyta	0.9999729417594141
d51c91c7aaf2ecda6ff659bc2624935e	d__Bacteria; p__Planctomycetota; c__Phycisphaerae; o__Phycisphaerales; f__Phycisphaeraceae; g__SM1A02; s__unidentified_marine	0.9989118788259432
60b9db80508c5769c55a2dcc5ba1e9a5	d__Bacteria; p__Proteobacteria; c__Gammaproteobacteria; o__Pseudomonadales; f__Moraxellaceae; g__Acinetobacter; s__Acinetobacter_radioresistens	0.7737718325644399
00b058babcd451b63647a4a8f644df15	d__Bacteria; p__Proteobacteria; c__Gammaproteobacteria; o__Burkholderiales; f__Comamonadaceae	0.999999032668012
97e925cadb43d6791c236d867b844cde	d__Bacteria; p__Proteobacteria; c__Gammaproteobacteria; o__Pasteurellales; f__Pasteurellaceae; g__Frederiksenia; s__uncultured_bacterium	0.8759749846416784
2a472d0348fc998c08dfa637e28f4c08	d__Bacteria; p__Chloroflexi; c__Chloroflexia; o__Kallotenuales; f__AKIW781; g__AKIW781; s__uncultured_bacterium	0.9998157337776004
8c1929ffa0e3d74ed128fd42866b764b	d__Bacteria; p__Proteobacteria; c__Gammaproteobacteria; o__Arenicellales; f__Arenicellaceae; g__Perspicuibacter	0.9906821247003899
b5c2e304be60b586438c218499be105c	d__Bacteria; p__Chloroflexi; c__TK10; o__TK10; f__TK10; g__TK10; s__uncultured_Chloroflexi	0.8979901632068691
3d8b7b3e6c09e31c382b8528cc8f7385	d__Eukaryota; p__Chlorophyta; c__Ulvophyceae; o__Ulvophyceae; f__Ulvophyceae; g__Ulvophyceae; s__Desmochloris_mollenhaueri	0.9874304056396287
675a5ca91193cfb3133437d221f59e4d	d__Bacteria; p__Firmicutes; c__Bacilli; o__Paenibacillales; f__Paenibacillaceae; g__Cohnella	0.9999997899842495
09456557f10dcb3e644df38bb9faf6f2	d__Bacteria; p__Firmicutes; c__Clostridia; o__Lachnospirales; f__Lachnospiraceae; g__[Eubacterium]_xylanophilum_group; s__uncultured_bacterium	0.9474277037733935
0d06cd3cb1fe7085619d07fa5243ce00	d__Bacteria; p__Firmicutes; c__Bacilli; o__Staphylococcales; f__Staphylococcaceae; g__Staphylococcus	0.9999745016424831
c0846445aea5dc480968ae1163ab15b8	d__Bacteria; p__Proteobacteria; c__Alphaproteobacteria; o__Sphingomonadales; f__Sphingomonadaceae; g__Sphingomonas	0.9086310785927507
84df776c6d5d137d5b31088f4be9da24	d__Bacteria; p__Proteobacteria; c__Gammaproteobacteria; o__Burkholderiales; f__Neisseriaceae; g__Neisseria	0.7268143655146754
269f5b0ccd32757e099992e45c667647	d__Bacteria; p__Firmicutes; c__Clostridia; o__Peptostreptococcales-Tissierellales; f__Peptostreptococcales-Tissierellales; g__Anaerococcus	0.999999999993043
390964e1aa1a8f0c0666a50ab92de80f	d__Bacteria; p__Firmicutes; c__Clostridia; o__Peptostreptococcales-Tissierellales; f__Peptostreptococcales-Tissierellales; g__Peptoniphilus; s__Peptoniphilus_coxii	0.9949850480789885
c5cd5b2d3fe7cddf946fd16dc6323c97	d__Bacteria; p__Proteobacteria; c__Gammaproteobacteria	0.9999639912383119
d62f1dc258de214e7e8c570e29eaf7e0	d__Bacteria; p__Proteobacteria; c__Gammaproteobacteria; o__Pseudomonadales; f__Moraxellaceae; g__Acinetobacter	0.9999998438800698
3b1bd4cb43de2284a84fda9345a955ad	d__Bacteria; p__Actinobacteriota; c__Actinobacteria; o__Corynebacteriales; f__Corynebacteriaceae; g__Corynebacterium	0.9999993649975274
637073566f9ccce89b8de92f1a63f046	d__Bacteria; p__Cyanobacteria; c__Cyanobacteriia; o__Cyanobacteriales; f__Xenococcaceae; g__Pleurocapsa_PCC-7319	0.9999993766809737
90783d40651b97f796a7ad043f39e066	d__Bacteria; p__Bdellovibrionota; c__Oligoflexia; o__Oligoflexales; f__Oligoflexales; g__Oligoflexus	0.9999999933633078
1a5278f1096f69955980af82b5652fee	d__Eukaryota; p__Phragmoplastophyta; c__Embryophyta; o__Magnoliophyta; f__Magnoliophyta; g__Magnoliophyta; s__Setaria_italica	0.9745473318188596
6891e8ab76a87e36dc5655fba966fc06	d__Bacteria; p__Proteobacteria; c__Alphaproteobacteria; o__Caulobacterales; f__Caulobacteraceae; g__uncultured	0.957330119574549
9f651622948f241887fa70fff4a74f70	d__Bacteria; p__Actinobacteriota; c__Actinobacteria; o__Propionibacteriales; f__Propionibacteriaceae; g__Friedmanniella	0.9997325272669058
9cb295e1b846c83dc1c7ef6f1100f558	d__Eukaryota; p__Basidiomycota; c__Microbotryomycetes; o__Sporidiobolales; f__Sporidiobolaceae; g__Rhodotorula	0.9712922521303518
9179700ca24e08ffca173eb58939d216	d__Bacteria; p__WPS-2; c__WPS-2; o__WPS-2; f__WPS-2; g__WPS-2; s__metagenome	0.9650852649620361
e90785ad20f8eaf183ac83e7e0a0d42e	d__Bacteria; p__Proteobacteria; c__Gammaproteobacteria; o__Xanthomonadales; f__Xanthomonadaceae; g__Stenotrophomonas	0.9999900303203041
3c20260f816667dc7bf84f0414839ea0	d__Bacteria; p__Actinobacteriota; c__Actinobacteria; o__Corynebacteriales; f__Dietziaceae; g__Dietzia	0.9749204129895107
b0eed13091789fc86bacef15e6f3b431	d__Bacteria; p__Firmicutes; c__Bacilli; o__Bacillales; f__Bacillaceae; g__Bacillus	0.9753774915834018
70c98c7b87dca938b4e8a30a9209f6f4	d__Eukaryota; p__Ascomycota; c__Pezizomycetes; o__Pezizales; f__Pezizaceae	0.8356632408724034
f671e0525528a029f0709b4cd950d5fe	d__Bacteria; p__Bacteroidota; c__Bacteroidia; o__Bacteroidales; f__Dysgonomonadaceae; g__Proteiniphilum	0.9999779515812766
9399d3cef02d6267a51f3e4eb140b472	d__Bacteria; p__Actinobacteriota; c__Actinobacteria; o__Propionibacteriales; f__Nocardioidaceae; g__Aeromicrobium; s__Aeromicrobium_sp.	0.7208022904343483
22cb21d3b9a3ab62f47dc8eab26fd29b	d__Bacteria; p__Actinobacteriota; c__Actinobacteria; o__Corynebacteriales; f__Corynebacteriaceae; g__Corynebacterium	0.9933891640859915
1d8cfd7010d4a17b6d6f5535f7614484	d__Bacteria; p__Firmicutes; c__Clostridia; o__Peptostreptococcales-Tissierellales; f__Peptostreptococcales-Tissierellales; g__Anaerococcus; s__Anaerococcus_octavius	0.8681620196387134
091e074bdd6f8b00141a341b43c3a423	d__Bacteria; p__Firmicutes; c__Bacilli; o__Bacillales; f__Planococcaceae; g__Sporosarcina	0.9994089412447901
2ecf06d60dfd4be4d28f7b14aca8ae55	d__Bacteria; p__Firmicutes; c__Bacilli; o__Brevibacillales; f__Brevibacillaceae; g__Brevibacillus	0.9999990826783897
3815b7795617b0ed7b46af79b7c73127	d__Bacteria; p__Firmicutes; c__Clostridia; o__Lachnospirales; f__Lachnospiraceae; g__Lachnospiraceae_UCG-010; s__uncultured_bacterium	0.9997596282572473
cbd8d6db1c0d779a253b871050f14dd1	d__Bacteria; p__Bacteroidota; c__Bacteroidia; o__Bacteroidales; f__Prevotellaceae; g__Prevotella; s__Prevotella_denticola	0.9950394534778371
2c9c899dfccb6d3812eebac62c564c40	d__Bacteria; p__Bacteroidota; c__Bacteroidia; o__Cytophagales; f__Hymenobacteraceae; g__Hymenobacter	0.9999999995001243
677bcac7f0882234a06539392755a1a3	d__Bacteria; p__Bacteroidota; c__Bacteroidia; o__Flavobacteriales; f__Flavobacteriaceae	0.9999999999999811
3b9b1290344375d1e8a1417393ad9585	d__Bacteria; p__Proteobacteria; c__Alphaproteobacteria; o__Rhodospirillales; f__Rhodospirillaceae	0.9988637668127095
bb4cfd2138c9565190d471e08ca2ec64	d__Bacteria; p__Proteobacteria; c__Gammaproteobacteria; o__Legionellales; f__Legionellaceae; g__Legionella	0.9999999086962071
6651ef2bc467c84784523aa30bcc7ff6	d__Eukaryota; p__Ochrophyta; c__Chrysophyceae; o__Chromulinales; f__Chromulinales; g__Spumella; s__metagenome	0.9998634664380736
d548b2330484567cf4a324e3b1a1d894	d__Bacteria; p__Proteobacteria; c__Gammaproteobacteria; o__Burkholderiales; f__SC-I-84; g__SC-I-84	0.9999883248434768
09a7c6742040219ae0a840e8a63410be	d__Bacteria; p__Firmicutes; c__Clostridia; o__Clostridiales; f__Clostridiaceae; g__Clostridium_sensu_stricto_1	0.9999656148319599
8ab0d78d5f862db1ee887bbfac1fd6be	d__Bacteria; p__Campilobacterota; c__Campylobacteria; o__Campylobacterales; f__Campylobacteraceae; g__Campylobacter; s__Campylobacter_gracilis	0.982581004043598
fac9ab5f98e29adaa9d8f3ba73ff4446	d__Bacteria; p__Proteobacteria; c__Gammaproteobacteria; o__Burkholderiales; f__Burkholderiaceae; g__Burkholderia-Caballeronia-Paraburkholderia	0.9999372174148663
ad95c23ade617266bc54a9c8aae0de81	d__Eukaryota; p__Amoebozoa; c__Discosea; o__Centramoebida; f__Centramoebida; g__Acanthamoeba; s__Acanthamoeba_stevensoni	0.9996215955703386
223ea2f565804f45743b8512a0ef4244	d__Bacteria; p__Actinobacteriota; c__Actinobacteria; o__Micrococcales; f__Micrococcaceae; g__Rothia	0.9998726134018082
1ef6455deae4b653e2f3a1ef592a5093	d__Bacteria; p__Actinobacteriota; c__Actinobacteria; o__Propionibacteriales; f__Nocardioidaceae; g__Nocardioides	0.9999744029049844
eded37b3544bbc2264f5e599452a0893	d__Bacteria; p__Firmicutes; c__Bacilli; o__Bacillales; f__Bacillaceae; g__uncultured	0.9928146441485305
7c0de3b6277b267bdfcee9d49c03b1e6	d__Bacteria; p__Proteobacteria; c__Alphaproteobacteria; o__Rhizobiales; f__Methyloligellaceae; g__Methyloceanibacter; s__uncultured_bacterium	0.8686147599299064
d102a57f61f14aa3a3aa5a6919eccc10	d__Bacteria; p__Proteobacteria; c__Gammaproteobacteria; o__Burkholderiales; f__Burkholderiaceae; g__Ralstonia	0.999956503208996
cc92f74adeaf09ec16180289e0bb6dd8	d__Eukaryota	0.999999999834344
a89d85aabb8cef67a51f5b54e0f7f027	d__Bacteria; p__Bacteroidota; c__Bacteroidia; o__Cytophagales; f__Microscillaceae; g__uncultured	0.999487747115015
47c5b15665fe27e6ed650a6b7465204b	d__Bacteria; p__Firmicutes; c__Bacilli; o__Brevibacillales; f__Brevibacillaceae; g__Brevibacillus	0.9999999993151701
628fedb2c06ca4ebdcc443c79fd44be9	d__Bacteria; p__Bacteroidota; c__Bacteroidia; o__Cytophagales; f__Hymenobacteraceae; g__Adhaeribacter	0.9999999807916886
855b9c8d457e05299dd7c05f1e1275e9	d__Bacteria; p__Actinobacteriota; c__Actinobacteria; o__Micromonosporales; f__Micromonosporaceae; g__Actinoplanes	0.8329430293988498
170cd8656f2302cf1e4e6202ab673e79	d__Bacteria; p__Bacteroidota; c__Bacteroidia; o__Flavobacteriales; f__Flavobacteriaceae; g__Capnocytophaga; s__Capnocytophaga_leadbetteri	0.8695239557428656
e7ba0780725147d9f5c32f96827921a5	d__Eukaryota; p__Phragmoplastophyta; c__Embryophyta; o__Pinophyta; f__Pinophyta; g__Pinophyta; s__Pinus_taeda	0.7653791034366965
9504efaccf13c6be89577076f06c64d4	d__Bacteria; p__Proteobacteria; c__Gammaproteobacteria; o__Pseudomonadales; f__Pseudomonadaceae; g__Pseudomonas; s__Pseudomonas_fluvialis	0.8615811318229873
c20622e295145d52c240441f478653e3	d__Bacteria; p__Proteobacteria; c__Alphaproteobacteria; o__Azospirillales; f__Azospirillaceae; g__Skermanella; s__uncultured_bacterium	0.7962850795296482
7f5bd524a1988209cd54e01482430e3e	d__Bacteria; p__Bacteroidota; c__Bacteroidia; o__Bacteroidales; f__Prevotellaceae; g__Alloprevotella; s__Alloprevotella_tannerae	0.9779913047957132
f7cd9698ccda37a22a17f1e3d8e0d09f	d__Bacteria; p__Abditibacteriota; c__Abditibacteria; o__Abditibacteriales; f__Abditibacteriaceae; g__Abditibacterium; s__uncultured_organism	0.9928551956431418
2046261020256e2aca0eb62b40d7f679	d__Bacteria; p__Proteobacteria; c__Gammaproteobacteria; o__Pseudomonadales; f__Pseudomonadaceae; g__Pseudomonas	0.9269375261004594
c5526cbb3424eaaf0d1bdb5e4478cfe1	d__Bacteria; p__Acidobacteriota; c__Holophagae; o__Subgroup_7; f__Subgroup_7; g__Subgroup_7	0.9999997670849712
5c8f92ceac3e1e7b5e50432ddafa57cb	d__Bacteria; p__Proteobacteria; c__Gammaproteobacteria; o__Enterobacterales; f__Enterobacteriaceae; g__Escherichia-Shigella	0.9660004255048603
3ac8049b17b1bd4f2d51bcc98ee43840	d__Bacteria; p__Actinobacteriota; c__Actinobacteria; o__Micrococcales; f__Microbacteriaceae	0.9993758366902066
51a0ad1a2b66d3c19c7870716a810748	d__Bacteria; p__Proteobacteria; c__Alphaproteobacteria; o__Sphingomonadales; f__Sphingomonadaceae; g__Ellin6055; s__uncultured_Sphingomonadaceae	0.7637189244575773
5e5397f00fb338031f897f24e31fd9f3	d__Bacteria; p__Fibrobacterota; c__Fibrobacteria; o__Fibrobacterales; f__Fibrobacteraceae; g__uncultured; s__uncultured_bacterium	0.9997079396124879
0a5021f981e91d72fdf12018ef7b144f	d__Bacteria; p__Proteobacteria; c__Alphaproteobacteria; o__Acetobacterales; f__Acetobacteraceae; g__Roseomonas; s__Roseomonas_cervicalis	0.7628109230092691
44a56e948cfb802ef2978e390e47d29a	d__Eukaryota; p__Vertebrata; c__Mammalia; o__Mammalia; f__Mammalia; g__Mammalia; s__Homo_sapiens	0.9953207110229446
23afc9e5b65771efcbba9e1ac2d4e2e4	d__Bacteria; p__Firmicutes; c__Bacilli; o__Paenibacillales; f__Paenibacillaceae; g__Saccharibacillus	0.999980623511383
ee87d9a76d517058de391476dcf13aa0	d__Eukaryota; p__Basidiomycota; c__Tremellomycetes; o__Tremellales; f__Rhynchogastremataceae; g__Papiliotrema; s__Papiliotrema_pseudoalba	0.9608518741812414
c0ececa0b4447d63f79608862dfe24ac	d__Bacteria; p__Actinobacteriota; c__Actinobacteria; o__Micrococcales; f__Micrococcaceae; g__Rothia	0.9999695518751102
fd345f5502a4f325bc888b37eb57a586	d__Bacteria; p__Fusobacteriota; c__Fusobacteriia; o__Fusobacteriales; f__Leptotrichiaceae; g__Leptotrichia; s__Leptotrichia_wadei	0.8158912292135059
0a4a11cfc99097167353088d96f512ef	d__Bacteria; p__Actinobacteriota; c__Actinobacteria; o__Propionibacteriales; f__Nocardioidaceae; g__Nocardioides	0.9999825683510909
726f3388d6f24f7f23d0dd5b2c811783	d__Bacteria; p__Proteobacteria; c__Gammaproteobacteria; o__Xanthomonadales; f__Xanthomonadaceae; g__Lysobacter	0.9474971781761888
a97abac8f4c03fde2262e8771bfb3eb2	d__Bacteria; p__Abditibacteriota; c__Abditibacteria; o__Abditibacteriales; f__Abditibacteriaceae; g__Abditibacterium; s__metagenome	0.8969105432133433
c2e5a4ea3ca007cb371c659d15fd9e7f	d__Bacteria; p__Actinobacteriota; c__Actinobacteria; o__Frankiales; f__Sporichthyaceae; g__uncultured; s__uncultured_Sporichthya	0.7704749491193031
7c4999bc5cabab761c8cb6c628b1a590	d__Bacteria; p__Firmicutes; c__Bacilli; o__Bacillales; f__Bacillaceae; g__Bacillus; s__Bacillus_murimartini	0.9451476785875351
a2d9a08d0cb577bb57605ba6d95f4b23	d__Eukaryota; p__Basidiomycota; c__Agaricomycetes; o__Agaricales; f__Agaricales	0.7083410661617761
76f19429158dfd065a16f0f644971045	d__Bacteria; p__Bdellovibrionota; c__Bdellovibrionia; o__Bdellovibrionales; f__Bdellovibrionaceae; g__Bdellovibrio; s__Bdellovibrionales_bacterium	0.9983607684685587
5bf1588786a50ef57f43b02341a8cfcd	d__Eukaryota; p__Basidiomycota; c__Malasseziomycetes; o__Malasseziales; f__Malasseziaceae; g__Malassezia; s__Malassezia_sympodialis	0.9997162971712991
af19d9aed13f47fba0db7bee30fbf14b	d__Eukaryota; p__Ascomycota; c__Dothideomycetes; o__Pleosporales	0.9936148732593977
1a30457c9967d454cf7316ad665c8608	d__Bacteria; p__Actinobacteriota; c__Actinobacteria; o__Actinomycetales; f__Actinomycetaceae; g__Actinomyces	0.9999999983691008
f1b5612a4e1764cf0649d134768d8b78	d__Bacteria; p__Proteobacteria; c__Alphaproteobacteria; o__Tistrellales; f__Geminicoccaceae; g__Candidatus_Alysiosphaera; s__uncultured_bacterium	0.9899989096578123
22c021667cc5138529574d3e451d387c	d__Eukaryota; p__Opalinata; c__Opalinata; o__Opalinata; f__Opalinata; g__Opalinata; s__Opalina_undulata	0.9986451730944748
0c7c1747e122ff611bb2e3116cc67226	d__Bacteria; p__Firmicutes; c__Bacilli; o__Staphylococcales; f__Staphylococcaceae; g__Staphylococcus	0.9999331091587572
39dd0501d8ee662c24d7cfdb583c5c59	d__Bacteria; p__Bacteroidota; c__Bacteroidia; o__Bacteroidales; f__Bacteroidaceae; g__Bacteroides; s__Bacteroides_fragilis	0.949615166028934
7034b71adb499c2c06ccb187cd5372fe	d__Bacteria; p__Bacteroidota; c__Bacteroidia; o__Cytophagales; f__Hymenobacteraceae; g__Hymenobacter; s__Hymenobacter_koreensis	0.9336366691871761
4ef62f8a052e8453d4eb2de42418c6cd	d__Bacteria; p__Proteobacteria; c__Gammaproteobacteria; o__Pseudomonadales; f__Moraxellaceae; g__Acinetobacter	0.9996811502748113
a3830cc9fb2027ae8aaaf38558a8529d	d__Bacteria; p__Proteobacteria; c__Alphaproteobacteria; o__Rickettsiales; f__Mitochondria; g__Mitochondria	1.000000000000007
ea9c3d2cfec162c79b500c52c8ab5485	d__Bacteria; p__Actinobacteriota; c__Actinobacteria; o__Micromonosporales; f__Micromonosporaceae	0.9999961749963275
38e81fd79b0c328dfe4e92db68c5e742	d__Bacteria; p__Firmicutes; c__Bacilli; o__Paenibacillales; f__Paenibacillaceae; g__Paenibacillus; s__Paenibacillus_montanisoli	0.7800526939405888
0a748d0386018764caaf00a9e0daf3c0	d__Bacteria; p__Proteobacteria; c__Gammaproteobacteria; o__Enterobacterales; f__Hafniaceae; g__Hafnia-Obesumbacterium	0.987478506385524
65a79e5a5bb462be920d711381e46089	d__Bacteria; p__Firmicutes; c__Bacilli; o__Lactobacillales; f__Leuconostocaceae; g__Weissella; s__uncultured_compost	0.7980104487190588
2843e781d573945ff75cfb9d5ada91f4	d__Bacteria; p__Actinobacteriota; c__Actinobacteria; o__Frankiales; f__Frankiaceae; g__Jatrophihabitans	0.9998685022611482
bf1ce9173e0877b1eb38014f91263519	d__Bacteria; p__Actinobacteriota; c__Actinobacteria; o__Micromonosporales; f__Micromonosporaceae	0.9999997081137315
e94fe2d759026ff2412223300a3080b5	d__Eukaryota; p__Basidiomycota; c__Agaricomycetes	0.9596861024440058
8877bba53e79d76e170091beebed9813	d__Bacteria; p__Firmicutes; c__Bacilli; o__Staphylococcales; f__Staphylococcaceae; g__Salinicoccus; s__uncultured_bacterium	0.728183984849836
0e32af8e33472a955ae093ea06b457be	d__Bacteria; p__Acidobacteriota; c__Blastocatellia; o__Blastocatellales; f__Blastocatellaceae; g__uncultured	0.9012066303946211
a39370b6ede8bcde338453adb391fee1	d__Bacteria; p__Bacteroidota; c__Bacteroidia; o__Flavobacteriales; f__Flavobacteriaceae; g__Flavobacterium	0.9982551507450197
40708bee3c6ba1b651dc3c6e09c7c2e8	d__Bacteria; p__Cyanobacteria; c__Cyanobacteriia; o__Chloroplast; f__Chloroplast; g__Chloroplast; s__Picea_glauca	0.9125447666431534
c9a3018f88786d246c7102dd15db4b49	d__Eukaryota; p__Phragmoplastophyta; c__Embryophyta; o__Pinophyta; f__Pinophyta; g__Pinophyta; s__Pinus_taeda	0.718077861411684
4640da0fcb5c5c34627016955c637d3d	d__Bacteria; p__Proteobacteria; c__Gammaproteobacteria; o__Pseudomonadales; f__Pseudomonadaceae; g__Pseudomonas	0.9993112022386837
50b8a6411c266f716a4f44095a1a8955	d__Bacteria; p__Cyanobacteria; c__Cyanobacteriia; o__Chloroplast; f__Chloroplast; g__Chloroplast	0.9999999999999979
410896e4508d60370f7f590e89b33bae	d__Eukaryota; p__Ascomycota; c__Sordariomycetes; o__Hypocreales	0.9967779533776142
d89317b8e6b9c9ab33376cb0c0c4b8b1	d__Bacteria; p__Gemmatimonadota; c__Longimicrobia; o__Longimicrobiales; f__Longimicrobiaceae; g__Longimicrobiaceae; s__metagenome	0.988003576909121
467c0f984b32a9794eb96fcd2c3d1977	d__Eukaryota; p__Ascomycota; c__Dothideomycetes; o__Pleosporales	0.9999627730273776
f25786c4a7b588411aaf9be96828ccac	d__Bacteria; p__Actinobacteriota; c__Actinobacteria; o__Streptosporangiales; f__Streptosporangiales_Incertae_Sedis; g__Motilibacter	0.9999774316970321
fcbf2ad9ec9ab4a7677ed2e00ce9b6f1	d__Bacteria; p__Firmicutes; c__Bacilli; o__Lactobacillales; f__Lactobacillaceae; g__Lactobacillus; s__Lactobacillus_delbrueckii	0.9867172883050197
37c7e19c969ee0c22f1a71a975180554	d__Bacteria; p__Proteobacteria; c__Gammaproteobacteria; o__Enterobacterales; f__Yersiniaceae; g__Serratia	0.8704982948033823
a1b0d3a8d21a7adc6a17bcd174755571	d__Bacteria; p__Proteobacteria; c__Gammaproteobacteria; o__Pseudomonadales; f__Pseudomonadaceae	0.9999727262051387
9f88ed2360d394790166af691f9fbc26	d__Bacteria; p__Proteobacteria; c__Gammaproteobacteria; o__Pseudomonadales; f__Moraxellaceae; g__Acinetobacter	0.9965498391788591
2afa645a948b6705ee7160517a0fc04d	d__Bacteria; p__Actinobacteriota; c__Actinobacteria; o__Micrococcales; f__Microbacteriaceae	0.9950585572741352
2da076f69b5153605c883d48ddc221bb	d__Bacteria; p__Proteobacteria; c__Gammaproteobacteria; o__Burkholderiales; f__Oxalobacteraceae	0.9994277434580304
b86db4269019b10f66d6754479160973	d__Bacteria; p__Firmicutes; c__Bacilli; o__Bacillales; f__Bacillaceae; g__Anaerobacillus	0.9609566854613061
241f5c6dd571a7f5f1844cfe9dd03edc	d__Bacteria; p__Firmicutes; c__Bacilli; o__Exiguobacterales; f__Exiguobacteraceae; g__Exiguobacterium	0.9999373628342549
8feb4aad14e0bf2928d59d129648ef72	d__Bacteria; p__Actinobacteriota; c__Actinobacteria; o__Frankiales; f__Geodermatophilaceae	0.9994788591758919
d76c6abbbd866e829ebe88a1f8fc941f	d__Bacteria; p__Bacteroidota; c__Bacteroidia; o__Bacteroidales; f__Dysgonomonadaceae; g__Dysgonomonas; s__Dysgonomonas_capnocytophagoides	0.8334075403459495
cccb48194e09b94353d35ad767f2e4d9	d__Eukaryota; p__Vertebrata; c__Mammalia; o__Mammalia; f__Mammalia; g__Mammalia	0.9999990233107571
241703f509b1773d05b203717f93c1e0	d__Bacteria; p__Actinobacteriota; c__Actinobacteria; o__Propionibacteriales; f__Nocardioidaceae; g__Nocardioides; s__Marmoricola_sp.	0.9566086667231419
9b0f3a6de58f409418aee6ca6c7b20fe	d__Bacteria; p__Firmicutes; c__Clostridia; o__Peptostreptococcales-Tissierellales; f__Peptostreptococcales-Tissierellales; g__Anaerococcus; s__Anaerococcus_hydrogenalis	0.8208731355837766
b559f54f22aeb3bd935e0664cf7c0a29	d__Bacteria; p__Actinobacteriota; c__Actinobacteria; o__Propionibacteriales; f__Nocardioidaceae; g__Marmoricola	0.9991387054624687
79cf367b734f231f079c7a1775647be3	d__Bacteria; p__Bacteroidota; c__Bacteroidia; o__Bacteroidales; f__Prevotellaceae; g__Prevotella; s__Prevotella_aurantiaca	0.8542899042030756
2fbd96aaba917910f49d3783d2c72d2f	d__Bacteria; p__Actinobacteriota; c__Actinobacteria; o__Corynebacteriales; f__Corynebacteriaceae; g__Corynebacterium	0.9935539639260119
330119bfee0c5a04d11a92a7b0fc8d7c	d__Bacteria; p__Actinobacteriota; c__Actinobacteria; o__Corynebacteriales; f__Corynebacteriaceae; g__Corynebacterium	0.9787664317275543
53f782799a50b932bea763d455569fe9	d__Bacteria; p__Actinobacteriota; c__Actinobacteria; o__Corynebacteriales; f__Corynebacteriaceae; g__Lawsonella	0.9999999976098252
a9d3f379f881df4860726f998daba2a5	Unassigned	0.3813050864020455
08f86f412b9a43d903fc9f1e8be5cbed	d__Bacteria; p__Firmicutes; c__Bacilli; o__Staphylococcales; f__Staphylococcaceae; g__Staphylococcus	0.9998826068147038
63685b991a871fc4cede114933b66a29	d__Bacteria; p__Actinobacteriota; c__Actinobacteria; o__Frankiales; f__uncultured; g__uncultured; s__Actinomycetales_bacterium	0.7763692880382648
4d7a9ebd47eac4fe5c619eb0278e2d42	d__Eukaryota; p__Vertebrata; c__Actinopterygii; o__Teleostei; f__Teleostei; g__Teleostei; s__Gadus_morhua	0.9967751476896252
1b6e9810c184c29d0e997539381dca11	d__Bacteria; p__Bacteroidota; c__Bacteroidia; o__Flavobacteriales; f__Flavobacteriaceae; g__Capnocytophaga; s__Capnocytophaga_granulosa	0.7226393149922448
af987a63825389a90272caf9c99bcbe8	d__Bacteria; p__Proteobacteria; c__Alphaproteobacteria; o__Acetobacterales; f__Acetobacteraceae; g__uncultured; s__Paracraurococcus_sp.	0.9966878432414797
e0db898ed5cabbb28257300f332ed7af	d__Eukaryota; p__Basidiomycota; c__Tremellomycetes; o__Tremellales; f__Rhynchogastremataceae; g__Papiliotrema; s__Papiliotrema_laurentii	0.9860112096046018
f0a0b798ae28c68a9146904374965b5d	d__Bacteria; p__Firmicutes; c__Clostridia; o__Lachnospirales; f__Lachnospiraceae; g__[Ruminococcus]_gnavus_group	0.9988384676298976
1447541d48fbdb0777a9cc7799f549cc	d__Bacteria; p__Proteobacteria; c__Gammaproteobacteria; o__Pseudomonadales; f__Moraxellaceae; g__Acinetobacter	0.9916866865342455
7e77413185c241dd6aba14d7a8a66f4f	d__Eukaryota; p__Basidiomycota; c__Malasseziomycetes; o__Malasseziales; f__Malasseziaceae; g__Malassezia; s__Malassezia_pachydermatis	0.9999941498264799
505703c2e2a190171e493c36878791b7	d__Bacteria; p__Proteobacteria; c__Alphaproteobacteria; o__Sphingomonadales; f__Sphingomonadaceae; g__Sphingobium	0.9992104835380051
81d0714f3b04e073430b402f2e08279e	d__Eukaryota; p__Vertebrata; c__Mammalia; o__Mammalia; f__Mammalia; g__Mammalia; s__Homo_sapiens	0.9737652500485197
b71b58f8b4c0a2a41855f1821ceae47b	d__Bacteria; p__Campilobacterota; c__Campylobacteria; o__Campylobacterales; f__Campylobacteraceae; g__Campylobacter; s__Campylobacter_fetus	0.799292527120605
2425a15c6d873d823f6b33ab59a24259	d__Bacteria; p__Proteobacteria; c__Alphaproteobacteria; o__Rhodobacterales; f__Rhodobacteraceae; g__Paracoccus	0.8269493392684066
ad34cc2933b9137f8eeae0b9854aa60e	d__Eukaryota; p__Arthropoda; c__Arachnida; o__Araneae; f__Araneae; g__Araneae; s__Steatoda_castanea	0.9981224159438536
952e3ed86a0458a149c97127a7ad8892	d__Bacteria; p__Actinobacteriota; c__Actinobacteria; o__Corynebacteriales; f__Corynebacteriaceae; g__Corynebacterium	0.9999815784919218
0a20b65ddb50a8f234c078da65801a7e	d__Eukaryota; p__Ascomycota; c__Dothideomycetes; o__Capnodiales; f__Teratosphaeriaceae	0.7838361492230393
37758fb4666fc434ee956fcfeead6d75	d__Bacteria; p__Firmicutes; c__Bacilli; o__Lactobacillales; f__Aerococcaceae; g__uncultured; s__Globicatella_sp.	0.9998093697485306
d5d0166b14b167ecac04284f179f2290	d__Eukaryota; p__Phragmoplastophyta; c__Embryophyta; o__Pinophyta; f__Pinophyta; g__Pinophyta	0.9999997882832556
f7d161637ed56ce0a4146d5aa3670f8e	d__Bacteria; p__Fusobacteriota; c__Fusobacteriia; o__Fusobacteriales; f__Fusobacteriaceae; g__Fusobacterium	0.9999999999586814
4f37c60d8b4793466df426b6df3bd583	d__Bacteria; p__Firmicutes; c__Clostridia; o__Peptostreptococcales-Tissierellales; f__Peptostreptococcales-Tissierellales; g__Finegoldia	0.9999999999818925
3ef743f280ca5d97d6e5e5cfce2f06dd	d__Eukaryota; p__Arthropoda; c__Arachnida; o__Acari; f__Acari; g__Acari	0.9999999999999971
71b03b93acf8a6292c716020736272b2	d__Bacteria; p__Firmicutes; c__Clostridia; o__Peptostreptococcales-Tissierellales; f__Peptostreptococcales-Tissierellales; g__Fenollaria	0.9999999999399187
086998358dc1a7c434a7237d22c844b5	d__Bacteria; p__Proteobacteria; c__Gammaproteobacteria; o__Burkholderiales; f__Burkholderiaceae; g__Ralstonia	0.9951431109632124
8a2b4c530ca37ec7026b512dc50c2417	d__Bacteria; p__Firmicutes; c__Bacilli; o__Bacillales; f__Planococcaceae	0.9465224810554899
149c6a64a758e3ec74ba45f0f910ba89	d__Bacteria; p__Actinobacteriota; c__Actinobacteria; o__Propionibacteriales; f__Propionibacteriaceae; g__Friedmanniella	0.9994303981928678
da275bae5a45e48a332c0804d14d72d7	d__Bacteria; p__Proteobacteria; c__Alphaproteobacteria; o__Sphingomonadales; f__Sphingomonadaceae; g__Sphingomonas	0.9999998334754181
bd0d20c10eb3de194c9341d3c029e110	d__Bacteria; p__Bacteroidota; c__Bacteroidia; o__Cytophagales; f__Hymenobacteraceae; g__Hymenobacter	0.9999999998315008
b042d4d86ca6e65e981dce456751ea0a	d__Bacteria; p__Firmicutes; c__Bacilli; o__Thermoactinomycetales; f__Thermoactinomycetaceae; g__Thermoactinomyces; s__Thermoactinomyces_sp.	0.8071257271056534
504e52c481228b8c0826f0b0283ebda6	d__Bacteria; p__Firmicutes; c__Bacilli; o__Paenibacillales; f__Paenibacillaceae; g__Paenibacillus	0.9771833096472872
da881b2b133cef9e436085e9d1ed48fe	d__Bacteria; p__Fusobacteriota; c__Fusobacteriia; o__Fusobacteriales; f__Leptotrichiaceae; g__Leptotrichia; s__uncultured_bacterium	0.8906389577102283
9bbc710cc423c81121b81475c4f6e957	d__Bacteria; p__Bacteroidota; c__Bacteroidia; o__Chitinophagales; f__Chitinophagaceae; g__Sediminibacterium; s__Sediminibacterium_sp.	0.9055374731446606
abd3dc3124a69e19e0f9e1ecdca2ef37	d__Eukaryota; p__Phragmoplastophyta; c__Embryophyta; o__Magnoliophyta; f__Magnoliophyta; g__Magnoliophyta; s__Daucus_carota	0.9697509295468264
10dc7ee2dc5ac9daa8cdd66365edec6f	d__Bacteria; p__Proteobacteria; c__Gammaproteobacteria; o__Burkholderiales; f__Nitrosomonadaceae; g__MND1	0.999985107196658
fee38c06ab187e2a636340c372d0789d	d__Bacteria; p__Proteobacteria; c__Alphaproteobacteria; o__Sphingomonadales; f__Sphingomonadaceae; g__Sphingomonas	0.8897753040093165
86a69be47f8cd30f05df74a080471a32	d__Bacteria; p__Bacteroidota; c__Bacteroidia; o__Cytophagales; f__Hymenobacteraceae; g__Pontibacter	0.9999999952450723
76a826046d7c518d8ea61c94e25722cc	d__Bacteria; p__Chloroflexi; c__Anaerolineae; o__Anaerolineales; f__Anaerolineaceae; g__uncultured	0.9899462264723969
11e61a9eb51bb1899e6ba1a29cb8058d	d__Bacteria; p__Firmicutes; c__Bacilli; o__Bacillales; f__Bacillaceae; g__Bacillus	0.8165518516660353
661e13a619f660d49c174f1eae8b27ce	d__Eukaryota; p__Basidiomycota; c__Agaricomycetes; o__Agaricales; f__Bolbitiaceae; g__Conocybe; s__uncultured_Psathyrella	0.9924674381599539
f3dc5c1ccae7bd75e759b2854abedc2d	d__Bacteria; p__Proteobacteria; c__Alphaproteobacteria; o__Holosporales; f__Holosporaceae; g__uncultured; s__uncultured_bacterium	0.9804321833890813
7bd0b7ff79165296d1c01b476d89b902	d__Bacteria; p__Fusobacteriota; c__Fusobacteriia; o__Fusobacteriales; f__Fusobacteriaceae; g__Fusobacterium	0.9999999999938265
1d71299d18f8e8a87ba4f6586901c37b	d__Bacteria; p__Actinobacteriota; c__Actinobacteria; o__Frankiales; f__Geodermatophilaceae; g__Blastococcus; s__Blastococcus_aggregatus	0.8081843508135821
99bbe6efe7c550e53a7981400d95c32a	d__Bacteria; p__Actinobacteriota; c__Actinobacteria; o__Micrococcales; f__Cellulomonadaceae; g__Cellulomonas	0.949114396156768
a5c4f115dd2f42f5628b737f13fea6b2	d__Bacteria; p__Fusobacteriota; c__Fusobacteriia; o__Fusobacteriales; f__Leptotrichiaceae; g__Leptotrichia	0.9999999999777291
447b4b3f31013ad72f521bd6b2fc82dc	d__Eukaryota; p__Ascomycota; c__Dothideomycetes; o__Pleosporales; f__Pleosporaceae	0.9998499964624487
38254a1922b2d8c994f6b2692ffd6133	d__Bacteria; p__Proteobacteria; c__Gammaproteobacteria; o__Pseudomonadales; f__Pseudomonadaceae	0.9993764180464141
0edebb180cd94bdc5790a3046cee1c8a	d__Bacteria; p__Firmicutes; c__Negativicutes; o__Veillonellales-Selenomonadales; f__Selenomonadaceae; g__Selenomonas; s__Selenomonas_sputigena	0.9982374278896164
c095b6075c4b290c668f4610cb45669c	d__Bacteria; p__Actinobacteriota; c__Coriobacteriia; o__Coriobacteriales; f__Atopobiaceae; g__Atopobium	0.9999822579122547
60fe7507ba8e85e80be46f18db524ab5	d__Eukaryota; p__Basidiomycota; c__Agaricomycetes; o__Agaricales; f__Physalacriaceae; g__Armillaria; s__Armillaria_mellea	0.9879267452927181
c44b6f2f5c99ece126a18c2bea4b9d97	d__Eukaryota; p__Ascomycota; c__Dothideomycetes; o__Capnodiales	0.72190876184309
f870b559a6e72f66b5adeb8b79c1e3f7	d__Bacteria; p__Proteobacteria; c__Alphaproteobacteria; o__Caulobacterales; f__Caulobacteraceae; g__PMMR1; s__uncultured_bacterium	0.9105484103071235
d96cdfe9823a87dcd74b0cd8e47a6496	d__Bacteria; p__Firmicutes; c__Bacilli; o__RF39; f__RF39; g__RF39; s__gut_metagenome	0.9963584359408538
83293b23df76192a85b2ee4888ed678a	d__Eukaryota; p__Phragmoplastophyta; c__Embryophyta; o__Pinophyta; f__Pinophyta; g__Pinophyta; s__Pinus_taeda	0.9137936163139138
656e87311b9307e9dde8e2835911ad92	d__Bacteria; p__Bacteroidota; c__Bacteroidia; o__Bacteroidales; f__Prevotellaceae; g__Prevotella; s__Prevotella_melaninogenica	0.9860412865024466
cf2abfd89089a78f98acb0a77263746a	d__Bacteria; p__Firmicutes; c__Clostridia; o__Peptococcales; f__Peptococcaceae; g__Peptococcus; s__uncultured_bacterium	0.9999992964878631
fcc6eaedfdfc6e768828924252afa762	d__Eukaryota; p__Ascomycota; c__Dothideomycetes	0.9894539151212735
93971ea99c29abec1065461ebe26dbff	d__Bacteria; p__Proteobacteria; c__Alphaproteobacteria; o__Rhizobiales; f__Devosiaceae; g__Devosia	0.8625328594962925
26009b63904f555a72055de95eecb430	d__Bacteria; p__Fusobacteriota; c__Fusobacteriia; o__Fusobacteriales; f__Leptotrichiaceae; g__Leptotrichia; s__Leptotrichia_hofstadii	0.8913405986647512
32f6a9d44fb23004be3b3690bbccff2b	d__Eukaryota	0.9999907010756619
819df7b5ad1efe33a0d5a777ae464bef	d__Bacteria; p__Bacteroidota; c__Bacteroidia; o__Flavobacteriales; f__Weeksellaceae; g__Elizabethkingia; s__Elizabethkingia_meningoseptica	0.992432595805653
4afa170eb5795878699328f01f33ed0e	d__Eukaryota; p__Ascomycota; c__Arthoniomycetes; o__uncultured; f__uncultured; g__uncultured; s__uncultured_eukaryote	0.7383658939682085
f2c6ce5cfa8bda3d1e9d474d4723a360	d__Bacteria; p__Actinobacteriota; c__Actinobacteria; o__Micrococcales; f__Micrococcaceae; g__Kocuria	0.8114628892174006
277c3a12b003299a0e1403254267ea75	d__Bacteria; p__Firmicutes; c__Bacilli; o__Paenibacillales; f__Paenibacillaceae; g__Paenibacillus	0.9966627940986613
f782eefb49941648696a3139478badd1	d__Bacteria; p__Firmicutes; c__Bacilli; o__Bacillales; f__Bacillaceae	0.9999393099722298
ac5107f6a9dd8f0780f376d7044f5d1e	d__Bacteria; p__Planctomycetota; c__Planctomycetes; o__Pirellulales; f__Pirellulaceae; g__Pir4_lineage	0.9988755396257155
6f8624943a14693eed4734e67dad6e90	d__Bacteria; p__Firmicutes; c__Clostridia; o__Peptostreptococcales-Tissierellales; f__Peptostreptococcales-Tissierellales; g__Peptoniphilus; s__Clostridiales_bacterium	0.9952761853643532
fab91238aa326f2f6fa990f2a4359298	d__Bacteria; p__Acidobacteriota; c__Vicinamibacteria; o__Subgroup_17; f__Subgroup_17; g__Subgroup_17; s__uncultured_bacterium	0.8584211923388638
d760df54c2f066ef16e65ddb9b258315	d__Bacteria; p__Actinobacteriota; c__Actinobacteria; o__Micromonosporales; f__Micromonosporaceae; g__Actinoplanes	0.999002313754624
a129396c16a12474fdef4e5e4d4f3ef5	d__Bacteria; p__Actinobacteriota; c__Acidimicrobiia; o__uncultured; f__uncultured; g__uncultured; s__metagenome	0.9993848782257335
9bd09b0eecabb3df9257fe26def01bf6	d__Bacteria; p__Firmicutes; c__Clostridia; o__Lachnospirales; f__Lachnospiraceae; g__[Ruminococcus]_gauvreauii_group	0.9934782136478968
00193bc3c42150b5fd702fba16fad3c9	d__Bacteria; p__Bacteroidota; c__Bacteroidia; o__Sphingobacteriales; f__Sphingobacteriaceae; g__Pedobacter	0.9323183832314696
35c394ff0f714d86298c63f049dde64d	d__Eukaryota	0.9815802591313602
3cf50b8c03a9713dd7ca9fde745548d9	d__Bacteria; p__Proteobacteria; c__Alphaproteobacteria; o__Sphingomonadales; f__Sphingomonadaceae; g__Sphingomonas	0.8860468396782026
89cb1039c7b34e0886a97966c4ac161d	d__Bacteria; p__Bacteroidota; c__Bacteroidia; o__Flavobacteriales; f__Flavobacteriaceae; g__Flavobacterium	0.9999774232421423
8fde69a43b7b9dfd7e21c005f0a525ad	d__Eukaryota; p__Ascomycota; c__Taphrinomycetes; o__Taphrinales; f__Taphrinaceae; g__Taphrina; s__uncultured_fungus	0.7146352290712816
bcace5767151c834845de4e3f4a8efa1	d__Bacteria; p__Firmicutes; c__Clostridia; o__Clostridiales; f__Clostridiaceae; g__Clostridium_sensu_stricto_8	0.9242979871166863
21d6984f419935886d3191233e99263f	d__Bacteria; p__Bacteroidota; c__Bacteroidia; o__Bacteroidales; f__Porphyromonadaceae; g__Porphyromonas; s__Porphyromonadaceae_bacterium	0.9999961248461398
b81b39214abaa87b7befa48ede8865f9	d__Bacteria; p__Firmicutes; c__Clostridia; o__Peptostreptococcales-Tissierellales; f__Peptostreptococcales-Tissierellales; g__Anaerococcus	0.9999999999995071
1fc934cc8289d4b34cbe3036cbde133e	d__Bacteria; p__Firmicutes; c__Clostridia; o__Oscillospirales; f__[Eubacterium]_coprostanoligenes_group; g__[Eubacterium]_coprostanoligenes_group; s__unidentified	0.9539610050229836
07e9415a2281db1ea8392b6c5bb3fb2c	d__Bacteria; p__Actinobacteriota; c__Actinobacteria; o__Micrococcales; f__Microbacteriaceae; g__Curtobacterium	0.7811644122741261
b616e340d19db6a18c0b2bddece63c44	d__Bacteria; p__Firmicutes; c__Bacilli; o__Acholeplasmatales; f__Acholeplasmataceae; g__Anaeroplasma; s__uncultured_bacterium	0.9977544945709548
3cb6cc176264fa5ab2867486fc152240	d__Eukaryota; p__Phragmoplastophyta; c__Embryophyta; o__Pinophyta; f__Pinophyta; g__Pinophyta; s__Pinus_taeda	0.8579244709331192
bb78b27de2666cc59c8100d697c310c2	d__Bacteria; p__Verrucomicrobiota; c__Verrucomicrobiae; o__Pedosphaerales; f__Pedosphaeraceae; g__Pedosphaeraceae	0.9602579608100277
bcf28ac97db4b0087c163c7e06d1e3dd	d__Bacteria	0.9455609298389086
f6cc0356ba5e07de4f73960036eef443	d__Bacteria; p__Bacteroidota; c__Bacteroidia; o__Chitinophagales; f__Chitinophagaceae; g__Pseudoflavitalea; s__Flavitalea_soli	0.827172971041705
e90d0b53939dc7c5acbcc7b5edd65c59	d__Bacteria; p__Proteobacteria; c__Gammaproteobacteria; o__Xanthomonadales; f__Xanthomonadaceae; g__Stenotrophomonas	0.9999429864857929
1f4d3c0f846a903005ad88d715510539	d__Bacteria; p__Proteobacteria; c__Gammaproteobacteria; o__Burkholderiales; f__Comamonadaceae	0.9999999671577839
6afa103ba69b7c5a95108fc247876c71	d__Eukaryota; p__Phragmoplastophyta; c__Embryophyta; o__Pinophyta; f__Pinophyta; g__Pinophyta	0.9999995059680009
08bab375d4a739b5d7425d48863916b2	d__Bacteria; p__Proteobacteria; c__Gammaproteobacteria; o__Burkholderiales; f__Burkholderiaceae; g__Limnobacter	0.9895445542042647
b6af20a7052bebca45a67bbedd1937c7	d__Eukaryota	0.9815452254453481
42060031ead02fae021de4dc3d47adc5	d__Eukaryota; p__Ascomycota; c__Sordariomycetes; o__Glomerellales; f__Plectosphaerellaceae	0.9999998039078688
719850d33c44dd55690f4d5e8dc9cdc1	d__Bacteria; p__Proteobacteria; c__Alphaproteobacteria; o__Sphingomonadales; f__Sphingomonadaceae	0.9998064250637231
17e37bf9f58d868808ccd4fda8a5d7f9	d__Bacteria; p__Firmicutes; c__Bacilli; o__Bacillales; f__Bacillaceae; g__Bacillus; s__Bacillus_thermoamylovorans	0.8928205267294267
598ade8ac44296993619577f5608de0c	d__Bacteria; p__Proteobacteria; c__Gammaproteobacteria; o__Nitrosococcales; f__Methylophagaceae; g__Methylophaga	0.9999999290982412
16b83a6510a72766e6ba2b4aebcbc0b5	d__Bacteria; p__Bdellovibrionota; c__Oligoflexia; o__Oligoflexales; f__Oligoflexales; g__Oligoflexus	0.9999999999549102
6bd644ca2de4c34aae1b994994e5f21a	d__Eukaryota; p__Ascomycota; c__Saccharomycetes; o__Saccharomycetales; f__Debaryomycetaceae; g__Candida-Lodderomyces_clade; s__Candida_parapsilosis	0.7158578262660982
29ad74ceab37d5170cb3cd92e601a3f0	d__Bacteria; p__Chloroflexi; c__Anaerolineae; o__SBR1031; f__A4b; g__OLB13; s__uncultured_bacterium	0.9953998229396663
1665561fde762640da5fc2c86abe5a94	d__Bacteria; p__Proteobacteria; c__Gammaproteobacteria; o__Burkholderiales; f__Burkholderiaceae; g__Limnobacter	0.7015283084360748
3fb68fc6d7c3b48ff8c0bf24e2f94264	d__Bacteria; p__Proteobacteria; c__Alphaproteobacteria; o__Rhodobacterales; f__Rhodobacteraceae	0.9986822043306499
7b626e4f157a52aaca14d7868df02a00	d__Bacteria; p__Proteobacteria; c__Alphaproteobacteria; o__Rhizobiales; f__Beijerinckiaceae	0.9995423416123549
5b9d4caff6ab1cd5ac8a61c478fed12f	d__Bacteria; p__Actinobacteriota; c__Actinobacteria; o__Micrococcales; f__Cellulomonadaceae; g__Cellulomonas	0.9448921486580524
95994cda996facb3f9d690f1676246d5	d__Bacteria; p__Actinobacteriota; c__Actinobacteria; o__Corynebacteriales; f__Corynebacteriaceae; g__Corynebacterium	0.9999864989343318
c4cdb7e56375646d1012e756567990f3	d__Bacteria; p__Bacteroidota; c__Bacteroidia; o__Bacteroidales; f__Prevotellaceae; g__Prevotella	0.999815847325999
56847310e810faf1b131dfc22714483e	d__Bacteria; p__Firmicutes; c__Bacilli; o__Bacillales; f__Planococcaceae; g__Solibacillus	0.9895630999117141
659a8673fa525a63eea279b94bb3a913	d__Bacteria; p__Proteobacteria; c__Alphaproteobacteria; o__Sphingomonadales; f__Sphingomonadaceae; g__Sphingomonas	0.9779378462640668
8269e4e244e871d7f75ab39da8a3c3df	d__Bacteria; p__Bacteroidota; c__Bacteroidia; o__Bacteroidales; f__Porphyromonadaceae; g__Porphyromonas; s__Porphyromonas_sp.	0.9896875256324958
734d403c4b545f46410be105efbb2823	d__Bacteria; p__Actinobacteriota; c__Actinobacteria; o__Bifidobacteriales; f__Bifidobacteriaceae; g__Bifidobacterium; s__Bifidobacterium_asteroides	0.7323965360052873
32ff5e025b9e72490b89a636df87393a	d__Bacteria; p__Actinobacteriota; c__Actinobacteria; o__Micrococcales; f__Intrasporangiaceae; g__Aquipuribacter; s__Aquipuribacter_nitratireducens	0.9241967518105701
45335618214570c997e6ff334a8bb959	d__Bacteria; p__Bacteroidota; c__Bacteroidia; o__Bacteroidales; f__Prevotellaceae; g__Prevotella; s__Prevotella_pallens	0.9999956085827011
a7e12e1bf16490409960e655c64a0bb6	d__Bacteria; p__Firmicutes; c__Bacilli; o__Lactobacillales; f__Streptococcaceae; g__Streptococcus	0.9987500584849466
20cbf84bb0906eadd2acd369324ac43a	d__Eukaryota; p__Apicomplexa; c__Conoidasida; o__Cryptosporida; f__Cryptosporida; g__Cryptosporidium	0.8091537560403324
4a474f585b4f444a138c1cc9e317d526	d__Bacteria; p__Actinobacteriota; c__Actinobacteria; o__Propionibacteriales; f__Nocardioidaceae; g__Marmoricola	0.9981098774143945
375d24374d3cf928a9cb343ce7fe7b49	d__Bacteria; p__Chloroflexi; c__KD4-96; o__KD4-96; f__KD4-96; g__KD4-96	0.9999999544704864
1dd3fcaad3f3ec5df5d77a5327713c15	d__Bacteria; p__Actinobacteriota; c__Actinobacteria; o__Kineosporiales; f__Kineosporiaceae; g__Angustibacter	0.9999983605031931
d3363268f1f6bcd3fa28dd894173cef4	d__Bacteria; p__Actinobacteriota; c__Thermoleophilia; o__Solirubrobacterales; f__67-14; g__67-14; s__uncultured_bacterium	0.8943694356599663
85ab017bb080dfde7e22de0ea05cad71	d__Bacteria; p__Firmicutes; c__Clostridia; o__Lachnospirales; f__Lachnospiraceae; g__Howardella	0.9999999935232508
b9609206ad796253922000d13ac378ad	d__Bacteria; p__Chloroflexi; c__Chloroflexia; o__Thermomicrobiales; f__JG30-KF-CM45; g__JG30-KF-CM45; s__uncultured_bacterium	0.7528028995225627
73b48952600ff7e0fd233fc7f2a90c7e	d__Eukaryota; p__Basidiomycota; c__Agaricomycetes; o__Agaricales; f__Pleurotaceae; g__Pleurotus	0.9634952846358595
66cd596df11c840ff5f71c62758d8fd8	d__Bacteria; p__Proteobacteria; c__Alphaproteobacteria; o__Caulobacterales; f__Caulobacteraceae; g__uncultured; s__metagenome	0.7404495112521382
1441353cdd26763d931ddf3df93d3788	d__Bacteria; p__Bdellovibrionota; c__Bdellovibrionia; o__Bdellovibrionales; f__Bdellovibrionaceae; g__Bdellovibrio; s__uncultured_bacterium	0.9940117501720156
870d1841988f96caee7099227e23a0d2	d__Bacteria; p__Bacteroidota; c__Bacteroidia; o__Cytophagales; f__Cyclobacteriaceae; g__Algoriphagus	0.9994882682919113
7729568b2824ca49765c52079baedd82	d__Bacteria; p__Proteobacteria; c__Alphaproteobacteria; o__Rhodobacterales; f__Rhodobacteraceae; g__Paracoccus	0.9431379958689339
127406c823f5c7615eb48ee241e881c9	d__Bacteria; p__Proteobacteria; c__Gammaproteobacteria; o__Methylococcales; f__Methylomonadaceae; g__Methylobacter; s__uncultured_soil	0.9807819485698099
4edc794af8807de577470b505b9d9ce5	d__Bacteria; p__Firmicutes; c__Clostridia; o__Lachnospirales; f__Lachnospiraceae; g__Eisenbergiella	0.999991471059192
13dcde7a1a3b14c6317e063410e35dd8	d__Bacteria; p__Proteobacteria; c__Gammaproteobacteria; o__Burkholderiales; f__Sutterellaceae; g__Sutterella; s__uncultured_bacterium	0.7805956378576681
89af699062b64f9a0588c455dec0faac	d__Eukaryota; p__Ascomycota; c__Eurotiomycetes; o__Chaetothyriales; f__Trichomeriaceae; g__Knufia	0.9966634042333847
c76a1d85e18cd611a0114c8b2e61e06a	d__Bacteria; p__Proteobacteria; c__Gammaproteobacteria; o__Enterobacterales	0.9999993949956728
3f015fcd38fcd186cb8ac5fff066af14	d__Eukaryota; p__Basidiomycota; c__Agaricomycetes; o__Russulales; f__Hericiaceae; g__Hericium	0.9445375606037054
99c4f513a0fcef24740cf11df07a7bd5	Unassigned	0.5210724388722638
756d3385095d495e8dfc202a653b9929	d__Bacteria; p__Actinobacteriota; c__Acidimicrobiia; o__IMCC26256; f__IMCC26256; g__IMCC26256; s__uncultured_bacterium	0.7521382455570003
7bb3cb183f6d39e1865c9c9a24ace66e	d__Bacteria; p__Bacteroidota; c__Bacteroidia; o__Cytophagales; f__Hymenobacteraceae; g__Hymenobacter	0.9999999999592901
7624ee521779daf22939f81c83ccd5a2	d__Bacteria; p__Acidobacteriota; c__Holophagae; o__Subgroup_7; f__Subgroup_7; g__Subgroup_7	0.9999997214717533
be8a55617e2ed809e75263b0bb8ae76c	d__Bacteria; p__Proteobacteria; c__Alphaproteobacteria; o__Rickettsiales; f__Mitochondria; g__Mitochondria	0.9999999999999972
5d284c6c99c6c208c407b27cfd41e965	d__Bacteria; p__Actinobacteriota; c__Actinobacteria; o__Propionibacteriales; f__Propionibacteriaceae; g__Cutibacterium	0.999787242748253
3422a228023d91213161295bcad2f5ef	d__Bacteria; p__Bacteroidota; c__Bacteroidia; o__Bacteroidales; f__Prevotellaceae; g__Prevotella	0.999997175108533
ce29cc1223b57142e9ceef8cd6eececb	d__Bacteria; p__Bacteroidota; c__Bacteroidia; o__Bacteroidales; f__Prevotellaceae; g__Prevotella; s__Prevotella_baroniae	0.9999909146881867
925b7744b8000e62f285569b1403af88	d__Bacteria; p__Firmicutes; c__Clostridia; o__Peptostreptococcales-Tissierellales; f__Peptostreptococcales-Tissierellales; g__Anaerococcus; s__Anaerococcus_octavius	0.7969775094509066
ac11d21b6c6004fc92d01a257c875ac4	d__Bacteria; p__Bacteroidota; c__Bacteroidia; o__Bacteroidales; f__Tannerellaceae; g__Parabacteroides	0.9999999988704178
92920be94572404963523f1e01dd8567	d__Bacteria; p__Proteobacteria; c__Gammaproteobacteria; o__Xanthomonadales; f__Xanthomonadaceae; g__Lysobacter	0.9897032145609417
05721dd0e39c91698ea93166430c575c	d__Bacteria; p__Proteobacteria; c__Gammaproteobacteria; o__Burkholderiales; f__Comamonadaceae	0.9999999411283961
39490d5ad771928ac03e926c5c017413	d__Bacteria; p__Proteobacteria; c__Alphaproteobacteria; o__Caulobacterales; f__Caulobacteraceae; g__Brevundimonas; s__Brevundimonas_viscosa	0.8652692688455736
d61c183df0cc4f2eb4b3ed0070348e72	d__Eukaryota; p__Ascomycota; c__Eurotiomycetes; o__Chaetothyriales; f__Herpotrichiellaceae; g__Exophiala	0.8020309578412301
6ef41c924e297ff85a2a0b9e839fd870	d__Eukaryota; p__Phragmoplastophyta; c__Embryophyta; o__Pinophyta; f__Pinophyta; g__Pinophyta; s__Afrocarpus_gracilior	0.75937897325279
2f5bb25afb8b2371bedc2ec366d01729	d__Eukaryota; p__Arthropoda; c__Insecta; o__Thysanoptera; f__Thysanoptera; g__Thysanoptera	0.9999999326202884
cefa8dd64c66cd2d9771ba16884abc2a	d__Bacteria; p__Firmicutes; c__Bacilli; o__Lactobacillales; f__Lactobacillaceae; g__Lactobacillus; s__Lactobacillus_apis	0.9987224884516648
3ee95fc64acf5f2121fe1f150cde3b05	d__Bacteria; p__Bacteroidota; c__Bacteroidia; o__Cytophagales; f__uncultured; g__uncultured; s__Hymenobacter_sp.	0.9990695294159148
0b36193aca32cf281835a105b20584ce	d__Eukaryota; p__Ascomycota; c__Sordariomycetes; o__Sordariales; f__Sordariaceae; g__Neurospora; s__Neurospora_crassa	0.9999997415609038
905d008513996f259816a0d1d942e0c1	d__Bacteria; p__Chloroflexi; c__Chloroflexia; o__Chloroflexales; f__Roseiflexaceae; g__uncultured; s__uncultured_bacterium	0.9468151799445698
75080c747680705c6659adadfac194f3	d__Eukaryota; p__Ascomycota; c__Dothideomycetes	0.9931053315729724
37ef44a9454f0bba63a7d5f577c7e469	d__Bacteria; p__Actinobacteriota; c__Actinobacteria; o__Corynebacteriales; f__Dietziaceae; g__Dietzia; s__Dietzia_cinnamea	0.7244228154418455
5ad6c7815a1b95e9e5a051aa48e7723b	d__Bacteria; p__Bacteroidota; c__Bacteroidia; o__Sphingobacteriales; f__Sphingobacteriaceae; g__Arcticibacter	0.7565610471148508
e9e60a4cb6949c3757be80f5d301bd71	d__Eukaryota; p__Phragmoplastophyta; c__Embryophyta; o__Magnoliophyta; f__Magnoliophyta; g__Magnoliophyta; s__Helianthus_annuus	0.9940120938743476
251986061f175821c5619b5992ac8c9d	d__Eukaryota; p__Basidiomycota; c__Cystobasidiomycetes; o__Incertae_Sedis; f__Incertae_Sedis; g__Symmetrospora	0.9726098652496191
acabf2d8b77a6a43e112d29486ae7398	d__Bacteria; p__Bacteroidota; c__Bacteroidia; o__Cytophagales; f__Spirosomaceae; g__Spirosoma; s__Spirosoma_oryzae	0.8688318956572361
a728b5defd9f75f36583742a1bd614b0	d__Bacteria; p__Proteobacteria; c__Alphaproteobacteria; o__Acetobacterales; f__Acetobacteraceae; g__uncultured; s__uncultured_Paracraurococcus	0.8633599808063956
a9e5506aced7776664335639f4882389	d__Bacteria; p__Actinobacteriota; c__Thermoleophilia; o__Gaiellales; f__uncultured; g__uncultured; s__uncultured_organism	0.9046160643132499
2e67b04b82ad10199cdc7a7018149f85	d__Bacteria; p__Bdellovibrionota; c__Bdellovibrionia; o__Bdellovibrionales; f__Bdellovibrionaceae; g__Bdellovibrio; s__uncultured_bacterium	0.999669268948792
be407bbeda063000e8b9509e14074034	d__Bacteria; p__Proteobacteria; c__Alphaproteobacteria; o__Rhizobiales; f__D05-2; g__D05-2; s__uncultured_bacterium	0.9653862357922399
a61a95952201f9e04e63807bd6b71688	d__Bacteria; p__Bacteroidota; c__Bacteroidia; o__Bacteroidales; f__Porphyromonadaceae; g__Porphyromonas; s__Porphyromonas_uenonis	0.743809652821631
0634d7995ea07ebbf93e9ca395cfc3e8	d__Bacteria; p__Firmicutes; c__Negativicutes; o__Veillonellales-Selenomonadales; f__Veillonellaceae; g__Dialister; s__Veillonellaceae_bacterium	0.8832638423058747
1200693eba62c51fe6a877f57ca17c79	d__Bacteria; p__Chloroflexi; c__KD4-96; o__KD4-96; f__KD4-96; g__KD4-96; s__uncultured_bacterium	0.9955292394481864
c164f4032b6833f946306eccde4d37ae	d__Bacteria; p__Actinobacteriota; c__Actinobacteria; o__Frankiales; f__Geodermatophilaceae	0.9999519371835444
6cee3973a4ae9e4747a9e9e3bda38454	d__Bacteria; p__Firmicutes; c__Bacilli; o__Lactobacillales; f__Lactobacillaceae; g__Lactobacillus; s__Lactobacillus_fermentum	0.8797719787550965
aa694756e1de683c50cd00e317c9430a	d__Bacteria; p__Firmicutes; c__Clostridia; o__Peptostreptococcales-Tissierellales; f__Peptostreptococcales-Tissierellales; g__Tepidimicrobium; s__uncultured_bacterium	0.9620504199587161
b0fb4cb7752f37857966eda48d9bdd6e	d__Bacteria; p__Proteobacteria; c__Gammaproteobacteria; o__Burkholderiales; f__Comamonadaceae; g__Aquabacterium	0.9794709799599087
c88c4d35cc45794d05b604a7787649f1	d__Bacteria; p__Actinobacteriota; c__Thermoleophilia; o__Solirubrobacterales; f__Solirubrobacteraceae; g__Conexibacter	0.97996929242091
860ea16247dbac79dc8120472e0645aa	d__Bacteria; p__Bacteroidota; c__Bacteroidia; o__Chitinophagales; f__Chitinophagaceae; g__Sediminibacterium	0.856780993127478
972aeb4ba06836a540d7e2a274c21229	d__Bacteria; p__Firmicutes; c__Clostridia; o__Oscillospirales; f__Oscillospiraceae; g__Colidextribacter	0.8966402196175728
1cbfa5cc69f105e03d0ee19edef78359	d__Bacteria; p__Firmicutes; c__Bacilli; o__Bacillales; f__Bacillaceae; g__Bacillus	0.9518018493330347
37ec5e9da081691a2d228affee2c907d	d__Bacteria; p__Actinobacteriota; c__Actinobacteria; o__Propionibacteriales; f__Propionibacteriaceae; g__Tessaracoccus; s__metagenome	0.9173189095017772
312acdba234b3cc312b90ae529003b9e	d__Bacteria; p__Chloroflexi; c__Chloroflexia; o__Thermomicrobiales; f__JG30-KF-CM45; g__JG30-KF-CM45	0.9999999997796969
961a9145e978e42fb8b3bfebd40f223c	d__Bacteria	0.9725537305708201
79f9b0c229751f6e16313c37d6e19c5e	d__Bacteria; p__Actinobacteriota; c__Actinobacteria; o__Corynebacteriales; f__Tsukamurellaceae; g__Tsukamurella	0.9999999172877768
59bc8f8920e63f9ad79fc47e207f7437	d__Bacteria; p__Cyanobacteria; c__Cyanobacteriia; o__Chloroplast; f__Chloroplast; g__Chloroplast	0.9999999999999754
9ab52f1ee5ff1e0877b5e7fdd36fc16f	d__Bacteria; p__Firmicutes; c__Clostridia; o__Peptostreptococcales-Tissierellales; f__Peptostreptococcales-Tissierellales; g__Peptoniphilus	0.9999999999998487
a42ddf33681a9d0e43414a9a601df0da	d__Bacteria; p__Bacteroidota; c__Bacteroidia; o__Cytophagales; f__Cytophagaceae; g__Rhodocytophaga; s__uncultured_bacterium	0.7995126248153532
c7d3efa50a46ea2476a20bf85332d4d4	d__Bacteria; p__Proteobacteria; c__Gammaproteobacteria; o__Diplorickettsiales; f__Diplorickettsiaceae; g__Aquicella; s__uncultured_gamma	0.7504168495983322
8ce220ee9a82fc3e9dd2e3642d4a310d	d__Bacteria; p__Firmicutes; c__Bacilli; o__Lactobacillales; f__Streptococcaceae; g__Streptococcus	0.9996529674888122
c1b19edeebbc384ccaccfa73195822d1	d__Bacteria; p__Planctomycetota; c__Phycisphaerae; o__Phycisphaerales; f__Phycisphaeraceae; g__SM1A02	0.9997906128676455
0f4feb940bec64182c965d20be7d0cb7	d__Bacteria; p__Firmicutes; c__Clostridia; o__Lachnospirales; f__Lachnospiraceae; g__Butyrivibrio; s__Firmicutes_oral	0.9999507209809664
892e149f0f92b58ec7ec94898aec8554	d__Bacteria; p__Cyanobacteria; c__Cyanobacteriia; o__Chloroplast; f__Chloroplast; g__Chloroplast; s__Allium_cepa	0.9972404926765652
a9a615fc49ff5dd27254991939fff960	d__Bacteria; p__Bacteroidota; c__Bacteroidia; o__Bacteroidales; f__Prevotellaceae; g__Prevotella; s__Prevotella_veroralis	0.860258885611089
7e223cad21b1dcfe7503084fb2a0c940	d__Bacteria; p__Verrucomicrobiota; c__Verrucomicrobiae; o__Verrucomicrobiales; f__Rubritaleaceae; g__Luteolibacter	0.9999925225493888
d8dc824dc8ea033cf6eadabdfe05ead9	d__Bacteria; p__Firmicutes; c__Clostridia; o__Lachnospirales; f__Lachnospiraceae; g__Lachnospiraceae_NK4A136_group; s__uncultured_Clostridium	0.9920278759288
cd651788702ec60a3c586e5f3dbab53a	d__Bacteria; p__Myxococcota; c__Polyangia; o__Polyangiales; f__Sandaracinaceae; g__uncultured	0.9999996823359524
7ef25a3f76d7ac4b92fe91b88dcc3ff1	d__Bacteria; p__Chloroflexi; c__Chloroflexia; o__Thermomicrobiales; f__JG30-KF-CM45; g__JG30-KF-CM45	0.999999994775918
b755910cae1b066ad333ed98fdbde9cd	d__Bacteria; p__Actinobacteriota; c__Actinobacteria; o__Pseudonocardiales; f__Pseudonocardiaceae	0.9800295880579681
7896c1b7fd4376ce9621e3d8199d5f84	d__Bacteria; p__Bacteroidota; c__Bacteroidia; o__Bacteroidales; f__Porphyromonadaceae; g__Porphyromonas	0.9999995174100287
8eddcfa598ad157bfdd1bf93ce490a9f	d__Bacteria; p__Actinobacteriota; c__Actinobacteria; o__Pseudonocardiales; f__Pseudonocardiaceae; g__Actinomycetospora	0.9485790087633654
1cfd67b25d8754bdfef46ae4b866e864	d__Eukaryota; p__Basidiomycota; c__Agaricostilbomycetes; o__Agaricostilbales; f__Chionosphaeraceae; g__Kurtzmanomyces	0.9997887113060492
11342466694ade95f5ec6df52588c9de	d__Eukaryota; p__Phragmoplastophyta; c__Embryophyta; o__Magnoliophyta; f__Magnoliophyta; g__Magnoliophyta; s__Rumex_palustris	0.8281223314291285
f11f7bc973492a4e478168cdeb509832	d__Bacteria; p__Firmicutes; c__Clostridia; o__Lachnospirales; f__Lachnospiraceae; g__Blautia	0.819636523774084
920fc3ecb1db8ed6a9aeca8e4ef62a2d	d__Bacteria; p__Bacteroidota; c__Bacteroidia; o__Chitinophagales; f__Chitinophagaceae; g__Edaphobaculum; s__uncultured_bacterium	0.996259129694516
d109f43dd1a3dd31c86de1b24082fa86	d__Bacteria; p__Firmicutes; c__Bacilli; o__Bacillales; f__Planococcaceae; g__Planococcus	0.8177488569480418
5f3a49a00d00f23eab99dd5925557d9f	d__Bacteria; p__Firmicutes; c__Clostridia; o__Clostridiales; f__Clostridiaceae; g__Clostridium_sensu_stricto_8; s__uncultured_Clostridiales	0.8567084091950449
17ef8bef1546638093421dacbb534c38	d__Eukaryota; p__Ascomycota; c__Sordariomycetes; o__Coniochaetales; f__Coniochaetaceae; g__Coniochaeta	0.7898693601422054
bd191af6b9a946c6c74a288f192e6f87	d__Bacteria; p__Proteobacteria; c__Alphaproteobacteria; o__Acetobacterales; f__Acetobacteraceae; g__uncultured; s__uncultured_Paracraurococcus	0.8442311037958559
bedde56689d7902e10e82b9efbc72662	d__Bacteria	0.9237944217988794
1ac4a97c335fd05da5c47e2a9c2acf72	d__Bacteria; p__Proteobacteria; c__Alphaproteobacteria; o__Sphingomonadales; f__Sphingomonadaceae	0.999999522558377
2126c79105dfe034bd82cc86a2d28f98	d__Bacteria; p__Chloroflexi; c__Chloroflexia; o__Chloroflexales; f__Roseiflexaceae; g__uncultured; s__Chloroflexaceae_bacterium	0.8678310627305448
a919ba4cd146962391e90b25223782cc	d__Bacteria; p__Actinobacteriota; c__Actinobacteria; o__Micrococcales; f__Micrococcaceae; g__Arthrobacter	0.7660404938121791
5f8aefbec5422088ac5ed257d82b8753	d__Bacteria	0.7502982038509337
10ebb4f32f68a0b6a4d0b8429bcf7c6d	d__Bacteria; p__Proteobacteria; c__Gammaproteobacteria; o__Alteromonadales; f__Alteromonadaceae; g__Rheinheimera	0.9999762225798797
d87cf6922786184b99958fe6435a3950	d__Bacteria; p__Proteobacteria; c__Gammaproteobacteria; o__Gammaproteobacteria_Incertae_Sedis; f__Unknown_Family; g__Acidibacter	0.9998116964405296
e0274e9c42baded89d383674b6390e4b	d__Eukaryota; p__Myxogastria; c__Myxogastria; o__Myxogastria; f__Myxogastria	0.9999967190434479
68732ac962f8ce38bb9e5ec1f9d99581	d__Bacteria; p__Firmicutes; c__Bacilli; o__Bacillales; f__Planococcaceae	0.8626100533861367
3e6203b6dff0891a20cd738365e97138	d__Bacteria; p__Bacteroidota; c__Bacteroidia; o__Bacteroidales; f__Prevotellaceae; g__Prevotella; s__Prevotella_bergensis	0.9999999163464288
a1b1d7e564a941ecc2b96aa430f3a058	d__Bacteria; p__Firmicutes; c__Clostridia; o__Peptostreptococcales-Tissierellales; f__Peptostreptococcaceae; g__uncultured; s__Peptostreptococcaceae_bacterium	0.9999998973078358
f297d94f4a9c25c2412d8e306fecad0e	d__Bacteria; p__Bacteroidota; c__Bacteroidia; o__Sphingobacteriales; f__Lentimicrobiaceae; g__Lentimicrobium; s__Bacteroidia_bacterium	0.9651671669463404
bda69739f0b03a85ab712fb9a5493886	Unassigned	0.4314391377141894
3cf8769db0d4fc89080390498a362b07	d__Bacteria; p__Proteobacteria; c__Alphaproteobacteria; o__Rhizobiales; f__Xanthobacteraceae; g__uncultured	0.9191584749839293
5970b088a958458a70d29cc5d07d77da	d__Bacteria; p__Proteobacteria; c__Gammaproteobacteria; o__Burkholderiales; f__Burkholderiaceae; g__Burkholderia-Caballeronia-Paraburkholderia	0.9937739611542507
f2e3a06af32c6c16ce238f6ce334889c	d__Bacteria; p__Bacteroidota; c__Bacteroidia; o__Flavobacteriales; f__Flavobacteriaceae; g__Salinimicrobium; s__uncultured_soil	0.7709649018705385
d9dfb3a19008ee32da326375938895e7	d__Bacteria; p__Chloroflexi; c__JG30-KF-CM66; o__JG30-KF-CM66; f__JG30-KF-CM66; g__JG30-KF-CM66; s__metagenome	0.8914964483784124
c31b18d320ed48633e0370c315c0f0fb	d__Bacteria; p__Actinobacteriota; c__Actinobacteria; o__Micrococcales; f__Brevibacteriaceae; g__Brevibacterium	0.9999998590655502
5dc358ba93e9260c2b54066606edd10f	d__Bacteria; p__Campilobacterota; c__Campylobacteria; o__Campylobacterales; f__Campylobacteraceae; g__Campylobacter	0.9999999998835956
3b171ed899d656ea55ce9657793abf9e	d__Bacteria; p__Proteobacteria; c__Alphaproteobacteria; o__Micavibrionales; f__uncultured; g__uncultured; s__uncultured_bacterium	0.8509009632856012
7c091aa3a18be785825e521436f6d6dc	d__Bacteria; p__Firmicutes; c__Clostridia; o__Lachnospirales; f__Lachnospiraceae; g__Agathobacter	0.9479398145778114
cba2be45aa2614f6cb44acd5442da294	d__Eukaryota; p__Basidiomycota; c__Agaricomycetes; o__Polyporales; f__uncultured; g__uncultured; s__uncultured_fungus	0.929113862734027
cd2eaee938d8870f26ab8e651c9527ea	d__Bacteria; p__Firmicutes; c__Bacilli; o__RF39; f__RF39; g__RF39; s__Acholeplasmatales_bacterium	0.9999576699227132
7aaa2091a707dcd7813c4b921a75d3fb	d__Bacteria; p__Firmicutes; c__Clostridia; o__Peptostreptococcales-Tissierellales; f__Fusibacteraceae; g__Fusibacter	0.9999999974282014
1551029ac3f1d514b1542f61f0217021	d__Bacteria; p__Verrucomicrobiota; c__Verrucomicrobiae; o__Verrucomicrobiales; f__Verrucomicrobiaceae; g__uncultured; s__uncultured_bacterium	0.9599791608910303
933f5eef9a645687ef92b1375d456304	d__Bacteria; p__Proteobacteria; c__Gammaproteobacteria; o__Pseudomonadales; f__Pseudomonadaceae; g__Pseudomonas	0.9998744699173413
02f2b5462bc4fc8ca97bba2aa4b9ed66	d__Bacteria; p__Firmicutes; c__Negativicutes; o__Veillonellales-Selenomonadales; f__Veillonellaceae; g__Megasphaera; s__uncultured_bacterium	0.9011861093269862
09d7bf817ff40394d7e9081611982ec6	d__Bacteria; p__Proteobacteria; c__Alphaproteobacteria; o__Sphingomonadales; f__Sphingomonadaceae; g__Sphingomonas	0.9110809190846217
ea5681bb07c018ea8c38a40d4f7b31a8	d__Eukaryota; p__Vertebrata; c__Mammalia; o__Mammalia; f__Mammalia; g__Mammalia; s__Homo_sapiens	0.9856143226954805
25ed2c10413943c9f5896c6456715b91	d__Eukaryota; p__Basidiomycota; c__Cystobasidiomycetes; o__Cystobasidiales; f__Incertae_Sedis; g__Occultifur; s__Occultifur_externus	0.9219002865731514
e83b62b905207aed6cd7a0e299d6cd82	d__Bacteria; p__Actinobacteriota; c__Actinobacteria; o__Propionibacteriales; f__Nocardioidaceae; g__Marmoricola	0.8457946473488808
4e5c19199246d2e525c59d201d398acc	d__Bacteria; p__Proteobacteria; c__Alphaproteobacteria; o__Sphingomonadales; f__Sphingomonadaceae; g__Sphingomonas	0.9174349679560945
1df37b55a20e220ae48867db5055c1e1	d__Bacteria; p__Proteobacteria; c__Gammaproteobacteria; o__Burkholderiales; f__Comamonadaceae	0.9999828040673722
462179de7fc20486dfa22a54b4d40073	d__Bacteria; p__Proteobacteria; c__Alphaproteobacteria; o__Acetobacterales; f__Acetobacteraceae; g__Craurococcus-Caldovatus	0.996671062207124
c24ae3d62105cb6274d4ed9c76a6d063	d__Bacteria; p__Chloroflexi; c__JG30-KF-CM66; o__JG30-KF-CM66; f__JG30-KF-CM66; g__JG30-KF-CM66; s__metagenome	0.9989398846682997
0df7456f93ef48e90a5dfd6660cb89e9	d__Eukaryota; p__Phragmoplastophyta; c__Embryophyta; o__Magnoliophyta; f__Magnoliophyta; g__Magnoliophyta; s__Malva_sylvestris	0.9992912393803144
255ad0bb038f6a34167cf56eb73e7dd1	d__Bacteria; p__Proteobacteria; c__Alphaproteobacteria; o__Sphingomonadales; f__Sphingomonadaceae; g__Sphingomonas	0.9999613302639564
4015608298f0740f017c4a71724c9b01	d__Bacteria; p__Actinobacteriota; c__Actinobacteria; o__Propionibacteriales; f__Propionibacteriaceae; g__Auraticoccus; s__Auraticoccus_monumenti	0.9972349958200923
11c61ed4518db97567d20d5c038cc081	d__Bacteria; p__Firmicutes; c__Clostridia; o__Lachnospirales; f__Lachnospiraceae; g__Stomatobaculum; s__uncultured_bacterium	0.7435975864597568
7a58980a6abf2263f480d916de5e5944	d__Bacteria; p__Bacteroidota; c__Bacteroidia; o__Bacteroidales; f__Prevotellaceae; g__Prevotella; s__Prevotella_buccalis	0.9993217996549147
de104ed5bebf57d779141dc9c7004272	d__Bacteria; p__Proteobacteria; c__Gammaproteobacteria; o__Burkholderiales; f__Alcaligenaceae	0.9999999993959421
314e926f6d7ee2c54afdf7fb5bb4bc9b	d__Bacteria; p__Proteobacteria; c__Alphaproteobacteria; o__Sphingomonadales; f__Sphingomonadaceae	0.9996307990275883
af02395ee826eb0b4e07c64bee8ae0af	d__Bacteria; p__Bacteroidota; c__Bacteroidia; o__Chitinophagales; f__Chitinophagaceae; g__uncultured	0.7839398787026521
efb04c2987b657729c48b407f7236dd7	d__Bacteria; p__Proteobacteria; c__Gammaproteobacteria; o__Burkholderiales; f__Burkholderiaceae; g__Limnobacter	0.9999683166259206
b6f1b6f577b628f4fedc4cf4ae751b2f	d__Bacteria; p__Proteobacteria; c__Gammaproteobacteria; o__Pseudomonadales; f__Pseudomonadaceae; g__Pseudomonas	0.9184443852404861
7b7d9b1c07f0d031076b168f69fd6c93	d__Bacteria; p__Proteobacteria; c__Gammaproteobacteria; o__Enterobacterales	0.9999975956021294
d4c3c291a27f072e7410f7677b14d050	d__Bacteria; p__Proteobacteria; c__Gammaproteobacteria; o__Alteromonadales; f__Marinobacteraceae; g__Marinobacter	0.9997881796304661
50f7bb603dbfeb4e695f4a59cf710c7e	d__Bacteria; p__Proteobacteria; c__Gammaproteobacteria; o__Enterobacterales; f__Enterobacteriaceae	0.8576969718101373
090496d41ae989459c7802aecf39475a	d__Eukaryota; p__Phragmoplastophyta; c__Embryophyta; o__Magnoliophyta; f__Magnoliophyta; g__Magnoliophyta; s__Glycine_max	0.8703637051103386
edde2fe93739373aa89cc1614353c6e8	d__Eukaryota; p__Ascomycota; c__Dothideomycetes; o__Pleosporales; f__Pleosporales; g__Torula; s__Torula_herbarum	0.999193344214426
ec570abd96d2bef616d0071662c39976	d__Eukaryota; p__Phragmoplastophyta; c__Embryophyta; o__Magnoliophyta; f__Magnoliophyta; g__Magnoliophyta; s__Pyrus_x	0.8201385257050042
f91a6cc3984a24c94589b225bfd22a7d	d__Bacteria; p__Bacteroidota; c__Bacteroidia; o__Sphingobacteriales; f__Sphingobacteriaceae	0.9999999994437974
a88620be79aba280d9378e2157c15147	d__Bacteria; p__Bacteroidota; c__Bacteroidia; o__Bacteroidales; f__Prevotellaceae; g__Prevotella; s__Prevotella_salivae	0.9973365761452738
06a4cc6af0a518c067331abe36f65154	d__Bacteria; p__Bdellovibrionota; c__Oligoflexia; o__0319-6G20; f__0319-6G20; g__0319-6G20; s__uncultured_bacterium	0.9878225515228299
c662a753fae5cff7a28b68e6fc6c763a	d__Eukaryota; p__Basidiomycota; c__Tremellomycetes; o__Trichosporonales; f__Trichosporonaceae; g__Vanrija	0.7506315434881461
f268416f4c8b6aae8e37ca3288276023	d__Bacteria; p__Firmicutes; c__Bacilli; o__Lactobacillales; f__Streptococcaceae; g__Streptococcus	0.9974060843818172
eef3e7db1e5d2e046fbbf0af2927229c	d__Bacteria; p__Actinobacteriota; c__Actinobacteria; o__Propionibacteriales; f__Nocardioidaceae; g__Nocardioides	0.9066066304983094
d3c0ba5ad10d48e2b05694422d265add	d__Bacteria; p__Acidobacteriota; c__Vicinamibacteria; o__Vicinamibacterales; f__uncultured; g__uncultured; s__metagenome	0.8537233854757192
3a0740cb0aaa8d10afd7d1f46e58e41c	d__Bacteria; p__Firmicutes; c__Bacilli; o__Staphylococcales; f__Staphylococcaceae; g__Staphylococcus	0.9999937621361851
868f6a36001f34fbb831d38caf4f52ec	d__Bacteria; p__Proteobacteria; c__Gammaproteobacteria; o__Xanthomonadales; f__Xanthomonadaceae	0.9999998840166989
5c45de1addfd714ded93fc96fbb5171d	d__Eukaryota; p__Ciliophora; c__Intramacronucleata; o__Conthreep; f__Nassophorea; g__Leptopharynx; s__Leptopharynx_bromelicola	0.9839065280028776
49936c1aaad3f0fe3d90d187901ef919	d__Bacteria; p__Bacteroidota; c__Bacteroidia; o__Cytophagales; f__Hymenobacteraceae; g__Hymenobacter	0.9999999995360102
3b4ce3e7279e3ec0570c6e05c704fff4	d__Bacteria; p__Actinobacteriota; c__Thermoleophilia; o__Solirubrobacterales; f__67-14; g__67-14; s__uncultured_soil	0.8925589418958556
69ab9c4173344b9d47825525e4d19371	d__Bacteria; p__Actinobacteriota; c__Actinobacteria; o__Micrococcales; f__Cellulomonadaceae; g__Cellulomonas	0.8551317269622234
ecb4ac5797b7af297338bbb74abd413a	d__Bacteria; p__Bacteroidota; c__Bacteroidia; o__Flavobacteriales; f__Flavobacteriaceae; g__uncultured; s__uncultured_deep-sea	0.7448267025888684
96f30e579f480bf61840cc16109ed46f	d__Bacteria; p__Actinobacteriota; c__Actinobacteria; o__Frankiales; f__uncultured; g__uncultured	0.9991846255099788
6eab5297f92708098a135f6e3296e057	d__Bacteria; p__Proteobacteria; c__Gammaproteobacteria; o__Burkholderiales; f__Burkholderiaceae; g__Burkholderia-Caballeronia-Paraburkholderia	0.9938100443303421
647ced50ea7c1a2b17d78799b631da3e	d__Eukaryota; p__Basidiomycota; c__Ustilaginomycetes; o__Ustilaginales; f__Ustilaginaceae	0.9999999999980823
38f80c00c92fc9767f83da8eb10c2ad1	d__Eukaryota; p__Arthropoda; c__Insecta; o__Zygentoma; f__Lepismatidae; g__Lepismatidae	0.9999999626880982
976c4c6c15b6a426808777c1565afc70	d__Bacteria; p__Proteobacteria; c__Gammaproteobacteria; o__Burkholderiales; f__TRA3-20; g__TRA3-20	0.9994757581678202
32eb02278875aa828c49537ccde0999f	d__Bacteria; p__Proteobacteria; c__Alphaproteobacteria; o__Rhizobiales; f__Rhizobiaceae	0.9085764704471471
0fc71802437c5de6a393d1f6e901fead	d__Bacteria; p__Proteobacteria; c__Alphaproteobacteria; o__Rhizobiales; f__Beijerinckiaceae; g__Methylobacterium-Methylorubrum	0.9999994661483097
4c8c86d0b16dcdc6f18594b2e24dfbeb	d__Eukaryota; p__Ascomycota; c__Sordariomycetes; o__Xylariales	0.9370886709754002
ea64f5571871dc7a9cc3b3c6b19f59e4	d__Bacteria; p__Bacteroidota; c__Bacteroidia; o__Cytophagales; f__Cyclobacteriaceae; g__Cesiribacter; s__uncultured_bacterium	0.9996844803313938
754528c8c4f366644796793241a9bb14	d__Bacteria; p__Planctomycetota; c__OM190; o__OM190; f__OM190; g__OM190; s__uncultured_bacterium	0.8905006626311673
444e8abd22c2cc003879f0287e37be36	d__Bacteria; p__Firmicutes; c__Bacilli; o__Bacillales; f__Planococcaceae; g__Bhargavaea	0.846399133623524
7e00be7b8c7ba47d6818abf27d42dd40	d__Bacteria; p__Proteobacteria; c__Alphaproteobacteria; o__Rhodobacterales; f__Rhodobacteraceae; g__Rubellimicrobium; s__uncultured_bacterium	0.8674029957888791
d66b6780e19d39b575cd7e92979f98b7	d__Bacteria; p__Bacteroidota; c__Bacteroidia; o__Bacteroidales; f__Porphyromonadaceae; g__Porphyromonas	0.999999999991451
fe4334b1d1e7bad022711ed375c86763	d__Bacteria; p__Proteobacteria; c__Alphaproteobacteria; o__Rhodobacterales; f__Rhodobacteraceae; g__Paracoccus	0.9047865229320642
58c1ba1f5c16b00e23cc6b83b84378f3	d__Bacteria; p__Proteobacteria; c__Gammaproteobacteria; o__Burkholderiales; f__Alcaligenaceae	0.9999989373998303
5431fb32d69dc8c790c236cbb3504484	d__Bacteria; p__Halanaerobiaeota; c__Halanaerobiia; o__Halanaerobiales; f__Halanaerobiaceae; g__Halocella	0.9999703015618696
d001a31d1b911a9e191a9c1e0775e2f6	d__Eukaryota; p__Basidiomycota; c__Cystobasidiomycetes	0.9602563885285145
5ecf554958b68b2c785cb6d0cf12296a	d__Bacteria; p__Actinobacteriota; c__Actinobacteria; o__Propionibacteriales; f__Nocardioidaceae; g__Nocardioides	0.9988028806183578
dc7e9f2a934f7dacd6b3f93939be2a26	d__Eukaryota; p__Ascomycota; c__Saccharomycetes; o__Saccharomycetales; f__Debaryomycetaceae; g__Kurtzmaniella-Candida_clade; s__Candida_quercitrusa	0.8672391988042045
e8465214db81aba28eae7a063b233ed3	d__Bacteria; p__Actinobacteriota; c__Actinobacteria; o__Micrococcales; f__Microbacteriaceae	0.9999226904398049
bce4d6445267c383b6a046c1722998ac	d__Bacteria; p__Proteobacteria; c__Gammaproteobacteria; o__Oceanospirillales; f__Halomonadaceae; g__Zymobacter; s__Zymobacter_palmae	0.9407350890745768
26831d278090494f7899994c6803e33c	d__Bacteria; p__Actinobacteriota; c__Rubrobacteria; o__Rubrobacterales; f__Rubrobacteriaceae; g__Rubrobacter; s__uncultured_organism	0.988597629075713
d43a586f823034bc451cddbc8274bdf1	d__Bacteria; p__Proteobacteria; c__Gammaproteobacteria; o__Burkholderiales; f__Comamonadaceae	0.999997267073458
aab53197afc28fabe4f5d66852944362	d__Bacteria; p__Bacteroidota; c__Bacteroidia; o__Bacteroidales; f__Prevotellaceae; g__Alloprevotella	0.9999999999753851
2541286f46d0106ac081d5c1ee93f163	d__Eukaryota; p__Dinoflagellata; c__Dinophyceae; o__Gymnodiniphycidae; f__Suessiaceae; g__Symbiodinium; s__Symbiodinium_sp.	0.9999688635920891
a65dfb367eaf498e93ca3c3b9b1ea49b	d__Bacteria; p__Actinobacteriota; c__Actinobacteria; o__Micrococcales; f__Micrococcaceae; g__Kocuria	0.928363173054334
3ef46282e1d7f9646dc5ff7fdbbad137	d__Eukaryota; p__Ascomycota; c__Leotiomycetes	0.8985148038632675
bf98ca1cc1d94dfad40d5362931ac531	d__Eukaryota; p__Ascomycota	0.9999343661552215
1c286dd0987c842212bb5960c0418b10	d__Bacteria; p__Proteobacteria; c__Alphaproteobacteria; o__Rhodobacterales; f__Rhodobacteraceae; g__Lentibacter	0.7481322155657893
aecf65d89ab4fc8f61b4dab67d022160	d__Bacteria; p__Acidobacteriota; c__Blastocatellia; o__Blastocatellales; f__Blastocatellaceae; g__Aridibacter; s__uncultured_bacterium	0.7609771679319377
f2d14bb3ac93590e0c97e803abfd3b6e	d__Eukaryota; p__Basidiomycota; c__Microbotryomycetes	0.9999999549381202
11403ce00be83f001a6b6ccd88b4130e	d__Bacteria; p__Firmicutes; c__Clostridia; o__Lachnospirales; f__Lachnospiraceae; g__Catonella; s__unidentified	0.8618330273320672
00d00559b6499bf748ae0724ac1d7c17	d__Eukaryota; p__Ascomycota; c__Sordariomycetes; o__Hypocreales; f__Hypocreaceae; g__Trichoderma	0.9371912501117989
38672ffe2d54f8103500ddb9fdd7975f	d__Bacteria; p__Proteobacteria; c__Alphaproteobacteria; o__Rhizobiales; f__Beijerinckiaceae; g__Bosea	0.9999932650345843
cf6ee2f53610edc2a78d24cec003a437	d__Bacteria	0.815327082917812
93c07376ba035e0a80d536254209e3fc	d__Bacteria; p__Bacteroidota; c__Bacteroidia; o__Cytophagales; f__Hymenobacteraceae; g__Hymenobacter; s__Triticum_aestivum	0.8463063688786379
270d132f465065307192c5f695baf147	d__Bacteria; p__Firmicutes; c__Bacilli; o__Haloplasmatales; f__Haloplasmataceae; g__Haloplasma; s__uncultured_bacterium	0.9999985559274247
c154c04dbe5ad2ae1de53c841d91487f	d__Bacteria; p__Halanaerobiaeota; c__Halanaerobiia; o__Halanaerobiales; f__Halanaerobiaceae; g__Halocella; s__uncultured_bacterium	0.9997649922071377
b34211ca5b2dd5f79b78919775f5f45f	d__Bacteria; p__Bacteroidota; c__Bacteroidia; o__Sphingobacteriales; f__Sphingobacteriaceae; g__Mucilaginibacter	0.9982808773033971
a28372762226fe29c402f60e476c73cb	d__Eukaryota; p__Ascomycota; c__Dothideomycetes; o__Capnodiales	0.9432975886578497
acee2e00a8c66cd1203621c7760aa836	d__Bacteria; p__Chloroflexi; c__Chloroflexia; o__Thermomicrobiales; f__JG30-KF-CM45; g__JG30-KF-CM45	0.9999772444291279
126f4f9668d165a240ed6f45040a361f	d__Eukaryota; p__Basidiomycota; c__Tremellomycetes; o__Trichosporonales; f__Trichosporonaceae; g__Trichosporon	0.9999995576684865
22f5b1d17183b5bcc9d6932040fda5a1	d__Bacteria; p__Actinobacteriota; c__Actinobacteria; o__Kineosporiales; f__Kineosporiaceae; g__Pseudokineococcus; s__Pseudokineococcus_marinus	0.9741067140332584
d2f5fc85a1adf6b5d87f26261c29d9dc	d__Bacteria; p__Proteobacteria; c__Alphaproteobacteria; o__Rhodobacterales; f__Rhodobacteraceae; g__Amaricoccus; s__uncultured_bacterium	0.9262456289503689
e30bd9a8fc2af84ffb9e646bdcb315f1	d__Bacteria; p__Bacteroidota; c__Bacteroidia; o__Cytophagales; f__Microscillaceae; g__Ohtaekwangia; s__metagenome	0.7741672128603023
c9743220e3602d39b8d851e69a9c3fc9	d__Eukaryota; p__Phragmoplastophyta; c__Embryophyta; o__Magnoliophyta; f__Magnoliophyta; g__Magnoliophyta; s__Carica_papaya	0.9957110357145211
35b5ce48c30125c5e214b37dc55aff3b	d__Eukaryota; p__Protosteliida; c__Protosteliida; o__Protosteliida; f__Protosteliida; g__Protostelium; s__Protostelium_mycophagum	0.9999999992570281
c4d6596c21b92d1c688097622dc733d6	d__Eukaryota; p__Phragmoplastophyta; c__Embryophyta; o__Magnoliophyta; f__Magnoliophyta; g__Magnoliophyta; s__Rehmannia_glutinosa	0.808315967575935
d6408c50f120acb605d6028838702627	d__Bacteria; p__Nitrospirota; c__Nitrospiria; o__Nitrospirales; f__Nitrospiraceae; g__Nitrospira	0.9999999999999931
91aa5bae6a3e92bde644c8f4877c3db3	d__Bacteria; p__Actinobacteriota; c__Actinobacteria; o__Kineosporiales; f__Kineosporiaceae; g__Quadrisphaera	0.8897678655264415
861daa4bf8eb3ffcde20cd0101a1f775	d__Bacteria; p__Actinobacteriota; c__Actinobacteria; o__Corynebacteriales; f__Corynebacteriaceae; g__Corynebacterium	0.8039978382728789
1b25be262f96c40d714919afd443dfb4	d__Bacteria; p__Firmicutes; c__Bacilli; o__Staphylococcales; f__Staphylococcaceae; g__Staphylococcus	0.996827465748155
8dc951578b49aa74aab6c6777926911b	d__Bacteria; p__Bacteroidota; c__Bacteroidia; o__Chitinophagales; f__Chitinophagaceae; g__Segetibacter	0.9998993367810102
71e6eacef7647de91405aa12d30c5e7d	d__Bacteria; p__Bacteroidota; c__Bacteroidia; o__Bacteroidales; f__Prevotellaceae; g__Prevotella	0.9768443158542756
89e0677d0849a25d2225a333705d08d6	d__Bacteria; p__Proteobacteria; c__Alphaproteobacteria; o__Rhizobiales; f__Rhizobiaceae	0.9906906594553802
c8d4d1bf687f50f4598189203ff38d1b	d__Bacteria; p__Proteobacteria; c__Alphaproteobacteria; o__Rhizobiales; f__Xanthobacteraceae; g__Azorhizobium; s__Xanthobacter_sp.	0.8215440648204965
2401911837b517a7a3449ea37ec7b831	d__Bacteria; p__Gemmatimonadota; c__Longimicrobia; o__Longimicrobiales; f__Longimicrobiaceae; g__Longimicrobiaceae; s__uncultured_bacterium	0.7675514445187898
e5fd69e843d858205175d4aebd570bf6	d__Bacteria; p__Actinobacteriota; c__Actinobacteria; o__Micrococcales; f__Micrococcaceae; g__Arthrobacter	0.7884548594260767
4cac521309f059ed997b1228a9ae0f67	d__Bacteria; p__Cyanobacteria; c__Cyanobacteriia; o__Chloroplast; f__Chloroplast; g__Chloroplast	0.9999988980405294
57019c88de4a2660fc9af59c19cd18cb	d__Bacteria; p__Proteobacteria; c__Gammaproteobacteria; o__Burkholderiales; f__Oxalobacteraceae	0.999516472724356
b6c18a84b3f69bdb244eaa508bbb63a3	d__Bacteria; p__Actinobacteriota; c__Actinobacteria; o__Streptosporangiales; f__Thermomonosporaceae; g__Actinomadura	0.9720423227044578
cd9451bba714271357113d0ab6b051b7	d__Eukaryota	0.9869277985024605
3b51c0de96aa1d2d79fd97ccd6340ab7	d__Eukaryota; p__Phragmoplastophyta; c__Embryophyta; o__Magnoliophyta; f__Magnoliophyta; g__Magnoliophyta	0.9998016250167403
3ccfc78318e0085c4461eeff6a961f1a	d__Bacteria; p__Actinobacteriota; c__Actinobacteria; o__Micrococcales; f__Cellulomonadaceae; g__Cellulomonas	0.9974356791995875
6e746022ba5efc79f32f55406f53d854	d__Eukaryota; p__Ascomycota; c__Eurotiomycetes; o__Eurotiales; f__Aspergillaceae; g__Aspergillus	0.7386915735221385
90b2ac30b47f4f9edffd7d17c3ada6ff	d__Bacteria; p__Firmicutes; c__Bacilli; o__Bacillales; f__Bacillaceae; g__Bacillus	0.9701713086562196
30840bd7c8ce975ede93288cecb5e0fe	d__Bacteria; p__Firmicutes; c__Clostridia; o__Lachnospirales; f__Lachnospiraceae; g__uncultured; s__Eubacterium_sp.	0.948267283814477
98678dc8b8a7bf91811e67353412a2e2	d__Eukaryota; p__Vertebrata; c__Mammalia; o__Mammalia; f__Mammalia; g__Mammalia	0.9999697733777624
66dfaa4c3f25d65c44d48476a05922bd	d__Eukaryota; p__Vertebrata; c__Mammalia; o__Mammalia; f__Mammalia; g__Mammalia; s__Homo_sapiens	0.9735403180099804
03714e136c0eeca07ca51123e289bddb	d__Eukaryota; p__Phragmoplastophyta; c__Embryophyta; o__Pinophyta; f__Pinophyta; g__Pinophyta; s__Pinus_taeda	0.8241971432741872
4b98861d8ea4482d41af81143d667029	d__Eukaryota; p__Basidiomycota; c__Agaricostilbomycetes; o__Agaricostilbales; f__Kondoaceae; g__Kondoa; s__Kondoa_yuccicola	0.999999523506247
15990e74a933dbc2020caa0f990db22d	d__Bacteria; p__Actinobacteriota; c__Thermoleophilia; o__Solirubrobacterales; f__67-14; g__67-14	0.9752212478961466
f4b9c3e41fd3f9c32165cc7b855b01d4	d__Eukaryota; p__Ascomycota; c__Sordariomycetes; o__Xylariales; f__Sporocadaceae	0.7328182184807486
7e799ef6b201d967a8f0471ec00949fd	d__Eukaryota; p__Basidiomycota; c__Tremellomycetes; o__Filobasidiales; f__Filobasidiaceae; g__Filobasidium; s__Filobasidium_uniguttulatum	0.991162329410271
ff311a482ccc868a3e64d1dbada7d192	d__Bacteria; p__Proteobacteria; c__Gammaproteobacteria; o__Oceanospirillales; f__Halomonadaceae; g__Halomonas	0.9811261010379184
c9d95a4bb4cb63fa80abb49543d99e63	d__Bacteria; p__Actinobacteriota; c__Actinobacteria; o__Propionibacteriales; f__Nocardioidaceae; g__Nocardioides	0.9998473371612975
ac9960b1b6af1f6ba1fd8263f65ccb87	d__Bacteria; p__Chloroflexi; c__Gitt-GS-136; o__Gitt-GS-136; f__Gitt-GS-136; g__Gitt-GS-136	0.9999999966335071
d5f42e2c4291e6b9acf775320551ce6f	d__Eukaryota; p__Ascomycota; c__Saccharomycetes; o__Saccharomycetales; f__Debaryomycetaceae; g__Candida-Lodderomyces_clade	0.9748719237265813
69a24abfde3183fcbe9a1f9acdf7c638	d__Eukaryota	0.9999999841111257
1de8519d1f063bb1435bc1d9e16b18a9	d__Bacteria; p__Actinobacteriota; c__Actinobacteria; o__Propionibacteriales; f__Nocardioidaceae; g__Nocardioides	0.9996014097183133
f500b0b9a93b79f9280d45a3e66f879d	d__Eukaryota; p__Ascomycota; c__Eurotiomycetes; o__Eurotiales; f__Aspergillaceae; g__Penicillium	0.9134297902872281
049043d510a0f075adfc3cffa75c4be5	d__Bacteria; p__Planctomycetota; c__Planctomycetes; o__Gemmatales; f__Gemmataceae; g__uncultured; s__uncultured_Crater	0.9035472523869823
6338d62d1f79dba117fcca836bfaeddf	d__Eukaryota; p__SAR; c__Labyrinthulomycetes; o__Labyrinthulomycetes; f__Labyrinthulomycetes; g__Sorodiplophrys; s__Caprifoliaceae_environmental	0.9962832395507082
c6b8d71041bc70f50ac85874b8422e51	d__Bacteria; p__Actinobacteriota; c__Actinobacteria; o__Frankiales; f__Nakamurellaceae; g__Nakamurella; s__uncultured_bacterium	0.7117463242810491
aeae46af021265e668fb38c66c2fa276	d__Bacteria; p__Actinobacteriota; c__Actinobacteria; o__Micrococcales; f__Bogoriellaceae; g__Georgenia; s__Georgenia_sp.	0.9058305128482494
7d65d810563199a9fa6f64b801d74656	d__Bacteria; p__Firmicutes; c__Clostridia; o__Peptostreptococcales-Tissierellales; f__Peptostreptococcales-Tissierellales; g__Peptoniphilus	0.9999999999993247
46a3538ea804709296c2baea54d0f79c	d__Bacteria; p__Firmicutes; c__Clostridia; o__Lachnospirales	0.9949337165204986
fec238bab4cf1d20d7a9bff082346c61	d__Bacteria; p__Spirochaetota; c__Spirochaetia; o__Spirochaetales; f__Spirochaetaceae; g__Treponema; s__Treponema_sp.	0.9349077655080563
c5748a6f3043c4e4d9062c5a4b83c163	d__Bacteria; p__Firmicutes; c__Negativicutes; o__Veillonellales-Selenomonadales; f__Selenomonadaceae; g__Selenomonas; s__Selenomonas_sp.	0.9251693243998038
8c19f8ad6586dfb833e9804037965b7f	d__Bacteria; p__Acidobacteriota; c__Thermoanaerobaculia; o__Thermoanaerobaculales; f__Thermoanaerobaculaceae; g__Subgroup_10; s__Holophaga_sp.	0.9977624715224908
44c8ca2942c35db91d8b3ee7e06c2106	d__Bacteria; p__Firmicutes; c__Clostridia; o__Lachnospirales; f__Lachnospiraceae; g__Lachnospira	0.9998808960786456
332f76a3491f833cefe4a3a83856f4c7	d__Bacteria; p__Firmicutes; c__Bacilli; o__Bacillales; f__Bacillaceae; g__Aeribacillus	0.9999885204776282
732ad63294fbfcfd0ab07173ec274f20	d__Bacteria; p__Planctomycetota; c__Planctomycetes; o__Gemmatales; f__Gemmataceae; g__Zavarzinella	0.7421812488329289
7e7ba7f71bd8ae408c90a1a827fc887d	d__Bacteria; p__Chloroflexi; c__Chloroflexia; o__Thermomicrobiales; f__JG30-KF-CM45; g__JG30-KF-CM45; s__metagenome	0.964318476334881
772de532c5f3b6bf93956b0dd86d611f	d__Bacteria; p__Gemmatimonadota; c__Gemmatimonadetes; o__Gemmatimonadales; f__Gemmatimonadaceae; g__Roseisolibacter; s__uncultured_bacterium	0.999891176985988
38395db144ef4af0cfbaa63e16190b20	d__Eukaryota; p__Ascomycota; c__Dothideomycetes; o__Capnodiales; f__Cladosporiaceae; g__Cladosporium	0.949420585987573
17b711686e67924f807f7f3d57c4fd5a	d__Bacteria; p__Bacteroidota; c__Bacteroidia; o__Flavobacteriales; f__Flavobacteriaceae	0.9999999999991684
9cc6f4ae5a2387d6eba53a2585d41526	d__Eukaryota; p__Phragmoplastophyta; c__Embryophyta; o__Magnoliophyta; f__Magnoliophyta; g__Magnoliophyta; s__Amaranthus_tuberculatus	0.999936745240879
3ea612e57a036085303874bebfccb265	d__Bacteria; p__Firmicutes; c__Clostridia; o__Peptostreptococcales-Tissierellales; f__Peptostreptococcales-Tissierellales; g__Helcococcus; s__Helcococcus_sueciensis	0.9544279998650111
abbd67ba8b4d6f5a2be562f85383c6db	d__Bacteria; p__Actinobacteriota; c__Actinobacteria; o__Frankiales; f__Geodermatophilaceae; g__Blastococcus; s__uncultured_Blastococcus	0.9465334153596165
044ac666a82179c23d2906ecb38ef80f	d__Bacteria; p__Proteobacteria; c__Alphaproteobacteria; o__Sphingomonadales; f__Sphingomonadaceae; g__Sphingopyxis	0.9969394993986644
61e895d5b8278fed5b2e49042e027433	d__Bacteria; p__Actinobacteriota; c__Actinobacteria; o__Corynebacteriales; f__Corynebacteriaceae; g__Corynebacterium	0.9830809756094713
ce04cb15626f30b7e3d8aa739d2f1c33	d__Bacteria; p__Actinobacteriota; c__Actinobacteria; o__Actinomycetales; f__Actinomycetaceae; g__uncultured	0.9976662110657678
6f3a1b502096a70d9bec1c672c08efff	d__Bacteria; p__Proteobacteria; c__Gammaproteobacteria; o__Burkholderiales; f__Comamonadaceae; g__Aquabacterium	0.9821472959230034
ebf6f2169bd01a24ec1410e8f3ad54a3	d__Bacteria; p__Proteobacteria; c__Alphaproteobacteria; o__Rhizobiales; f__Rhizobiaceae; g__Ensifer	0.9428320994427105
70cb1de17c8d7b3e073ceebfbb2bc6ff	d__Bacteria; p__Campilobacterota; c__Campylobacteria; o__Campylobacterales; f__Campylobacteraceae; g__Campylobacter; s__Campylobacter_ureolyticus	0.939826868507084
1775f40244a337f0861f225af6decbd6	d__Eukaryota; p__Basidiomycota; c__Tremellomycetes; o__Tremellales; f__Rhynchogastremataceae	0.9009856967871197
75d5d1108825a0fbffb0e522c00cfda1	d__Eukaryota; p__Vertebrata; c__Mammalia; o__Mammalia; f__Mammalia; g__Mammalia	0.999999753566812
65876d90944e4b410ad872c2ae7e4424	d__Eukaryota; p__Phragmoplastophyta; c__Embryophyta; o__Pinophyta; f__Pinophyta; g__Pinophyta; s__Picea_glauca	0.7570743415884673
c088ced554a8a92279848f73e187d144	d__Eukaryota; p__Ascomycota; c__Dothideomycetes	0.9898306266460924
ba03514d5f03797e36d15f85257f3fa9	d__Bacteria; p__Firmicutes; c__Bacilli; o__Staphylococcales; f__Staphylococcaceae; g__Staphylococcus	0.9993887097012961
099bae13f0ece8e6d03777b972926404	d__Bacteria; p__Actinobacteriota; c__Actinobacteria; o__Micrococcales; f__Promicromonosporaceae; g__Cellulosimicrobium	0.9975906726876771
0f43abe6af421ae24a5a50f2e9f81503	d__Bacteria; p__Proteobacteria; c__Gammaproteobacteria; o__Burkholderiales; f__Rhodocyclaceae; g__Dechloromonas; s__Dechloromonas_sp.	0.9586287902138877
c25a512707a88045487d4cbe492439e3	d__Bacteria; p__Firmicutes; c__Negativicutes; o__Veillonellales-Selenomonadales; f__Veillonellaceae; g__Veillonella	0.9999997770569891
db93310c4ec3ecb433d720c4f7fe4c69	d__Eukaryota; p__Basidiomycota; c__Tremellomycetes; o__Tremellales; f__Rhynchogastremataceae; g__Papiliotrema; s__Papiliotrema_pseudoalba	0.7054397668204931
4c795f1018234e3dcc272afe1cd0d212	d__Bacteria; p__Actinobacteriota; c__Actinobacteria; o__Propionibacteriales; f__Nocardioidaceae; g__Nocardioides	0.9999803090686074
e8c00c4a254d34930daeb4b462c4fcc0	d__Bacteria; p__Actinobacteriota; c__Actinobacteria; o__Corynebacteriales; f__Mycobacteriaceae; g__Mycobacterium	0.9999971083145655
18c3c98299bede5dbaab870846ed925d	d__Bacteria; p__Actinobacteriota; c__Actinobacteria; o__Micrococcales; f__Cellulomonadaceae	0.9774580497539752
390135fe2d8b4d2ce0e9e297077eb200	d__Bacteria; p__Proteobacteria; c__Gammaproteobacteria; o__Burkholderiales; f__Rhodocyclaceae; g__Dechloromonas	0.9764887168328799
89144a7dc2cff1922b311b71320f8eaf	d__Bacteria; p__Actinobacteriota; c__Thermoleophilia; o__Solirubrobacterales; f__Solirubrobacteraceae; g__Solirubrobacter	0.9998504353453569
733dcbc26c3b816c240cffe7e6c8abd7	d__Bacteria; p__Chloroflexi; c__Anaerolineae; o__Ardenticatenales; f__uncultured; g__uncultured; s__metagenome	0.7451452290254923
f5dbec781fef395e867470fdad8d9590	d__Bacteria; p__Proteobacteria; c__Alphaproteobacteria; o__Rhizobiales; f__Beijerinckiaceae	0.9998525459063395
6d6c26cb89ed721f9a6d84a38f04fc38	d__Bacteria; p__Firmicutes; c__Bacilli; o__Staphylococcales; f__Staphylococcaceae; g__Staphylococcus	0.9577774506900817
4421ba9583e3aba23e4be5b423b966d5	d__Bacteria; p__Chloroflexi; c__Chloroflexia; o__Thermomicrobiales; f__JG30-KF-CM45; g__JG30-KF-CM45; s__uncultured_bacterium	0.734513233345982
8be4ac66bd50ffe017a1f6ac648e7567	d__Bacteria; p__Proteobacteria; c__Gammaproteobacteria; o__Burkholderiales; f__Nitrosomonadaceae; g__Ellin6067	0.9999999642286832
2ec86446e83d825c746ef8508cdaa7a6	d__Bacteria; p__Firmicutes; c__Clostridia; o__Lachnospirales; f__Lachnospiraceae; g__[Eubacterium]_hallii_group	0.9999990804287501
3540e28a5b0c14194dc12bba61c255b1	d__Eukaryota; p__Mucoromycota; c__Incertae_Sedis; o__Mucorales; f__Rhizopodaceae; g__Rhizopus; s__Rhizopus_stolonifer	0.9999998775857012
15675ea1ceaaa891e77146a46c60f736	d__Eukaryota; p__Arthropoda; c__Arachnida; o__Acari; f__Acari; g__Acari	0.9999999999271463
870e2da81cd034854f1804a1e578bed6	d__Eukaryota; p__Phragmoplastophyta; c__Embryophyta; o__Magnoliophyta; f__Magnoliophyta; g__Magnoliophyta; s__Restionaceae_environmental	0.8724771420421921
58951fbe1c8ded19565422ac7c007a4a	d__Bacteria; p__Bacteroidota; c__Bacteroidia; o__Cytophagales; f__Microscillaceae; g__uncultured	0.748247838826592
c3bdd17400c0567b2ec64ec4c3902f1b	d__Bacteria; p__Bacteroidota; c__Bacteroidia; o__Chitinophagales; f__Chitinophagaceae; g__Edaphobaculum	0.9915020430842414
f95b53d1b3618ecce59889093f28146d	d__Bacteria; p__Deinococcota; c__Deinococci; o__Deinococcales; f__Deinococcaceae; g__Deinococcus	0.9999945871106097
a724921a2aea3ab6b7f04679164baa1d	d__Bacteria; p__Proteobacteria; c__Alphaproteobacteria; o__Rhizobiales; f__Amb-16S-1323; g__Amb-16S-1323; s__uncultured_bacterium	0.9596070483910627
1969014f9dd162a66c5762bd751e1fbb	d__Bacteria; p__Actinobacteriota; c__Actinobacteria; o__Kineosporiales; f__Kineosporiaceae	0.999759024948873
55bb7c843cf63d78452925f5659badd8	d__Bacteria; p__Actinobacteriota; c__Actinobacteria; o__Frankiales; f__Geodermatophilaceae; g__Geodermatophilus	0.9980096541251535
3913bc67dd4bae3222d217eab25962aa	d__Bacteria; p__Patescibacteria; c__Gracilibacteria; o__JGI_0000069-P22; f__JGI_0000069-P22; g__JGI_0000069-P22; s__Gracilibacteria_bacterium	0.9998678319115579
438e8735bd290f533ff42c360a687022	d__Eukaryota; p__Vertebrata; c__Mammalia; o__Mammalia; f__Mammalia; g__Mammalia	0.9999992509157154
c4c4ff76d754c3786b6ae619427c9fec	d__Eukaryota; p__Basidiomycota; c__Agaricomycetes; o__Agaricales; f__Tricholomataceae; g__Tricholoma	0.914609436710937
0498fedbbeccadc93a614a2c7d4cf4d9	d__Bacteria; p__Bacteroidota; c__Bacteroidia; o__Chitinophagales; f__Saprospiraceae; g__uncultured	0.9726172367176388
54794c94f105c5b91431d401f3b72135	d__Bacteria; p__Proteobacteria; c__Gammaproteobacteria; o__Burkholderiales; f__Comamonadaceae; g__Hydrogenophaga	0.9966963402241905
1e3224c2ced9bf0c5811b69d960a770e	d__Bacteria; p__Actinobacteriota; c__Actinobacteria; o__Propionibacteriales; f__Propionibacteriaceae; g__Cutibacterium	0.999729711873934
17b0835fa2e470ba401368732b8d827b	d__Bacteria; p__Fusobacteriota; c__Fusobacteriia; o__Fusobacteriales; f__Leptotrichiaceae; g__Leptotrichia; s__Leptotrichia_trevisanii	0.7108155366363259
e9c6cabcdbe201f06ac3b04bf9edfb81	d__Bacteria; p__Proteobacteria; c__Gammaproteobacteria; o__Burkholderiales; f__Neisseriaceae; g__Eikenella	0.83094690419348
d2580c94e7905a8fa82aa916aa2c2f67	d__Bacteria; p__Bacteroidota; c__Bacteroidia; o__Bacteroidales; f__Porphyromonadaceae; g__Porphyromonas; s__Porphyromonas_bennonis	0.9274785079580286
b724e2a896a34a134a6601a44e70c197	Unassigned	0.4419794345321435
4b88aa45601ba943657a6253db888d76	d__Bacteria; p__Proteobacteria; c__Alphaproteobacteria; o__Rhizobiales; f__Xanthobacteraceae; g__uncultured; s__metagenome	0.833826714404854
16cb6e4e054384511afb138173c7d06b	d__Bacteria; p__Firmicutes; c__Clostridia; o__Peptostreptococcales-Tissierellales; f__Peptostreptococcales-Tissierellales; g__Anaerococcus	0.9999999999927511
530a07f752c201c6e5c4e67aa5ae8a29	d__Bacteria; p__Firmicutes; c__Negativicutes; o__Veillonellales-Selenomonadales; f__Veillonellaceae; g__Anaeroglobus; s__Anaeroglobus_geminatus	0.9999686479726675
fc4e01fc01b182c78b55ffbb4395203f	d__Bacteria; p__Proteobacteria; c__Gammaproteobacteria; o__Burkholderiales; f__Oxalobacteraceae	0.9992825833898296
57eec211e780fd3fd88cb60e6d0b5497	d__Bacteria; p__Cyanobacteria; c__Cyanobacteriia; o__Chloroplast; f__Chloroplast; g__Chloroplast	0.9999999999731973
0ee5f499dfdbf26ee6bf978eab5bd692	d__Eukaryota; p__Phragmoplastophyta; c__Embryophyta; o__Pinophyta; f__Pinophyta; g__Pinophyta	0.9999997960550014
0c17a1ae5cf9d20cb46be2f4fe74cc3b	d__Bacteria; p__Firmicutes; c__Bacilli; o__Lactobacillales; f__Aerococcaceae; g__Aerococcus; s__Aerococcus_urinae	0.9998028890941674
48bf9e9e76389af692d584c2e8cda013	d__Bacteria; p__Proteobacteria; c__Alphaproteobacteria; o__Rhodobacterales; f__Rhodobacteraceae; g__Amaricoccus	0.7495835696672121
f21757be6bc178096972e3ba8f2d3074	d__Eukaryota; p__Cercozoa; c__uncultured; o__uncultured; f__uncultured; g__uncultured; s__metagenome	0.9347530218940375
a915d8d7884fb0dab2275e691a0f519a	d__Eukaryota; p__Phragmoplastophyta; c__Embryophyta; o__Magnoliophyta; f__Magnoliophyta; g__Magnoliophyta	0.9996299511557203
796fc4ff52641f7fc918f65a8d079480	d__Bacteria; p__Proteobacteria; c__Alphaproteobacteria; o__Rhizobiales; f__Beijerinckiaceae; g__Microvirga	0.9828104597801683
8c1baf013cbacd1a718bbcb6a6124a28	d__Eukaryota; p__Phragmoplastophyta; c__Embryophyta; o__Magnoliophyta; f__Magnoliophyta; g__Magnoliophyta; s__Caprifoliaceae_environmental	0.792216376159105
68b2db20dcf88807a01eff1200409a61	d__Bacteria; p__Bacteroidota; c__Bacteroidia; o__Bacteroidales; f__Prevotellaceae; g__Prevotella; s__Prevotella_intermedia	0.9999899687394914
5a34b09d92a9f776672f8977c9ec0ebd	d__Eukaryota; p__Ascomycota; c__Eurotiomycetes; o__Chaetothyriales; f__Herpotrichiellaceae	0.9922629177100736
cc9a19e668fbfa1143ac8762453fb63a	d__Eukaryota; p__Phragmoplastophyta; c__Embryophyta; o__Magnoliophyta; f__Magnoliophyta; g__Magnoliophyta	0.9997408982622951
1ebf16a2507299aadd23bd19c9c46df8	d__Eukaryota; p__Phragmoplastophyta; c__Embryophyta	0.7867581882281498
f736067e038baa9c253cf4a330a167c2	d__Eukaryota; p__Ascomycota; c__Leotiomycetes; o__Helotiales	0.7807739316423852
b864db0cb82685ecb940dc20f093c812	d__Bacteria; p__Actinobacteriota; c__Actinobacteria; o__Frankiales; f__Geodermatophilaceae; g__Blastococcus	0.9671652247077911
d6fd4fa0bb673f558e393b898a1455fe	d__Bacteria; p__Actinobacteriota; c__Actinobacteria; o__Micrococcales; f__Dermabacteraceae; g__Brachybacterium	0.9994555518046278
6d9789edc0db0e7e328992ca13255c45	d__Bacteria; p__Bacteroidota; c__Bacteroidia; o__Flavobacteriales; f__Weeksellaceae; g__Empedobacter; s__uncultured_bacterium	0.8157580773341885
0514e8879dbff3c18ba8e79496b497ca	Unassigned	0.32886837355461596
5f1568c65621e7450a1fa845cea73c82	d__Eukaryota; p__Phragmoplastophyta; c__Embryophyta; o__Pinophyta; f__Pinophyta; g__Pinophyta; s__Pinus_taeda	0.7436652418962899
fdd3660be87ebf93ccdb462fd86eeaab	d__Bacteria; p__Proteobacteria; c__Alphaproteobacteria; o__Acetobacterales; f__Acetobacteraceae; g__Roseomonas; s__Roseomonas_aquatica	0.8532383653563297
99f8a99d20bb48269e585d11f033f307	d__Bacteria; p__Firmicutes; c__Bacilli; o__Staphylococcales; f__Staphylococcaceae; g__Staphylococcus	0.9998967808659877
d7ebbccfb2776735819e3c6ca8fae50f	d__Bacteria; p__Firmicutes; c__Clostridia; o__Peptostreptococcales-Tissierellales; f__Peptostreptococcales-Tissierellales; g__Anaerococcus	0.9999999999989203
df1729652e63d19a4f3d9febffdf4f90	d__Bacteria; p__Chloroflexi; c__KD4-96; o__KD4-96; f__KD4-96; g__KD4-96	0.99999989557079
5f07276d9c9e19bf806315de618358f1	d__Bacteria; p__Actinobacteriota; c__Actinobacteria; o__Micrococcales; f__Intrasporangiaceae; g__Ornithinicoccus; s__uncultured_bacterium	0.9785197703277956
7b536629faac4a148185ec6eba13292c	d__Bacteria; p__Firmicutes; c__Bacilli; o__Erysipelotrichales; f__Erysipelatoclostridiaceae; g__Eggerthia; s__Eggerthia_catenaformis	0.9999999999575238
24b9a64093474fda5ecc019357bf1bb9	d__Bacteria; p__Proteobacteria; c__Alphaproteobacteria; o__Caulobacterales; f__Caulobacteraceae; g__Brevundimonas	0.9999891843234328
3e3d6e74f25ee0cd1ecbc531cab73c55	d__Eukaryota; p__Basidiomycota; c__Ustilaginomycetes; o__Ustilaginales; f__Ustilaginaceae	0.9999999999905185
3eedf3b77b74eac260c5ec9c4d0383db	d__Bacteria; p__Proteobacteria; c__Alphaproteobacteria; o__Rhizobiales; f__Rhizobiaceae	0.9979805133237241
3364391937362e4c68dd864aead6c5c6	d__Eukaryota; p__Phragmoplastophyta; c__Embryophyta; o__Magnoliophyta; f__Magnoliophyta; g__Magnoliophyta; s__Solanum_lycopersicum	0.9999995062616105
a8cd5fac3083b3562528983fd971319c	d__Bacteria; p__Proteobacteria; c__Gammaproteobacteria; o__Burkholderiales; f__Neisseriaceae; g__Neisseria	0.9999322294907937
02f5c4d0578d1d84388dbed50939e07d	d__Eukaryota; p__Basidiomycota; c__Cystobasidiomycetes; o__Erythrobasidiales; f__Erythrobasidiaceae; g__Erythrobasidium	0.999932191512849
24069cb274336c790d54a7f2bd45c47b	d__Eukaryota; p__Arthropoda; c__Ellipura; o__Collembola; f__Collembola; g__Collembola	0.9999955777294064
ee589b99c09bb2bed63d9ff52d6b1345	d__Bacteria; p__Proteobacteria; c__Alphaproteobacteria; o__Sphingomonadales; f__Sphingomonadaceae; g__Sphingomonas	0.9223106111527425
50fce1e631400c0a0fe3b9d73642ccdf	d__Eukaryota; p__Phragmoplastophyta; c__Embryophyta; o__Pinophyta; f__Pinophyta; g__Pinophyta	0.9999995641321926
d2540ed48cba7e97012294a422e1fb48	d__Eukaryota; p__Phragmoplastophyta; c__Embryophyta; o__Pinophyta; f__Pinophyta; g__Pinophyta; s__unidentified_plant	0.8854755291497117
2bd17c7ee863266fc5d1737decd8cfa8	d__Bacteria; p__Firmicutes; c__Bacilli; o__Lactobacillales; f__Streptococcaceae; g__Streptococcus	0.9999990836746029
dc51f7911cc3e8773e1121f627257dc5	d__Eukaryota; p__Basidiomycota; c__Tremellomycetes; o__Cystofilobasidiales; f__Cystofilobasidiaceae; g__Cystofilobasidium	0.9999998289933998
60780136cf2a61ba81cc7d37ddd3ac56	d__Bacteria; p__Firmicutes; c__Bacilli; o__Lactobacillales; f__Streptococcaceae; g__Streptococcus	0.9999998099506548
ec9072c0a225105556e9b181f3ec8376	d__Eukaryota; p__Phragmoplastophyta; c__Embryophyta; o__Magnoliophyta; f__Magnoliophyta; g__Magnoliophyta	0.9999997661703971
e392f714a91f5315416ca90f04a0560f	d__Bacteria; p__Actinobacteriota; c__Acidimicrobiia; o__Microtrichales; f__Ilumatobacteraceae; g__uncultured	0.984865716341755
35a8ad06bdd70d4c71795091e4fa3746	d__Bacteria; p__Planctomycetota; c__Planctomycetes; o__Isosphaerales; f__Isosphaeraceae; g__Tundrisphaera; s__uncultured_bacterium	0.9545448025107595
c9d25ece755e1577e5e41c2ac0bb2c4a	d__Eukaryota; p__Basidiomycota; c__Agaricomycetes; o__Agaricales; f__Bolbitiaceae; g__Conocybe; s__Conocybe_apala	0.9996815361707266
093d9a23e2489915968aefe599e38ea6	d__Bacteria; p__Actinobacteriota; c__Acidimicrobiia; o__Microtrichales; f__Iamiaceae; g__Iamia; s__metagenome	0.8396022520011405
92a15477623db0f924eb99dba7906f29	d__Bacteria; p__Firmicutes; c__Clostridia; o__Clostridia; f__Hungateiclostridiaceae; g__Fastidiosipila; s__Fastidiosipila_sanguinis	0.9771933704808182
eaaa0299e08e54670504fd536a5c2a34	d__Eukaryota; p__Phragmoplastophyta; c__Embryophyta; o__Magnoliophyta; f__Magnoliophyta; g__Magnoliophyta	0.9999776553695172
246698a0873d831387fc76bb9caaef7c	d__Eukaryota; p__Basidiomycota; c__Agaricomycetes; o__Polyporales; f__uncultured; g__uncultured; s__uncultured_fungus	0.9261851755480822
bb2b622d8e4f86db0c92da4ee4c877ca	d__Eukaryota; p__Vertebrata; c__Mammalia; o__Mammalia; f__Mammalia; g__Mammalia	0.999971003895036
7f7f290dc1ed9f9d6bb72bab2664dcf5	d__Bacteria; p__Proteobacteria; c__Alphaproteobacteria; o__Tistrellales; f__Geminicoccaceae; g__Candidatus_Alysiosphaera; s__uncultured_bacterium	0.8314275659544818
9b0e6be76f77c341bd26ae6ddadde194	d__Eukaryota; p__Ascomycota; c__Saccharomycetes; o__Saccharomycetales; f__Debaryomycetaceae; g__Candida-Lodderomyces_clade; s__uncultured_fungus	0.7306013994639808
efce0a2e96c098ee176680e7d7b9876f	d__Bacteria; p__Verrucomicrobiota; c__Verrucomicrobiae; o__Chthoniobacterales; f__Chthoniobacteraceae; g__Chthoniobacter; s__metagenome	0.9241738271308554
8c3eb40415e49507c4f8d911889f80be	d__Bacteria; p__Gemmatimonadota; c__S0134_terrestrial_group; o__S0134_terrestrial_group; f__S0134_terrestrial_group; g__S0134_terrestrial_group; s__uncultured_bacterium	0.8577008910835952
3a3c6a8b3e463b1069ccd114981e9377	d__Bacteria; p__Proteobacteria; c__Gammaproteobacteria; o__Cellvibrionales; f__Cellvibrionaceae; g__Aestuariicella; s__uncultured_bacterium	0.9986770302799266
899ac0f1aa712d4186325a7f0af1e343	d__Eukaryota; p__Mollusca; c__Gastropoda; o__Heterobranchia; f__Heterobranchia; g__Heterobranchia	0.9999880924348838
263bf028fbbcca6d0f4d89202cea0c98	d__Bacteria; p__Chloroflexi; c__Chloroflexia; o__Thermomicrobiales; f__JG30-KF-CM45; g__JG30-KF-CM45; s__metagenome	0.9641307297533404
1419c7ad0dc56cae7232642475fffa8e	d__Eukaryota; p__Basidiomycota; c__Agaricomycetes; o__Agaricales; f__Tricholomataceae	0.75661611828896
81d324bc6ced9a4fdf88eef5e27c3e37	d__Bacteria; p__Actinobacteriota; c__Actinobacteria; o__Corynebacteriales; f__Mycobacteriaceae; g__Mycobacterium	0.9999998816860799
76560391b19b73e33d59e60b856402c5	d__Bacteria; p__Firmicutes; c__Clostridia; o__Lachnospirales; f__Lachnospiraceae; g__Lachnoanaerobaculum	0.9999990237729268
1df543d33b4eef9fbf65d1ab708f40a5	d__Bacteria; p__Actinobacteriota; c__Actinobacteria; o__Micrococcales; f__Brevibacteriaceae; g__Brevibacterium	0.9999086886433017
8efeafcd46f16ac348e0ebd8ae02b0bf	d__Bacteria; p__Planctomycetota; c__Planctomycetes; o__Pirellulales; f__Pirellulaceae; g__Pir4_lineage; s__metagenome	0.8509447934941444
899c2d372bce62bf1d7f268915d425bf	d__Eukaryota; p__Cercozoa; c__Glissomonadida; o__Glissomonadida; f__Glissomonadida; g__Heteromita	0.9988945656950595
827dcfa0efefc4d9d5fc8c0adcd25f8e	Unassigned	0.4084229792077805
aa9b1b3c006c94a01887618fb02188f3	d__Eukaryota; p__Phragmoplastophyta; c__Embryophyta; o__Pinophyta; f__Pinophyta; g__Pinophyta	0.7457384630054926
f6d60e25bef3dea261fce2781255926f	d__Bacteria; p__Proteobacteria; c__Alphaproteobacteria; o__Rhizobiales; f__Rhizobiaceae	0.9739643349689677
ae23e1d795b2127144c03b587520107b	d__Bacteria; p__Actinobacteriota; c__Thermoleophilia; o__Solirubrobacterales; f__Solirubrobacteraceae; g__JCM_18997; s__uncultured_bacterium	0.9333487299507047
e975d526cd621f6d394525bacfdc9bb5	d__Eukaryota; p__Ascomycota; c__Saccharomycetes; o__Saccharomycetales; f__Debaryomycetaceae; g__Candida-Lodderomyces_clade	0.9834757314474185
8c9affbd3dad7bb4e380bb3b1185edb6	d__Bacteria; p__Planctomycetota; c__Phycisphaerae; o__Phycisphaerales; f__Phycisphaeraceae; g__SM1A02	0.9999472979305443
3a74283fb153875f5bcdc93edad9abc9	d__Eukaryota; p__Vertebrata; c__Mammalia; o__Mammalia; f__Mammalia; g__Mammalia	0.9999996816655251
6cceef90647c3f51e732361f0f7d451a	d__Eukaryota; p__Ascomycota; c__Saccharomycetes; o__Saccharomycetales; f__Debaryomycetaceae; g__Debaryomyces	0.8820869080070197
63764bc0ce339b4c28069da0565b04f6	d__Eukaryota; p__Basidiomycota; c__Agaricomycetes; o__Agaricales; f__Agaricales; g__Stropharia; s__Stropharia_ambigua	0.9966688677711856
0c1fdb5b5f49ea243161e16b20c7f488	d__Bacteria; p__Proteobacteria; c__Gammaproteobacteria; o__Steroidobacterales; f__Steroidobacteraceae; g__Steroidobacter	0.9946648218224206
76974b55337c68bcddde328c4dc37477	d__Eukaryota; p__Basidiomycota; c__Agaricomycetes; o__Agaricomycetes; f__Agaricomycetes; g__Agaricomycetes; s__Hyphodontia_sambuci	0.9999218130579556
cf5f5b251c216d74921a4ffd8a9b089e	d__Bacteria; p__Actinobacteriota; c__Actinobacteria; o__Propionibacteriales; f__Propionibacteriaceae; g__Cutibacterium	0.989174778855461
4484ee10550ed7ab422b8c5bb90e550c	d__Bacteria; p__Firmicutes; c__Clostridia; o__Lachnospirales; f__Lachnospiraceae; g__Blautia; s__Blautia_caecimuris	0.7403935025396549
d9a126d14d22a539509353f32f741fe5	d__Bacteria; p__Firmicutes; c__Clostridia; o__Peptostreptococcales-Tissierellales; f__Peptostreptococcales-Tissierellales; g__Gallicola; s__uncultured_bacterium	0.9970165578232653
28aad538cd7239172134592ea6597ad0	d__Bacteria; p__Actinobacteriota; c__Actinobacteria; o__Corynebacteriales; f__Corynebacteriaceae	0.9997291158363701
092631f876a1febf0341360ea0837210	d__Eukaryota; p__Phragmoplastophyta; c__Embryophyta; o__Pinophyta; f__Pinophyta; g__Pinophyta	0.9999986890103509
69bbc228763980deb4546ca4a8f026f9	d__Eukaryota; p__Basidiomycota; c__Agaricomycetes; o__Agaricales; f__Schizophyllaceae; g__Schizophyllum; s__Schizophyllum_radiatum	0.902334025918016
84fed5490c5e17698f284b07c06a326c	d__Bacteria; p__Firmicutes; c__Bacilli; o__Lactobacillales; f__Streptococcaceae; g__Streptococcus	0.9999924343338363
6c69a8a35b8c139f64340b5aa2b0fb66	d__Bacteria; p__Firmicutes; c__Bacilli; o__Lactobacillales; f__Lactobacillaceae; g__Lactobacillus; s__Lactobacillus_fermentum	0.9077050951991299
17b1fa3c2eeedb2083566a2fdf3c034a	d__Bacteria; p__Acidobacteriota; c__Blastocatellia; o__Blastocatellales; f__Blastocatellaceae; g__Blastocatella; s__uncultured_bacterium	0.8424681160637655
c2757206a7a9819d9585f685fec02142	d__Bacteria; p__Actinobacteriota; c__Actinobacteria; o__Propionibacteriales; f__Nocardioidaceae; g__Nocardioides	0.9999809465978492
a8d83c8f804c7025f4e6462ecc6fc630	d__Bacteria; p__Bacteroidota; c__Bacteroidia; o__Cytophagales; f__Spirosomaceae; g__Spirosoma	0.9999679388773796
49f6a8518812b1739a8e95db20333127	d__Bacteria; p__Actinobacteriota; c__Actinobacteria; o__Micrococcales; f__Microbacteriaceae; g__Gulosibacter; s__uncultured_bacterium	0.9469611059650843
b1014fa3e836a97a2c3caec44d17d757	d__Bacteria; p__Proteobacteria; c__Alphaproteobacteria; o__Rhizobiales; f__Rhodomicrobiaceae; g__Rhodomicrobium; s__uncultured_bacterium	0.941643172415675
ad1ce36b823744d450d7540813699695	d__Eukaryota; p__Basidiomycota; c__Tremellomycetes; o__Tremellales; f__Cryptococcaceae; g__Kwoniella; s__Kwoniella_heveanensis	0.9999977953837914
c28895ea2c2217929b7c57be59aa1db5	d__Bacteria; p__Firmicutes; c__Negativicutes; o__Veillonellales-Selenomonadales; f__Veillonellaceae; g__Veillonella	0.9999954493161689
f59661210d4c1253d78576ee80934464	d__Eukaryota; p__Amoebozoa; c__Discosea; o__Centramoebida; f__Centramoebida; g__Acanthamoeba; s__Acanthamoeba_griffini	0.9989529112540303
30a5119daaf788a932b03c91cf516de7	d__Bacteria; p__Proteobacteria; c__Alphaproteobacteria; o__Rickettsiales; f__Mitochondria; g__Mitochondria	0.9999999999998508
21fe4aad60606bc9ee85b7e11ba59974	d__Bacteria; p__Actinobacteriota; c__Actinobacteria; o__Propionibacteriales; f__Nocardioidaceae; g__Marmoricola	0.8922012923926962
d113ab772f0a224aec4d9228cb28a5e2	d__Bacteria; p__Proteobacteria; c__Gammaproteobacteria; o__Burkholderiales; f__Comamonadaceae; g__Comamonas	0.7525236176463626
0eca46a689cdde053f0199f10a00cd2f	d__Bacteria; p__Firmicutes; c__Clostridia; o__Peptostreptococcales-Tissierellales; f__Peptostreptococcales-Tissierellales; g__Peptoniphilus; s__Peptoniphilus_lacrimalis	0.9999223988267006
523004e9ff4d700c3a49f65c6e853939	d__Eukaryota; p__Ochrophyta; c__Chrysophyceae; o__Chromulinales; f__Chromulinales; g__Poteriospumella; s__Ochromonas_sp.	0.988766190903133
678bdf25cedb2e3b6e897e274c95e5ef	d__Eukaryota	0.9993929236060368
fd92ba6ee1fe63cdc5f761724de902d3	d__Bacteria; p__Verrucomicrobiota; c__Verrucomicrobiae; o__Verrucomicrobiales; f__Rubritaleaceae; g__Luteolibacter	0.999999988711546
309ecbe150795e112de00d3c24ee4411	d__Bacteria; p__Armatimonadota; c__Armatimonadia; o__Armatimonadales; f__Armatimonadales; g__Armatimonadales; s__uncultured_bacterium	0.9987880703752785
74f69062325855799f63425d11772fa3	d__Bacteria; p__Verrucomicrobiota; c__Verrucomicrobiae; o__Verrucomicrobiales; f__Akkermansiaceae; g__Akkermansia	0.9999999999698671
75acee7a1e5db6867146bc873b3444b1	d__Bacteria; p__Proteobacteria; c__Alphaproteobacteria; o__Rhizobiales; f__Beijerinckiaceae; g__uncultured; s__uncultured_bacterium	0.9375709609901365
441fc17d027634049442ef8d0cb09185	d__Bacteria; p__Chloroflexi; c__Chloroflexia; o__Thermomicrobiales; f__JG30-KF-CM45; g__JG30-KF-CM45; s__uncultured_bacterium	0.981328901742614
28c632138d2a06ad578f8efbe4b5c326	d__Bacteria; p__Firmicutes; c__Bacilli; o__Lactobacillales; f__Streptococcaceae; g__Lactococcus; s__Lactococcus_sp.	0.9594269105151864
e7ee988c6e34005adf90af5ab7c7ebb2	d__Bacteria; p__Firmicutes; c__Bacilli; o__Staphylococcales; f__Staphylococcaceae; g__Salinicoccus	0.9977194586566209
22e2a6f976e45b7d6e2768045ac02147	d__Bacteria; p__Chloroflexi; c__KD4-96; o__KD4-96; f__KD4-96; g__KD4-96	0.9999998435930607
c6b967fa8c13eba418860307671a9bdf	d__Bacteria; p__Firmicutes; c__Bacilli; o__Erysipelotrichales; f__Erysipelatoclostridiaceae; g__Erysipelatoclostridium; s__[Clostridium]_spiroforme	0.955037523075907
9b45591cd991832eaa251054e58c6e7d	d__Bacteria; p__Actinobacteriota; c__Thermoleophilia; o__Solirubrobacterales; f__Solirubrobacteraceae; g__Solirubrobacter; s__uncultured_bacterium	0.7752841233822092
8fe4b51019a19b76db738a6adfb44d8d	d__Bacteria; p__Planctomycetota; c__Planctomycetes; o__Pirellulales; f__Pirellulaceae; g__Pir4_lineage; s__metagenome	0.9971234440110446
a3943a4b85da615102648185950118a1	d__Bacteria; p__Firmicutes; c__Bacilli; o__Bacillales; f__Bacillaceae; g__Bacillus	0.9996984161084373
90bfbc7ed7a09593cdd27c42e939c969	d__Bacteria; p__Actinobacteriota; c__Actinobacteria; o__Corynebacteriales; f__Corynebacteriaceae; g__Corynebacterium	0.9999737123674568
dd83a5fed362c9e677d576fff3674b4b	d__Bacteria; p__Firmicutes; c__Clostridia; o__Peptostreptococcales-Tissierellales; f__Peptostreptococcales-Tissierellales; g__Peptoniphilus; s__Peptoniphilus_lacrimalis	0.999911954512975
edc78eb52cc265973c78fc7cbf3fdc72	d__Bacteria; p__Firmicutes; c__Bacilli; o__Staphylococcales; f__Staphylococcaceae; g__Staphylococcus	0.9986450976499276
31147a310f53b7d5515c2625ba0ba6fa	d__Bacteria; p__Bacteroidota; c__Bacteroidia; o__Cytophagales; f__Cyclobacteriaceae; g__Cyclobacterium; s__uncultured_bacterium	0.7658927634059136
3ef35e60332b3ecd62a24ff4a8b86de6	d__Bacteria; p__Bacteroidota; c__Bacteroidia; o__Cytophagales; f__Hymenobacteraceae; g__Hymenobacter	0.9999999997826444
13ae9b1d0f739adb1d03d0d436ba9958	d__Bacteria; p__Bacteroidota; c__Bacteroidia; o__Chitinophagales; f__Chitinophagaceae; g__Segetibacter; s__uncultured_Segetibacter	0.8515262004821201
bcb0457604e52857c3d527f0588c5b6e	d__Eukaryota; p__Ascomycota; c__Eurotiomycetes; o__Chaetothyriales; f__Herpotrichiellaceae; g__Fonsecaea	0.8215037727962172
9f2384171a19b54411bbcb98148e9008	d__Eukaryota; p__Basidiomycota; c__Malasseziomycetes; o__Malasseziales; f__Malasseziaceae; g__Malassezia; s__Malassezia_slooffiae	0.9999999999339195
18e82fe119213019d9db22f27f631a4a	d__Eukaryota; p__Basidiomycota; c__Malasseziomycetes; o__Malasseziales; f__Malasseziaceae; g__Malassezia; s__Malassezia_japonica	0.9999999875512203
83edb1390b3b751aac903f2bc54b0a68	d__Eukaryota; p__Ascomycota; c__Saccharomycetes; o__Saccharomycetales; f__Phaffomycetaceae; g__Wickerhamomyces-Candida_clade; s__Wickerhamomyces_anomalus	0.968368844168192
280a40d27273270e91d3e248dd7718f1	d__Eukaryota; p__Phragmoplastophyta; c__Embryophyta; o__Pinophyta; f__Pinophyta; g__Pinophyta; s__Pinus_taeda	0.8235573135326042
45184f437a41ea951e0f7e8f78c376ba	d__Eukaryota; p__Basidiomycota; c__Malasseziomycetes; o__Malasseziales; f__Malasseziaceae; g__Malassezia	0.7111322061441967
ed3f41da7b5f2d86e31951c2146a4f6f	d__Eukaryota; p__Ascomycota; c__Sordariomycetes; o__Hypocreales; f__Incertae_Sedis; g__Sarocladium	0.9630775110482687
cc72e3e78a2fd60843fe80c56f47fd2e	d__Bacteria; p__Actinobacteriota; c__Actinobacteria; o__Micrococcales; f__Promicromonosporaceae	0.999646572438851
857891d8f1bbda1c89b6c25f5a819a41	d__Bacteria; p__Proteobacteria; c__Alphaproteobacteria; o__Rhizobiales; f__Xanthobacteraceae; g__uncultured	0.9175703473456716
b7dd8b6fb9ef9ec9cf7463c5f0730993	d__Bacteria; p__Firmicutes; c__Clostridia; o__Clostridia_UCG-014; f__Clostridia_UCG-014; g__Clostridia_UCG-014	0.9999999996947735
a3093b7be1ec15ebd255d9874e694562	d__Bacteria; p__Firmicutes; c__Bacilli; o__Bacillales; f__Sporolactobacillaceae; g__Sporolactobacillus	0.7039869613608164
e91cfdc47cdf42d50c0d5389458a0cb4	d__Bacteria; p__Bacteroidota; c__Bacteroidia; o__Cytophagales; f__Hymenobacteraceae; g__Hymenobacter; s__Hymenobacter_mucosus	0.9999976209894489
824a3cebe8efea9a0c2d2836b5be3bb6	d__Eukaryota; p__Basidiomycota; c__Pucciniomycetes; o__Pucciniales; f__Pucciniaceae; g__Puccinia; s__uncultured_fungus	0.9190140374338502
f553d8fa963dcb9e9dabaaa434e3e689	d__Bacteria; p__Bacteroidota; c__Bacteroidia; o__Sphingobacteriales; f__Lentimicrobiaceae; g__Lentimicrobiaceae	0.7359799624771315
889f743df309ec0060c2e6dffa41a744	d__Bacteria; p__Bacteroidota; c__Bacteroidia; o__Cytophagales; f__Hymenobacteraceae; g__Hymenobacter; s__Parahymenobacter_ocellatus	0.9669402883174241
2a3fea3df0605a0f5631bc8e21ef8895	d__Eukaryota; p__Vertebrata; c__Mammalia; o__Mammalia; f__Mammalia; g__Mammalia; s__Homo_sapiens	0.9836687209196641
01bdb382e2dfea535dffbe4e92f9c0c4	d__Eukaryota; p__Myxogastria; c__Myxogastria; o__Myxogastria; f__Myxogastria; g__Protophysarum; s__Protophysarum_sp.	0.9999994927118089
50f86f121cf4a2c31a3969e9978b148e	d__Bacteria; p__Firmicutes; c__Clostridia; o__Peptostreptococcales-Tissierellales; f__Peptostreptococcales-Tissierellales; g__Peptoniphilus; s__Peptoniphilus_koenoeneniae	0.9999932029777981
9f635fcba65259fae64e5c783c1860a5	d__Archaea; p__Crenarchaeota; c__Nitrososphaeria; o__Nitrososphaerales; f__Nitrososphaeraceae; g__Candidatus_Nitrososphaera; s__unidentified_archaeon	0.9717470249768008
a7b432fcd15aa8e880dd04ae8a786def	d__Eukaryota; p__Ascomycota; c__Sordariomycetes; o__Glomerellales; f__Plectosphaerellaceae; g__Verticillium; s__uncultured_Dikarya	0.9895645043013782
1712aacf479dd9432006918fae653a95	d__Bacteria; p__Proteobacteria; c__Alphaproteobacteria; o__Rhizobiales; f__Beijerinckiaceae	0.9999296398276768
c01d19c9cac4574a2d190f08c3567baa	d__Bacteria; p__Firmicutes; c__Bacilli; o__Bacillales; f__Bacillaceae	0.9999917114415767
de2da3edcd68dbba5c85bd064edc0b87	d__Bacteria; p__Proteobacteria; c__Gammaproteobacteria; o__Burkholderiales; f__Comamonadaceae; g__Comamonadaceae; s__uncultured_Piscinibacter	0.8001989773217365
75d78ca8f4588728cc97aa1bf751bd4e	d__Bacteria; p__Actinobacteriota; c__Actinobacteria; o__Propionibacteriales; f__Nocardioidaceae; g__Nocardioides	0.9999397251476065
0aaa418ef8bea13f5d5ba50d953cee21	d__Bacteria; p__Actinobacteriota; c__Actinobacteria; o__Bifidobacteriales; f__Bifidobacteriaceae; g__Bifidobacterium; s__Bifidobacterium_animalis	0.8124115290334067
a0ae5b62e8e7b5ece8e5474c269fb722	d__Bacteria; p__Firmicutes; c__Bacilli; o__Alicyclobacillales; f__Alicyclobacillaceae; g__Tumebacillus; s__Tumebacillus_flagellatus	0.886907863442264
3a54750569532676c89a35316344ecee	d__Bacteria; p__Bacteroidota; c__Bacteroidia; o__Flavobacteriales; f__Blattabacteriaceae; g__Blattabacterium; s__Blattabacterium_sp.	0.9936621431708264
49e3bf71c7e901e62ad8a8aee9d79500	d__Bacteria; p__Acidobacteriota; c__Vicinamibacteria; o__Vicinamibacterales; f__uncultured; g__uncultured	0.9970204865580894
b0bf5ae37edc6bfc7bf419232182f4d7	d__Bacteria	0.9874522504209419
e9bc4f0a900a7ac0f72165131b734532	d__Eukaryota; p__Phragmoplastophyta; c__Embryophyta; o__Magnoliophyta; f__Magnoliophyta; g__Magnoliophyta	0.9999392072019591
bdd5a9e13ea6aa095009992b065bba49	d__Eukaryota; p__Phragmoplastophyta; c__Embryophyta; o__Magnoliophyta; f__Magnoliophyta; g__Magnoliophyta	0.9998480397251766
dc62c01b40ee7cf96370427db38dd0cd	d__Bacteria; p__Proteobacteria; c__Gammaproteobacteria; o__Burkholderiales; f__Neisseriaceae; g__uncultured; s__unidentified_marine	0.9999999999972005
d172f3bbcefca92215589142a4791835	d__Bacteria; p__Proteobacteria; c__Alphaproteobacteria; o__Rhodobacterales; f__Rhodobacteraceae; g__uncultured; s__uncultured_Amaricoccus	0.8826635048328659
32b1080bbd3ffb135edbc355db7e42ae	d__Bacteria; p__Firmicutes; c__Bacilli; o__Bacillales; f__Bacillaceae; g__Bacillus	0.7605883296593442
9a13dbb00285ca1bdb5d67d76d5b87e9	d__Eukaryota; p__Ascomycota; c__Sordariomycetes; o__Pleurotheciales; f__Pleurotheciaceae	0.9879235421935373
fe25798238dc2c5688c0cb98a9a4edc7	d__Bacteria; p__Chloroflexi; c__Chloroflexia; o__Thermomicrobiales; f__JG30-KF-CM45; g__JG30-KF-CM45	0.9999996161652283
d9ade72fba6bbdc83a8c1a6650fe89c3	d__Bacteria; p__Proteobacteria; c__Alphaproteobacteria; o__uncultured; f__uncultured; g__uncultured; s__uncultured_Rhodobacteraceae	0.9982952313252567
2f00d0166e452b52f7d4ad579496e479	d__Bacteria; p__Actinobacteriota; c__Actinobacteria; o__Propionibacteriales; f__Propionibacteriaceae; g__Microlunatus; s__uncultured_bacterium	0.8302360142075865
ff76d38fa1125edbe32806711ff225ac	d__Bacteria; p__Bacteroidota; c__Bacteroidia; o__Bacteroidales; f__Bacteroidaceae; g__Bacteroides; s__Bacteroides_graminisolvens	0.9740452247914512
5765da7e3cd3d83a225d4a5b59a8db68	d__Bacteria; p__Bacteroidota; c__Bacteroidia; o__Flavobacteriales; f__Flavobacteriaceae; g__Flavobacterium; s__Flavobacterium_caeni	0.7754752588472013
ba043f217c1aebb431549f65e8a09c54	d__Eukaryota; p__Peronosporomycetes; c__Peronosporomycetes; o__Peronosporomycetes; f__Peronosporomycetes; g__Phytophthora	0.9852824983783506
c65faa7b502bb6f1c950330ad9652016	d__Bacteria; p__Actinobacteriota; c__Actinobacteria; o__Propionibacteriales; f__Propionibacteriaceae; g__Cutibacterium	0.9996079527586541
497b2b38255bba3bdd4a496b6f56dd08	d__Bacteria; p__Actinobacteriota; c__Actinobacteria; o__Corynebacteriales; f__Mycobacteriaceae; g__Mycobacterium	0.9999998407067938
a16bc1f80d567ac973fa8b8c057cc22b	d__Eukaryota; p__Basidiomycota; c__Agaricostilbomycetes; o__Agaricostilbales; f__Agaricostilbaceae; g__Sterigmatomyces; s__Sterigmatomyces_halophilus	0.9006438077528006
4920578ad8a1a21678e86d13d7d4db1a	d__Bacteria; p__Proteobacteria; c__Alphaproteobacteria; o__Caulobacterales; f__Caulobacteraceae; g__Caulobacter	0.9999819633731829
43cd219600b7328ffce26670a9803232	d__Bacteria; p__Actinobacteriota; c__Actinobacteria; o__Micrococcales; f__Intrasporangiaceae; g__Ornithinicoccus	0.8828996276655852
9ec5c2dd2c09a7fc4c18a0f8ddc115ef	d__Bacteria; p__Firmicutes; c__Clostridia; o__Oscillospirales; f__Oscillospiraceae; g__uncultured; s__uncultured_bacterium	0.9195740112411117
a2d9f06151bd3498f4433ea37524cef2	d__Eukaryota; p__Mucoromycota; c__Incertae_Sedis; o__Mucorales	0.9999999719729923
0b220c2af0568b2f7b92070f870f30f8	d__Bacteria; p__Firmicutes; c__Clostridia; o__Lachnospirales; f__Lachnospiraceae; g__Catonella	0.9999999999896141
56209ddcc134eedcd0ab3e7f5ac338e8	d__Bacteria; p__Firmicutes; c__Bacilli; o__Staphylococcales; f__Staphylococcaceae; g__Staphylococcus	0.9930339519936262
133cef97b783b1d743820049bcb7dff8	d__Eukaryota; p__Heterolobosea; c__Tetramitia; o__Tetramitia; f__Tetramitia; g__Allovahlkampfia; s__Allovahlkampfia_sp.	0.9999999999975984
77e1a104c02f3e9288ff143202f364db	d__Bacteria; p__Bacteroidota; c__Bacteroidia; o__Cytophagales; f__Spirosomaceae; g__Spirosoma	0.9999999992337275
7f64b70ec4bd4153c62fd8e1024a4a9b	d__Bacteria; p__Actinobacteriota; c__Actinobacteria; o__Pseudonocardiales; f__Pseudonocardiaceae	0.9613455696343846
ac9269921d2f9b560a3e924f73628427	d__Bacteria; p__Firmicutes; c__Clostridia; o__Peptostreptococcales-Tissierellales; f__Peptostreptococcales-Tissierellales; g__Anaerococcus	0.9999999999965987
27c256abe01c44ba5fad39640a89d13d	d__Bacteria; p__Actinobacteriota; c__Actinobacteria; o__Actinomycetales; f__Actinomycetaceae; g__Actinomyces; s__Schaalia_radingae	0.9999720639780513
82643dab486c07923ad579e379ad2467	d__Eukaryota; p__Phragmoplastophyta; c__Embryophyta; o__Magnoliophyta; f__Magnoliophyta; g__Magnoliophyta	0.9944624473090405
ce4e8255868ae0590c0a5204e73387cb	d__Bacteria; p__Proteobacteria; c__Gammaproteobacteria; o__Diplorickettsiales; f__Diplorickettsiaceae; g__uncultured; s__uncultured_bacterium	0.9912978441880523
d423b2229de06805673d0bf88bd07398	d__Bacteria; p__Proteobacteria; c__Gammaproteobacteria; o__Enterobacterales; f__Enterobacteriaceae; g__Escherichia-Shigella	0.92646820859117
2e12421aac5890e49d27fc71d0ff6d35	d__Bacteria; p__Firmicutes; c__Bacilli; o__Bacillales; f__Bacillaceae; g__Bacillus	0.967861601100646
54d5ded270ea738c42c68bbc9a388926	d__Eukaryota; p__Ascomycota; c__Sordariomycetes; o__Xylariales	0.9389757202535036
c2dc3750def3e07587bfb3eae79fc704	d__Bacteria; p__Firmicutes; c__Negativicutes; o__Veillonellales-Selenomonadales; f__Veillonellaceae; g__Veillonella; s__Veillonella_sp.	0.8191726160538919
19f7efde45d3ae783730418cc62cd471	d__Bacteria; p__Actinobacteriota; c__Actinobacteria; o__Propionibacteriales; f__Nocardioidaceae; g__Nocardioides	0.9993336833897105
37b7a55164e0729e6da943498febc67f	d__Eukaryota; p__Ascomycota; c__Saccharomycetes; o__Saccharomycetales; f__Pichiaceae; g__Pichia; s__Pichia_kudriavzevii	0.9399041776551127
075861544c0b99b7018cc63b489da990	d__Bacteria; p__Proteobacteria; c__Alphaproteobacteria; o__Rhizobiales; f__Beijerinckiaceae; g__Microvirga	0.9942380307090101
ff31c3cf46480a31bcec929c1f8272b9	d__Bacteria; p__Proteobacteria; c__Gammaproteobacteria; o__Burkholderiales; f__Alcaligenaceae; g__Bordetella	0.7617985663641251
c7e88fab88d8a9bce34f49dc0f6de2aa	d__Bacteria; p__Firmicutes; c__Clostridia; o__Peptostreptococcales-Tissierellales; f__Peptostreptococcaceae; g__Clostridioides	0.8646401436695502
9cb1079c7c3898a6b0999fb068339926	d__Bacteria; p__Planctomycetota; c__Phycisphaerae; o__Tepidisphaerales; f__CPla-3_termite_group; g__CPla-3_termite_group; s__metagenome	0.9918764196762578
097ceac07fdf489023516a7e3ef23472	d__Eukaryota; p__Amoebozoa; c__Discosea; o__Vannellida; f__Vannellida; g__Platyamoeba; s__Vannella_sp.	0.885946115691277
e8e5de56eb83096587ed3f6a4e8fcf7e	d__Bacteria; p__Actinobacteriota; c__Acidimicrobiia; o__Microtrichales; f__uncultured; g__uncultured	0.9986734016439435
d22f93799cc69f20c55f18f7254d6ad1	d__Bacteria; p__Proteobacteria; c__Alphaproteobacteria; o__Azospirillales; f__Azospirillaceae	0.7078991580654649
5a2f95e8a1af077adda7ca6e9c4bfb47	d__Eukaryota; p__Cercozoa; c__Glissomonadida; o__Glissomonadida; f__Glissomonadida; g__Heteromita	0.999999996534236
b443d647ae54324cec6639e3c3e0e561	d__Bacteria; p__Proteobacteria; c__Alphaproteobacteria; o__Sphingomonadales; f__Sphingomonadaceae	0.9999314359630693
2bf71124b69de2833a0a95077a092eba	d__Bacteria; p__Firmicutes; c__Negativicutes; o__Veillonellales-Selenomonadales; f__Veillonellaceae; g__Veillonella	0.9999999683311309
1268db0c05134668721054c27fed93dc	d__Eukaryota; p__Vertebrata; c__Mammalia; o__Mammalia; f__Mammalia; g__Mammalia	0.9999997216358865
3af5022c9a0da68ba4094931f1596b2d	d__Eukaryota	0.999954610712878
e213f212cb50fc5588328094eaae22f7	d__Bacteria; p__Bacteroidota; c__Bacteroidia; o__Cytophagales; f__Hymenobacteraceae; g__Hymenobacter; s__Flexibacteraceae_bacterium	0.8545134648690504
44f9e7ca2112a400dabdad0d87e24376	d__Bacteria; p__Firmicutes; c__Bacilli; o__Staphylococcales; f__Staphylococcaceae; g__Staphylococcus	0.8303032260461751
7276a232f89e468238da4aec8545cc3d	d__Bacteria; p__Actinobacteriota; c__Actinobacteria; o__Actinomycetales; f__Actinomycetaceae; g__Varibaculum	0.9999999760493226
714858037dd00a24b5ab96deac90c918	d__Eukaryota; p__Phragmoplastophyta; c__Embryophyta; o__Magnoliophyta; f__Magnoliophyta; g__Magnoliophyta	0.9999999170438311
a0367721eff1099c603242f5f2e6a9b3	d__Bacteria; p__Actinobacteriota; c__Thermoleophilia; o__Gaiellales	0.9999999518612551
cbf65b54fb923ce74c345e31928b361d	d__Archaea; p__Crenarchaeota; c__Nitrososphaeria; o__Nitrososphaerales; f__Nitrososphaeraceae; g__Nitrososphaeraceae	0.9805058394076074
ed9e0b081d1112311a68b8b21f93482c	d__Eukaryota; p__Ascomycota; c__Eurotiomycetes; o__Chaetothyriales	0.9999969729665914
9d88632660eba1df12ce27a5589f1580	d__Bacteria; p__Proteobacteria; c__Gammaproteobacteria; o__Burkholderiales; f__Methylophilaceae; g__Methylophilus	0.893643862219113
d100f0e7626914f62bf01b29eb3c4238	d__Eukaryota; p__Arthropoda; c__Insecta; o__Psocoptera; f__Psocoptera; g__Psocoptera; s__Liposcelidae_sp.	0.935229995114874
e9cc2f476d046f6359dee641dea98447	d__Bacteria; p__Bacteroidota; c__Bacteroidia; o__Bacteroidales; f__Porphyromonadaceae; g__Porphyromonas; s__uncultured_bacterium	0.9226325654193301
3f0daf799f70106d9ff4922c9cce8fd2	d__Eukaryota; p__Ascomycota; c__Sordariomycetes; o__Hypocreales; f__Incertae_Sedis; g__Acremonium; s__Acremonium_blochii	0.9993176649480222
b6651a2dfc652a70a6b945b891d697d4	d__Bacteria; p__Firmicutes; c__Clostridia; o__Peptostreptococcales-Tissierellales; f__Peptostreptococcales-Tissierellales; g__Murdochiella; s__Murdochiella_sp.	0.8588015644396073
cb42e6a0f585feb8db56bb7a0c935963	d__Bacteria; p__Proteobacteria; c__Gammaproteobacteria; o__Burkholderiales; f__Oxalobacteraceae	0.9999507224022395
49614d2b17f3a54d146bad95f73337f6	d__Bacteria; p__Actinobacteriota; c__Actinobacteria; o__Corynebacteriales; f__Corynebacteriaceae; g__Corynebacterium; s__Corynebacterium_frankenforstense	0.9856952693649116
e389e9d076266c82b4bfaf5b2135988c	d__Bacteria; p__Firmicutes; c__Clostridia; o__Lachnospirales; f__Lachnospiraceae; g__Oribacterium	0.999995230429557
6e19eda65652fb1a21271ebcdf0b73ba	d__Bacteria; p__Bacteroidota; c__Bacteroidia; o__Bacteroidales; f__Barnesiellaceae; g__Barnesiella	0.9999999976364148
e12c792edfd940986675d4f6104ad39c	d__Bacteria; p__Actinobacteriota; c__Actinobacteria; o__Corynebacteriales; f__Corynebacteriaceae; g__Corynebacterium	0.9999981353816861
fc080f02b66cb8592958e196b17e0eb7	d__Eukaryota; p__Arthropoda; c__Insecta; o__Diptera; f__Diptera; g__Diptera; s__Lucilia_sericata	0.8873190257165813
5fea45fa5145930aeaa4b7b88ea6d29b	d__Bacteria; p__Actinobacteriota; c__Actinobacteria; o__Micrococcales; f__Brevibacteriaceae; g__Brevibacterium	0.9999981721483949
7830a91dfabc3970a87aa76d43840d2a	d__Bacteria; p__Firmicutes; c__Clostridia; o__Peptostreptococcales-Tissierellales; f__Peptostreptococcales-Tissierellales; g__Anaerococcus; s__Anaerococcus_sp.	0.7080460941677903
3a9962a972fdf84ed0eef4bc1c4525ef	d__Eukaryota; p__Basidiomycota; c__Agaricomycetes; o__Agaricales; f__Psathyrellaceae; g__Psathyrella; s__uncultured_eukaryote	0.7687282117384809
3234455882428f637b03d1465cd934dd	d__Eukaryota; p__Vertebrata; c__Mammalia; o__Mammalia; f__Mammalia; g__Mammalia	0.9999987577086189
7138833ebf26d391fafee26f51f7743f	d__Eukaryota; p__Ascomycota; c__Dothideomycetes; o__Capnodiales; f__Cladosporiaceae; g__Cladosporium	0.8640501480257121
cab61e63b7da6fca859ab3c68bf8eed4	d__Eukaryota; p__Ascomycota; c__Incertae_Sedis; o__Incertae_Sedis; f__Incertae_Sedis; g__Saitoella; s__Saitoella_complicata	0.9999999661238524
fb7061a487644c818116def8e3cbfd32	d__Bacteria; p__Actinobacteriota; c__Actinobacteria; o__Propionibacteriales; f__Nocardioidaceae; g__Nocardioides	0.9999701448879244
14e52e9ac008619477a13267d67350d4	d__Bacteria; p__Proteobacteria; c__Gammaproteobacteria; o__Cellvibrionales; f__Cellvibrionaceae; g__Cellvibrio	0.9999999889483703
b7d00a9a317e7cff6da73a0066b422f4	d__Bacteria; p__Spirochaetota; c__Spirochaetia; o__Spirochaetales; f__Spirochaetaceae; g__Treponema	0.9999999999984931
9fd8057b07800d6e5f9e513e309ee57b	d__Bacteria; p__Campilobacterota; c__Campylobacteria; o__Campylobacterales; f__Campylobacteraceae; g__Campylobacter	0.9999999999986288
66b99fa1e5489739412b5acbc81f0303	d__Bacteria; p__Actinobacteriota; c__Actinobacteria; o__Frankiales; f__uncultured; g__uncultured; s__Actinomycetales_bacterium	0.9369082283320785
7c761e713c651ceeaa6d879ca38946c7	d__Bacteria; p__Actinobacteriota; c__Coriobacteriia; o__Coriobacteriales; f__Eggerthellaceae; g__Cryptobacterium; s__Cryptobacterium_curtum	0.9262835897276476
b374029d407bbae5d8f8de63a1e42329	d__Eukaryota; p__Basidiomycota; c__Cystobasidiomycetes; o__Erythrobasidiales; f__Erythrobasidiaceae; g__Erythrobasidium; s__Erythrobasidium_elongatum	0.7438572983969627
14a83afc56a60969e880728a290da688	d__Eukaryota; p__Ascomycota; c__Saccharomycetes; o__Saccharomycetales; f__Dipodascaceae; g__Yarrowia; s__Yarrowia_lipolytica	0.9999999827054326
4017eab3436138dfaefdac5f6a289b58	d__Eukaryota; p__Phragmoplastophyta; c__Embryophyta; o__Magnoliophyta; f__Magnoliophyta; g__Magnoliophyta	0.9992842850478025
92e4f9f9208678d64514c7d2e96d8b4a	d__Bacteria; p__Firmicutes; c__Clostridia; o__Oscillospirales; f__Ruminococcaceae; g__Incertae_Sedis; s__uncultured_organism	0.9932742714251427
aa08c2747ea27af30c96cd857856c46c	d__Bacteria; p__Verrucomicrobiota; c__Chlamydiae; o__Chlamydiales; f__Parachlamydiaceae; g__Parachlamydia; s__Parachlamydia_acanthamoebae	0.9996722609608156
2ee46cc6779ad8e49a811efc7d0cc69e	d__Eukaryota; p__Vertebrata; c__Mammalia; o__Mammalia; f__Mammalia; g__Mammalia; s__Pan_paniscus	0.9994397766331375
1d8e3572b796cf2964fc0b2848f701a1	d__Bacteria; p__Bdellovibrionota; c__Oligoflexia; o__Oligoflexales; f__uncultured; g__uncultured	0.9999307186010855
c98272f46d3a37fed7216b9bfe7adfc0	d__Bacteria; p__Acidobacteriota; c__Blastocatellia; o__Pyrinomonadales; f__Pyrinomonadaceae; g__RB41	0.999703268432513
9afde50b3e112cc05d3782cc88f5b42b	d__Bacteria; p__Proteobacteria; c__Gammaproteobacteria; o__Enterobacterales; f__Enterobacteriaceae; g__Escherichia-Shigella	0.9125945004260556
f5502253339c06c8ba2f0615c40a4485	d__Bacteria; p__Firmicutes; c__Bacilli; o__Lactobacillales; f__Enterococcaceae	0.872933878506027
0aa2fac3e16adf21539a52b124936044	d__Bacteria; p__Firmicutes; c__Bacilli; o__Lactobacillales; f__Streptococcaceae; g__Streptococcus	0.9915411906142296
c93ad26b06d01b4e74395f7d5242b94d	d__Bacteria; p__Proteobacteria; c__Alphaproteobacteria; o__Rhizobiales; f__Rhizobiaceae; g__Phyllobacterium	0.9865891419346835
3417b35ac6621339f7f77874dd43547a	d__Eukaryota; p__Phragmoplastophyta; c__Embryophyta; o__Magnoliophyta; f__Magnoliophyta; g__Magnoliophyta	0.999981019099621
65c78ac3546c371c715e3ada55da94c1	d__Eukaryota; p__Ascomycota; c__Saccharomycetes; o__Saccharomycetales; f__Metschnikowiaceae; g__Kodamaea; s__Kodamaea_ohmeri	0.7896747897894267
31b9f9c578ad6486dea7eb915c575f31	d__Bacteria; p__Myxococcota; c__bacteriap25; o__bacteriap25; f__bacteriap25; g__bacteriap25	0.9245475831269803
beb10583b1ebff61b4152e8c6edd2206	d__Bacteria; p__Myxococcota; c__Myxococcia; o__Myxococcales; f__Myxococcaceae	0.9999782102116012
22bc5ffcbed974da7e8b86faed152897	d__Eukaryota; p__Cercozoa; c__Imbricatea; o__Spongomonadida; f__Spongomonadida; g__Spongomonas; s__Spongomonas_minima	0.9999999545043333
07cf7a2b77fcf94d1322a97a29ca233e	d__Bacteria; p__SAR324_clade(Marine_group_B); c__SAR324_clade(Marine_group_B); o__SAR324_clade(Marine_group_B); f__SAR324_clade(Marine_group_B); g__SAR324_clade(Marine_group_B)	0.9932860653861145
2b16606475474e5afd5fe3e6a8fce188	d__Bacteria; p__Proteobacteria; c__Alphaproteobacteria; o__Rhizobiales; f__Beijerinckiaceae; g__Methylobacterium-Methylorubrum	0.9984039031646905
1d653d9ad475cee095731e6a6b11249a	d__Eukaryota; p__Phragmoplastophyta; c__Embryophyta; o__Pinophyta; f__Pinophyta; g__Pinophyta	0.9999952382222058
4ec0480aa9f5a93fd0661eb17bd103a6	d__Bacteria; p__Actinobacteriota; c__Actinobacteria; o__Micromonosporales; f__Micromonosporaceae	0.9999993587971924
6a33d9f199cdd19aa883018229709e67	d__Bacteria; p__Bacteroidota; c__Bacteroidia; o__Bacteroidales; f__Prevotellaceae; g__Prevotella; s__Prevotella_scopos	0.886663584149654
7aae5d3b192a46c9dcf95cd66bdfff18	d__Bacteria; p__Firmicutes; c__Bacilli; o__Staphylococcales; f__Staphylococcaceae; g__Staphylococcus	0.9488325381867048
bf6b486f1777034be04a5c5697db439c	d__Bacteria; p__Firmicutes; c__Clostridia; o__Lachnospirales; f__Lachnospiraceae; g__CAG-56; s__uncultured_bacterium	0.9637652091410813
f653ce860adcc91d5713712cb01abb05	d__Bacteria; p__Firmicutes; c__Bacilli; o__Staphylococcales; f__Staphylococcaceae; g__Staphylococcus	0.9957454153823464
f04364cda2ab39dcd4424737c1dbf280	d__Bacteria; p__Actinobacteriota; c__Acidimicrobiia; o__Microtrichales; f__Ilumatobacteraceae; g__uncultured; s__metagenome	0.9399466966070088
5c678ff3aebe24f73efef40e2d59fb85	d__Bacteria; p__Proteobacteria; c__Alphaproteobacteria; o__Acetobacterales; f__Acetobacteraceae; g__Roseomonas; s__Roseomonas_oryzae	0.8681645558499423
84c7231015bc298b7f2e8359e0f29faf	d__Bacteria; p__Proteobacteria; c__Alphaproteobacteria; o__Defluviicoccales; f__Defluviicoccaceae; g__Defluviicoccus; s__uncultured_bacterium	0.9926981871584165
9bc8511295502ab3ef6d37002e56d21e	d__Bacteria; p__Actinobacteriota; c__Actinobacteria; o__Propionibacteriales; f__Nocardioidaceae	0.7448838574636019
7834b2a8e0c8c08d01516b573bdfe0b1	d__Bacteria; p__Firmicutes; c__Bacilli; o__Lactobacillales; f__Lactobacillaceae; g__Lactobacillus; s__Lactobacillus_vaginalis	0.8658859170507628
dbca5295bdea2c94d20fc098ccf12db4	d__Bacteria; p__Proteobacteria; c__Alphaproteobacteria; o__Acetobacterales; f__Acetobacteraceae; g__Gluconobacter	0.9426891309205575
119e2f4a55c3c2a4281c71a82ea44a19	d__Bacteria; p__Actinobacteriota; c__Actinobacteria; o__Propionibacteriales; f__Propionibacteriaceae; g__Propionimicrobium; s__uncultured_bacterium	0.9994714096637224
f60382d45a7914bc475e24141ad6aaf0	d__Bacteria; p__Elusimicrobiota; c__Lineage_IIb; o__Lineage_IIb; f__Lineage_IIb; g__Lineage_IIb; s__uncultured_bacterium	0.9997293070691221
c71040538abb4d3de21c8ea24b33f28e	d__Bacteria; p__Myxococcota; c__Polyangia; o__Polyangiales; f__Sandaracinaceae; g__uncultured; s__uncultured_soil	0.9900894235164616
064e9a6277f6029ac4e4d746fdd9d031	d__Eukaryota; p__Euglenozoa; c__Kinetoplastea; o__Parabodonida; f__Parabodonida; g__Parabodo; s__Neobodo_curvifilus	0.9933233302797796
e2c19e7fb10bd0844d868e0ffe179d4b	d__Bacteria; p__Bacteroidota; c__Bacteroidia; o__Flavobacteriales; f__Flavobacteriaceae	0.9999999849384793
4469988a83db1f55e2d7c9256d759f63	Unassigned	0.3321629111043406
be8d4de29e0d6511812520dff2308296	d__Bacteria; p__Proteobacteria; c__Gammaproteobacteria; o__Burkholderiales; f__Neisseriaceae; g__Alysiella; s__uncultured_bacterium	0.7204712718550551
74faf9ae952046cb3a879e314df6c0d8	d__Bacteria; p__Firmicutes; c__Clostridia; o__Lachnospirales; f__Lachnospiraceae; g__[Ruminococcus]_torques_group	0.9152503105350646
7bfdd4f781ad0defbff3023d6b08466a	d__Bacteria; p__Actinobacteriota; c__Actinobacteria; o__Propionibacteriales; f__Propionibacteriaceae; g__Friedmanniella	0.9997202381557513
d1e6428ae136bd1dd253f4379297256c	d__Bacteria; p__Actinobacteriota; c__Actinobacteria; o__Actinomycetales; f__Actinomycetaceae; g__Actinomyces; s__Winkia_neuii	0.9446184480034532
79d050d799b98102938a60519fc40428	d__Bacteria; p__Actinobacteriota; c__Thermoleophilia; o__Solirubrobacterales; f__67-14; g__67-14; s__metagenome	0.7826466978552516
517b103e04f523fe559e4883ed51fbd1	d__Bacteria; p__Proteobacteria; c__Alphaproteobacteria; o__Rhizobiales; f__Xanthobacteraceae; g__Xanthobacter	0.9891586265782983
9d69a5e51cdd4161deb3d7cb246793ac	d__Eukaryota; p__Vertebrata; c__Mammalia; o__Mammalia; f__Mammalia; g__Mammalia; s__Homo_sapiens	0.9963331517739038
9b06b1919160c7b20f44b3459b02190b	d__Bacteria; p__Firmicutes; c__Bacilli; o__Lactobacillales; f__Streptococcaceae; g__Lactococcus	0.9999262561555039
2e85315c3c28f87f1cb1ec81849eec92	d__Eukaryota; p__Ascomycota	0.9999996364769426
0b3c2fc7353b063eee919956432e5072	d__Bacteria; p__Bacteroidota; c__Bacteroidia; o__Flavobacteriales; f__Weeksellaceae; g__Bergeyella; s__uncultured_bacterium	0.8123175009071592
ba38f6e27a2bdc34c5e133ec5b5d2fa4	d__Bacteria; p__Actinobacteriota; c__Actinobacteria; o__Actinomycetales; f__Actinomycetaceae; g__Actinomyces; s__Winkia_neuii	0.9416454636024384
e3e3b2fbec4a76e5c1da618ee20a1d23	d__Bacteria; p__Firmicutes; c__Clostridia; o__Lachnospirales; f__Lachnospiraceae; g__Sellimonas; s__uncultured_bacterium	0.9629159668918262
6f1a25bfd42e5549c5a4b510d965711f	d__Bacteria; p__Firmicutes; c__Clostridia; o__Peptostreptococcales-Tissierellales; f__Peptostreptococcales-Tissierellales; g__Anaerococcus	0.8265550021294936
860008eb7c893603495dceef635bbd6b	d__Eukaryota; p__Phragmoplastophyta; c__Embryophyta; o__Pinophyta; f__Pinophyta; g__Pinophyta; s__Juniperus_monosperma	0.7348972007209532
fbee61210a56096ad0265414eaae4c6a	d__Bacteria; p__Firmicutes; c__Clostridia; o__Peptostreptococcales-Tissierellales; f__Peptostreptococcales-Tissierellales; g__Anaerococcus; s__Anaerococcus_vaginalis	0.9529819113106515
4b797f4e62cc74fc85fcbdbd9951fffa	Unassigned	0.4668007510780986
6c970f28b304dda65a19ed26098d9477	d__Bacteria; p__Proteobacteria; c__Gammaproteobacteria; o__Vibrionales; f__Vibrionaceae; g__Photobacterium	0.9998623661066696
8e28bea3020b801a4b923570541ca1e4	d__Bacteria; p__Bacteroidota; c__Bacteroidia; o__Chitinophagales; f__Chitinophagaceae; g__Terrimonas	0.9592173408458475
6f2f2ae7abb16d557bc0f82b818690a6	d__Bacteria; p__Proteobacteria; c__Gammaproteobacteria; o__Diplorickettsiales; f__Diplorickettsiaceae; g__uncultured; s__uncultured_bacterium	0.934945506850797
0e10c7d814a41a6379615e47b07725cb	d__Bacteria; p__Campilobacterota; c__Campylobacteria; o__Campylobacterales; f__Campylobacteraceae; g__Campylobacter	0.9999996899940045
1c7871bcbaa82a9013668e3f94d91e7f	d__Bacteria; p__Actinobacteriota; c__Actinobacteria; o__Propionibacteriales; f__Propionibacteriaceae; g__Friedmanniella; s__uncultured_bacterium	0.9604547102739764
faabaf9830944591e9ce0ce22373cd65	d__Bacteria; p__Actinobacteriota; c__Actinobacteria; o__Micrococcales; f__Micrococcaceae; g__Rothia; s__Rothia_amarae	0.7447360664201785
7f13b99e91b33762c6eb51daf7e8eb89	d__Bacteria; p__Proteobacteria; c__Alphaproteobacteria; o__Rhodobacterales; f__Rhodobacteraceae; g__Amaricoccus; s__Amaricoccus_tamworthensis	0.7734695828288978
c067e544319e6d9ccf3a7f09f95600b7	d__Bacteria; p__Bacteroidota; c__Bacteroidia; o__Bacteroidales; f__Prevotellaceae; g__Prevotella; s__Prevotella_shahii	0.9583828042452593
a8058a0d5b8f9d0331ee1fea9e7b8abe	d__Bacteria; p__Campilobacterota; c__Campylobacteria; o__Campylobacterales; f__Campylobacteraceae; g__Campylobacter; s__Campylobacter_gracilis	0.8610683204767766
c963fcd2787cd9ef8f3933dce1aad0a8	d__Bacteria; p__Actinobacteriota; c__Thermoleophilia; o__Solirubrobacterales; f__67-14; g__67-14	0.9997429776301566
73732bb09825406d5c428773442ad3f0	d__Bacteria; p__Bacteroidota; c__Bacteroidia; o__Flavobacteriales; f__Flavobacteriaceae; g__Salinimicrobium	0.9999229098542493
ff979210df1c3dacb2a31040694c55c5	d__Bacteria; p__Gemmatimonadota; c__Gemmatimonadetes; o__Gemmatimonadales; f__Gemmatimonadaceae; g__Gemmatimonas	0.9990726347061116
5b416ac8f562740288d539c27bef3518	d__Bacteria; p__Patescibacteria; c__Gracilibacteria; o__Gracilibacteria; f__Gracilibacteria; g__Gracilibacteria; s__Gracilibacteria_bacterium	0.9999999720434691
d08e098b7b5153fef64e028fbd6afed9	d__Bacteria; p__Firmicutes; c__Bacilli; o__Staphylococcales; f__Staphylococcaceae; g__Staphylococcus	0.9946034792369604
a906278beb940932525400970bfd67e5	d__Bacteria; p__Gemmatimonadota; c__Longimicrobia; o__Longimicrobiales; f__Longimicrobiaceae; g__Longimicrobiaceae; s__uncultured_bacterium	0.9834859227057781
a7319386eb89a8fb891a8b90aa31588e	Unassigned	0.5570919288538049
aa36f9b4abf051dcf7a5092c0dd137f5	d__Bacteria; p__Proteobacteria; c__Alphaproteobacteria; o__Rhodobacterales; f__Rhodobacteraceae; g__Amaricoccus	0.9150087565938163
e09e663e958036168df961988265b973	d__Bacteria; p__Proteobacteria; c__Gammaproteobacteria; o__Xanthomonadales; f__Xanthomonadaceae	0.9999996293570056
f74352f19c9c062a6d2d68a3b7fc2e33	d__Eukaryota; p__Vertebrata; c__Mammalia; o__Mammalia; f__Mammalia; g__Mammalia	0.9999493309767021
994983d1b0b33900a41c06ffdf804755	d__Bacteria; p__Actinobacteriota; c__Actinobacteria; o__Micrococcales; f__Intrasporangiaceae	0.9982015937112003
13849eb4471f28f01133738767a8dd05	d__Bacteria; p__Firmicutes; c__Bacilli; o__Paenibacillales; f__Paenibacillaceae; g__Ammoniphilus; s__Ammoniphilus_oxalaticus	0.9806439282715544
6312651dd798d1d270a38b56a4e1e404	d__Bacteria; p__Chloroflexi; c__Anaerolineae; o__Ardenticatenales; f__Ardenticatenaceae; g__uncultured; s__metagenome	0.999999097920787
c13ab863f7b8d2354e548f2bcaa39e74	d__Bacteria; p__Acidobacteriota; c__Blastocatellia; o__DS-100; f__DS-100; g__DS-100	0.9999999862304845
8e118bbb846deebbe6328aac78785cde	d__Bacteria; p__Planctomycetota; c__Planctomycetes; o__Pirellulales; f__Pirellulaceae; g__Pir4_lineage	0.9970848895607319
fd1efb4a2c7b21856adf3de514b4067a	d__Bacteria; p__Proteobacteria; c__Gammaproteobacteria; o__Burkholderiales; f__Rhodocyclaceae; g__Dechloromonas	0.848122924254823
3a7a625f31fdf0d9bec23f34b57af24d	d__Eukaryota; p__Cercozoa; c__uncultured; o__uncultured; f__uncultured; g__uncultured; s__metagenome	0.9595488789206569
fa7f2eff26aa6de16d36dbe07ec9f98b	d__Eukaryota	0.9999223095569993
d7527be5df069502763e7a4e48094089	d__Eukaryota; p__Basidiomycota; c__Tremellomycetes; o__Cystofilobasidiales; f__Cystofilobasidiaceae; g__Cystofilobasidium	0.939486952863239
c674bbf7ac55637b560381af09dbd944	d__Bacteria; p__Proteobacteria; c__Alphaproteobacteria; o__Rhizobiales; f__Beijerinckiaceae; g__1174-901-12	0.99918485574853
d4b0a4540a2f72ba2afd6cf730f10067	d__Bacteria; p__Proteobacteria; c__Alphaproteobacteria; o__Rhodospirillales; f__uncultured; g__uncultured; s__uncultured_bacterium	0.9036316210318135
1999dfc26826d358f0edb04b3e2752a3	d__Bacteria; p__Proteobacteria; c__Alphaproteobacteria; o__Rhizobiales; f__Xanthobacteraceae	0.9999987143917441
3025c898fe8ba8732365d942d7c1fb66	d__Archaea; p__Halobacterota; c__Halobacteria; o__Halobacterales; f__Halomicrobiaceae; g__Candidatus_Halobonum; s__Halobaculum_sp.	0.9997800423984693
db76a54f1db2236f140497cae9c16a6d	d__Bacteria; p__Firmicutes; c__Bacilli; o__Staphylococcales; f__Staphylococcaceae; g__Staphylococcus	0.9343217389248302
6731dd605761e633faf32df9d294c3c3	d__Eukaryota; p__Basidiomycota; c__Tremellomycetes; o__Filobasidiales; f__Filobasidiaceae	0.9999914130875291
788e33fb89be48507417dac29f1cc521	d__Bacteria; p__Firmicutes; c__Negativicutes; o__Veillonellales-Selenomonadales; f__Veillonellaceae; g__Veillonella	0.999989667872508
f559f40c10a23406d1d180cc78495df3	d__Bacteria; p__Firmicutes	0.9995739300672334
c153bb0d7e3392793c1bcd75bc9b32cb	d__Bacteria; p__Firmicutes; c__Bacilli; o__Lactobacillales; f__Streptococcaceae; g__Streptococcus	0.7368903926309488
ded103f7868a01c6b95eac888601b56d	d__Bacteria; p__Verrucomicrobiota; c__Verrucomicrobiae	0.9999999741194141
23cc54810def653e8cb47af2dfa47825	d__Bacteria; p__Firmicutes; c__Clostridia; o__Lachnospirales; f__Lachnospiraceae	0.9999995204551512
adcf05e9a4164eba94fa161bc659557e	d__Bacteria; p__Firmicutes; c__Bacilli; o__Bacillales; f__Bacillaceae; g__uncultured	0.8314305534384434
34f2c5453a1d5f7878ef18dad65f9b92	d__Bacteria; p__Bacteroidota; c__Bacteroidia; o__Chitinophagales; f__Chitinophagaceae	0.9999994514766
a4db80a6a39eb88e1ffa95ca77b124a8	d__Bacteria; p__Firmicutes; c__Bacilli; o__Lactobacillales; f__Lactobacillaceae; g__Lactobacillus; s__Lactobacillus_delbrueckii	0.9811019720833524
f91f9093a4c05020e0637f8977e28f7e	d__Bacteria; p__Firmicutes; c__Bacilli; o__Lactobacillales; f__Carnobacteriaceae; g__Alloiococcus; s__bacterium_1	0.9246373713816906
1cf0c7b1babe8d410b1fafcd348c3884	d__Eukaryota; p__Phragmoplastophyta; c__Embryophyta; o__Magnoliophyta; f__Magnoliophyta; g__Magnoliophyta	0.9998390437199319
5dcb7049b0a18c3bcc9a9d58c0b76541	d__Bacteria; p__Firmicutes; c__Clostridia; o__Clostridia; f__Hungateiclostridiaceae; g__Fastidiosipila; s__Fastidiosipila_sanguinis	0.9411808329189999
15b8d38910e71f4a2c884f9fac58dd86	d__Bacteria; p__Bacteroidota; c__Bacteroidia; o__Sphingobacteriales; f__Sphingobacteriaceae; g__Sphingobacterium; s__Flavobacterium_sp.	0.9040615500575366
927c8338fc5074984a72346ace61c72f	d__Eukaryota; p__Phragmoplastophyta; c__Embryophyta; o__Pinophyta; f__Pinophyta; g__Pinophyta	0.9999999302053314
3b1458c0de2d607400b7a2357652bccf	d__Bacteria; p__Proteobacteria; c__Alphaproteobacteria; o__Sphingomonadales; f__Sphingomonadaceae; g__Sphingobium	0.9708866295725292
61c2ac087550562e00975680a6f9dd3c	d__Bacteria; p__Actinobacteriota; c__Actinobacteria; o__Propionibacteriales; f__Propionibacteriaceae; g__Cutibacterium	0.999821703094664
e208fb289a03a6727811d6b9a4b57f2a	d__Eukaryota; p__Phragmoplastophyta; c__Embryophyta; o__Magnoliophyta; f__Magnoliophyta; g__Magnoliophyta	0.9999999949184927
a43b3119661ad194022773d802353b7d	d__Bacteria; p__Gemmatimonadota; c__Longimicrobia; o__Longimicrobiales; f__Longimicrobiaceae; g__YC-ZSS-LKJ147; s__uncultured_bacterium	0.9672736804127572
8c2b1e73759b056067fb703b338d00cf	d__Bacteria; p__Cyanobacteria; c__Cyanobacteriia; o__Chloroplast; f__Chloroplast; g__Chloroplast	0.9999999999995302
baf2e7f2f470eed4c299d0fe1c61d713	d__Eukaryota; p__Ascomycota; c__Sordariomycetes; o__Hypocreales	0.9699563940148221
c2fd8702da4860c82fca32ebd822d295	d__Bacteria; p__Actinobacteriota; c__Actinobacteria; o__Frankiales; f__Geodermatophilaceae; g__Modestobacter	0.9797782743053789
14a49661c9aef71cd4e82bb85286cbac	d__Bacteria; p__Actinobacteriota; c__Actinobacteria; o__Propionibacteriales; f__Propionibacteriaceae; g__Propionibacterium	0.9999999998029966
181e91d8e1bc87f0c67b0dccbdd8a0e1	d__Bacteria; p__Myxococcota; c__Polyangia; o__Polyangiales; f__Sandaracinaceae; g__uncultured	0.9995742432361777
b7e83c22c8686d252ec45ac7ab521d29	d__Bacteria; p__Proteobacteria; c__Gammaproteobacteria; o__Burkholderiales; f__Neisseriaceae; g__Neisseria	0.9801022206995699
ef2b074b95b0c4eb00edb1809b09e120	d__Bacteria; p__Bacteroidota; c__Bacteroidia; o__Cytophagales; f__Microscillaceae; g__uncultured; s__uncultured_prokaryote	0.9997489851841035
e581bdb4eebb3d3bc0cd87871d545097	d__Bacteria; p__Actinobacteriota; c__Actinobacteria	0.9999769025966849
b19e209a56a5eecf6f6d39eff090fb3b	d__Bacteria; p__Firmicutes; c__Bacilli; o__Lactobacillales; f__Lactobacillaceae; g__Lactobacillus	0.9999990646998764
c69385577949e2966f671e1e0ecb4299	d__Eukaryota; p__Phragmoplastophyta; c__Embryophyta; o__Magnoliophyta; f__Magnoliophyta; g__Magnoliophyta	0.9999988769697575
ff9cb444c30b4b7343c152c1ff334944	d__Bacteria; p__Proteobacteria; c__Gammaproteobacteria; o__Pasteurellales; f__Pasteurellaceae; g__Haemophilus	0.8819016284254241
f3fff670f4a125147f6b1cd4a44eae96	d__Eukaryota; p__Ascomycota; c__Sordariomycetes; o__Glomerellales; f__Plectosphaerellaceae	0.9999999623472339
b5919fc3ae787aae424e16660f6e42b4	d__Bacteria; p__Proteobacteria; c__Gammaproteobacteria; o__Burkholderiales; f__Neisseriaceae; g__uncultured; s__uncultured_bacterium	0.9999875548829982
14650c2b0df4df6d04a2d9dc058e6531	d__Bacteria; p__Actinobacteriota; c__Actinobacteria; o__Micrococcales; f__Brevibacteriaceae; g__Brevibacterium	0.9999989616382505
97bbf66f3726cc3d2bf9e57b24a17c5e	d__Eukaryota	0.9984041676071027
cb15280c4d35fe672109d05d127865bd	Unassigned	0.49456299097581247
964ade5915b5529bd81103ed7ead3ce3	d__Bacteria; p__Firmicutes; c__Negativicutes; o__Veillonellales-Selenomonadales; f__Veillonellaceae; g__Veillonella	0.9944279154199
32db954d8f30e7b73b562cbdb55cd0e6	d__Bacteria; p__Actinobacteriota; c__Actinobacteria; o__Corynebacteriales; f__Corynebacteriaceae; g__Lawsonella	0.9999998729268487
fafccb37f46a407e2d209b9f1be7dd33	d__Bacteria; p__Proteobacteria; c__Alphaproteobacteria; o__Sphingomonadales; f__Sphingomonadaceae; g__Sphingobium	0.9805716692640667
a161144f6e124440dafbdf7810bac5aa	d__Bacteria; p__Cyanobacteria; c__Cyanobacteriia; o__Chloroplast; f__Chloroplast; g__Chloroplast	0.9875567067705866
528e3b93c9b6827567f858ba6cf85f03	d__Bacteria; p__Bacteroidota; c__Bacteroidia; o__Flavobacteriales; f__Flavobacteriaceae; g__Flavobacterium	0.9999960525885709
039b2f68eab8b720e2f954121a911030	d__Bacteria; p__Actinobacteriota; c__Acidimicrobiia; o__Microtrichales; f__uncultured; g__uncultured; s__uncultured_Actinomycetales	0.9724015091887896
8f23f32d573a3c67fc06b395be16f55b	d__Bacteria; p__Actinobacteriota; c__Acidimicrobiia; o__Microtrichales; f__uncultured; g__uncultured; s__uncultured_bacterium	0.9113397572677221
3ac5e5150f1b81853e1b7770144cdae1	d__Bacteria; p__Firmicutes; c__Bacilli; o__Paenibacillales; f__Paenibacillaceae; g__Paenibacillus; s__uncultured_Firmicutes	0.997352081093921
4ac44ba95177eb919a93543379149e89	d__Bacteria; p__Verrucomicrobiota; c__Verrucomicrobiae; o__Chthoniobacterales; f__Chthoniobacteraceae; g__Chthoniobacter; s__uncultured_bacterium	0.8728607625417125
e7e09f7b008190ed058d983620bd24c0	d__Bacteria; p__Proteobacteria; c__Gammaproteobacteria; o__Enterobacterales; f__Morganellaceae; g__Buchnera; s__uncultured_bacterium	0.8288820952922571
89420bfd31851e72c6f893400f223533	d__Bacteria; p__Bacteroidota; c__Bacteroidia; o__Flavobacteriales; f__Flavobacteriaceae; g__Capnocytophaga	0.9999999997932917
d121b987b7d5530f500c4d21130dc4d8	d__Bacteria; p__Proteobacteria; c__Gammaproteobacteria; o__Xanthomonadales; f__Xanthomonadaceae; g__Lysobacter	0.9982256446202104
ecbca3e15e55b186ace31b249e60cc27	d__Bacteria; p__Bacteroidota; c__Bacteroidia; o__Bacteroidales; f__Prevotellaceae; g__Prevotella; s__Prevotella_jejuni	0.8866456484056002
8619c734d8e4c1a71a0a8c45fdd785e5	d__Bacteria; p__Proteobacteria; c__Gammaproteobacteria; o__Pseudomonadales; f__Moraxellaceae; g__Psychrobacter	0.9999998612599039
853dd271137f1d0dcfe1c85fe7b7c997	d__Bacteria; p__Bacteroidota; c__Bacteroidia; o__Bacteroidales; f__Porphyromonadaceae; g__Porphyromonas	0.9999385501500284
4b030a94ae9b4d0bf62a9467b6350e4e	d__Eukaryota; p__Basidiomycota; c__Malasseziomycetes; o__Malasseziales; f__Malasseziaceae; g__Malassezia; s__Malassezia_globosa	0.7361277288988493
e2870b07a1da960777bcabbf9a8ca5b8	d__Bacteria; p__Entotheonellaeota; c__Entotheonellia; o__Entotheonellales; f__Entotheonellaceae; g__Candidatus_Entotheonella; s__uncultured_delta	0.9956414100355292
397ddc81642afd3df4c8b15e9b8abdea	d__Bacteria; p__Verrucomicrobiota; c__Verrucomicrobiae; o__Verrucomicrobiales; f__Rubritaleaceae; g__Roseibacillus	0.9927086037451875
09d72ac46c392cfecace7cd3ba1a0cec	d__Bacteria; p__Actinobacteriota; c__Actinobacteria; o__Micrococcales; f__Microbacteriaceae	0.9913634174473447
4699febcd5bdf78db7a4ac2948cb6326	d__Bacteria; p__Spirochaetota; c__Spirochaetia; o__Spirochaetales; f__Spirochaetaceae; g__Treponema	0.9999999999988308
333212ff3f280bf37ca26a4a3ab72098	d__Bacteria; p__Proteobacteria; c__Gammaproteobacteria; o__Pseudomonadales; f__Pseudomonadaceae; g__Pseudomonas	0.9956551429468079
8e7a28d76eb2467ccbb6a964b12be328	d__Eukaryota; p__Vertebrata; c__Mammalia; o__Mammalia; f__Mammalia; g__Mammalia; s__Homo_sapiens	0.9987075731360898
fc89f69481ead4610fdc528e91955540	d__Bacteria; p__Firmicutes; c__Bacilli; o__Lactobacillales; f__Streptococcaceae; g__Streptococcus	0.9836560032523759
65bcf6c20bd75dd414946357d5da27be	d__Bacteria; p__Firmicutes; c__Bacilli; o__Staphylococcales; f__Staphylococcaceae; g__Staphylococcus	0.8819103249183334
30052cae9f040f9ac81a36b2f3f95841	d__Bacteria; p__Firmicutes; c__Bacilli	0.9534325132154882
c4e25bb8b59e61c2a51807cf265b4c6d	d__Bacteria; p__Actinobacteriota; c__Actinobacteria; o__Pseudonocardiales; f__Pseudonocardiaceae; g__Pseudonocardia	0.9997705203714395
429e4a188b3623fb36b500434c692b2e	d__Bacteria; p__Cyanobacteria; c__Cyanobacteriia; o__Chloroplast; f__Chloroplast; g__Chloroplast; s__Solanum_arcanum	0.7176015658968927
83f30ec19f3e37546391ae25d7ff97c1	d__Bacteria; p__Proteobacteria; c__Gammaproteobacteria; o__Enterobacterales	0.9957354924363818
3c4e30e0a298d4bd789f78b84679887f	d__Bacteria; p__Proteobacteria; c__Alphaproteobacteria; o__Rickettsiales; f__Mitochondria; g__Mitochondria	0.999999999773192
20a9ad6ce5844a0dd68c4e5ece74ef90	Unassigned	0.4960022953766552
c41c2449ff97d809dd4ad4d541ae2e31	d__Bacteria; p__Verrucomicrobiota; c__Chlamydiae; o__Chlamydiales; f__Simkaniaceae; g__uncultured; s__metagenome	0.9758623345538076
f5803185f5d0ceefce038c6fa347445f	d__Bacteria; p__Proteobacteria; c__Gammaproteobacteria; o__Pasteurellales; f__Pasteurellaceae	0.999928395143213
4e7090a12d1c9d1ec62827791a5727f2	d__Bacteria; p__Firmicutes; c__Clostridia; o__Peptostreptococcales-Tissierellales; f__Peptostreptococcales-Tissierellales; g__Finegoldia	0.9999999999619453
3d9a480429060f147fe253a119086e04	d__Eukaryota; p__Ascomycota; c__Saccharomycetes; o__Saccharomycetales; f__Metschnikowiaceae; g__Metschnikowia	0.9999999999968583
7c4edeef8a96304a87e0d07ebdb86270	d__Bacteria; p__Patescibacteria; c__Saccharimonadia; o__Saccharimonadales; f__Saccharimonadaceae; g__Saccharimonadaceae; s__uncultured_bacterium	0.9987894942694355
ffa25ffd345b4e22159e44c9e8ce09bf	d__Bacteria; p__Firmicutes; c__Clostridia; o__Oscillospirales; f__Butyricicoccaceae; g__Butyricicoccus	0.9999999609225968
963c185b5e78817355c6268329bb6e8f	d__Bacteria; p__Firmicutes; c__Bacilli; o__Lactobacillales; f__Streptococcaceae; g__Streptococcus; s__Streptococcus_rupicaprae	0.9889911104060738
cc717701faf649d8f4b1c396412c5586	d__Bacteria; p__Firmicutes; c__Bacilli; o__Staphylococcales; f__Staphylococcaceae; g__Staphylococcus	0.9675352871071281
a9870fb4fa2743a76b53bf5e950921f6	d__Bacteria; p__Cyanobacteria; c__Cyanobacteriia; o__Chloroplast; f__Chloroplast; g__Chloroplast	0.9999999999931662
cd8d540a8d2270fd7b90275a3918c84b	d__Eukaryota; p__Ascomycota; c__Dothideomycetes; o__Capnodiales	0.7332956556264644
093dcd767f02f3a3ddd0b23dc95a6db1	d__Bacteria; p__Actinobacteriota; c__Actinobacteria; o__Corynebacteriales; f__Corynebacteriaceae; g__Corynebacterium	0.9999980208498419
53773bd42922f2eb95a10eb867f3d51e	d__Bacteria; p__Proteobacteria; c__Gammaproteobacteria; o__Pasteurellales; f__Pasteurellaceae	0.9998212405271167
fed74983c9331b1e0f28ed16889e5025	d__Bacteria; p__Firmicutes; c__Bacilli; o__Staphylococcales; f__Staphylococcaceae; g__Staphylococcus	0.831370020264975
3997c6b7babc8c4c63a158a06b89be77	d__Eukaryota; p__Phragmoplastophyta; c__Embryophyta; o__Magnoliophyta; f__Magnoliophyta; g__Magnoliophyta; s__Populus_trichocarpa	0.8221868218918601
e87a340b8b14405eedea90794b1f1a8b	d__Bacteria; p__Proteobacteria; c__Gammaproteobacteria; o__Alteromonadales; f__uncultured; g__uncultured; s__Idiomarina_sp.	0.9984518653471552
9a6d944ae40a2190971c83413a78de59	d__Bacteria; p__Proteobacteria; c__Alphaproteobacteria; o__Sphingomonadales; f__Sphingomonadaceae; g__Sphingomonas; s__Sphingomonas_aerophila	0.7535364314698122
8f17f08ed81516b813ee27d17dcdc39e	d__Bacteria; p__Proteobacteria; c__Gammaproteobacteria; o__Burkholderiales; f__Neisseriaceae; g__uncultured; s__uncultured_bacterium	0.9333026846638068
6835566b4261dbeea533ef8cedacfbed	d__Bacteria; p__Planctomycetota; c__Planctomycetes; o__Gemmatales; f__Gemmataceae; g__uncultured; s__metagenome	0.7464764404887863
d6415c96f8de43e4857c56b4e20fb52d	d__Bacteria; p__Firmicutes; c__Bacilli; o__Staphylococcales; f__Staphylococcaceae; g__Staphylococcus	0.99966099429938
7b8b0ff3f622402e7fc21b1a254496de	d__Bacteria; p__Gemmatimonadota; c__Gemmatimonadetes; o__Gemmatimonadales; f__Gemmatimonadaceae; g__uncultured	0.9999998195562885
03d483ce91b5cb6ceff79b00c3a3d128	d__Bacteria; p__Chloroflexi; c__KD4-96; o__KD4-96; f__KD4-96; g__KD4-96	0.9999999740279852
208f7ac474927bfe6824a0626db88d8b	d__Bacteria; p__Proteobacteria; c__Gammaproteobacteria; o__Cardiobacteriales; f__Cardiobacteriaceae; g__Cardiobacterium	0.9701402546609196
acb7a9b0800e64c0951e8d63585b81ee	d__Bacteria; p__Firmicutes; c__Bacilli; o__Paenibacillales; f__Paenibacillaceae; g__Paenibacillus	0.9989649887876584
562fa05452f9216fae36ff71eef8caff	d__Bacteria; p__Proteobacteria; c__Gammaproteobacteria; o__Pasteurellales; f__Pasteurellaceae	0.9974999657231872
ad345d56042415b332a041ee46cba0d8	d__Bacteria; p__Firmicutes; c__Clostridia; o__Peptostreptococcales-Tissierellales; f__Peptostreptococcales-Tissierellales; g__Anaerococcus	0.9999999999991331
0631993754a2cc0be78fe24d6b7bfce0	d__Bacteria; p__Firmicutes; c__Bacilli; o__Staphylococcales; f__Staphylococcaceae; g__Staphylococcus	0.9928088748369783
d2c21f05ae35de04d1774da03c5b21a0	d__Bacteria; p__Proteobacteria; c__Gammaproteobacteria; o__Burkholderiales; f__Alcaligenaceae	0.9999981244120957
817a9f02e94cc351d12a8f47cd15e509	d__Bacteria; p__Proteobacteria; c__Alphaproteobacteria; o__Rhizobiales; f__Rhizobiaceae; g__Aureimonas	0.8978268667189558
e40a3ab667481d6c5e20a9dd73930d3e	d__Bacteria; p__Firmicutes; c__Bacilli; o__Lactobacillales; f__Lactobacillaceae; g__Lactobacillus; s__Lactobacillus_iners	0.9996269875978465
e48b139bd80d9c0f68ebfe23054f3d95	d__Bacteria	0.9999999999999035
de16c152dd00bc410c2bc27b8348a183	d__Bacteria; p__Proteobacteria; c__Gammaproteobacteria; o__Xanthomonadales; f__Xanthomonadaceae; g__Stenotrophomonas	0.9999958355508813
788cb24ca3b7b0df91e7fd5b6a0620af	d__Bacteria; p__Proteobacteria; c__Alphaproteobacteria; o__Sphingomonadales; f__Sphingomonadaceae; g__Sphingobium	0.9782432172352868
8411c9dc3018a7479e8f3f62eb9c8aa1	d__Eukaryota; p__Phragmoplastophyta; c__Embryophyta; o__Magnoliophyta; f__Magnoliophyta; g__Magnoliophyta	0.9999997560399486
18787793b094cbbce03a1de368930888	d__Eukaryota; p__Ascomycota; c__Sordariomycetes; o__Glomerellales; f__Plectosphaerellaceae	0.9999990432485607
9bfab3ad7df9d10ac18674a55a6b6106	d__Bacteria; p__Proteobacteria; c__Alphaproteobacteria; o__Rhizobiales; f__Devosiaceae; g__Devosia	0.999802951915692
3d3d37d008882176275d825b93016dfa	d__Bacteria; p__Proteobacteria; c__Alphaproteobacteria; o__Sphingomonadales; f__Sphingomonadaceae	0.9953917767605438
091ef723a0a91668f1c15099da63a9e5	d__Bacteria; p__Proteobacteria; c__Gammaproteobacteria; o__Pseudomonadales; f__Pseudomonadaceae; g__Pseudomonas	0.9951575019329564
4575f88479d67343693d938319b4e525	d__Bacteria; p__Proteobacteria; c__Gammaproteobacteria; o__Enterobacterales; f__Morganellaceae; g__Buchnera; s__Buchnera_aphidicola	0.8023103494704676
3db53110f4c2d67b26afd589ffcf3f91	d__Bacteria; p__Proteobacteria; c__Gammaproteobacteria; o__Pseudomonadales; f__Pseudomonadaceae; g__Pseudomonas	0.9468836491726486
9d9376c69dbeb757d8aabb5e567e555a	d__Eukaryota; p__Phragmoplastophyta; c__Embryophyta; o__Magnoliophyta; f__Magnoliophyta; g__Magnoliophyta	0.9999564875398325
fcb203d5b47646f3fc8cf10477eb9934	d__Bacteria; p__Firmicutes; c__Bacilli; o__Lactobacillales; f__Lactobacillaceae; g__Lactobacillus	0.8527343771648032
5f417643a4ceedc2d96744eef3abb9e3	d__Bacteria; p__Firmicutes; c__Bacilli; o__Staphylococcales; f__Staphylococcaceae; g__Staphylococcus	0.990423194872405
341b434ace5c32e2f6734ca815ebf376	d__Eukaryota; p__Phragmoplastophyta; c__Embryophyta; o__Magnoliophyta; f__Magnoliophyta; g__Magnoliophyta; s__Allium_cepa	0.9037167556513608
09bfc62fdd6e58346353420a55ee815a	d__Bacteria; p__Bacteroidota; c__Bacteroidia; o__Bacteroidales; f__Prevotellaceae; g__Prevotella; s__Prevotella_dentalis	0.8483946569526283
691f382b524a7376fa23f6fee650b4d1	d__Bacteria; p__Firmicutes; c__Bacilli; o__Staphylococcales; f__Gemellaceae; g__Gemella	0.8936395233669325
2b616d7fdaa29f796326d936650e1ba8	d__Bacteria; p__Firmicutes; c__Clostridia; o__Peptostreptococcales-Tissierellales; f__Peptostreptococcales-Tissierellales; g__Anaerococcus; s__Anaerococcus_nagyae	0.9148948504886157
75e584d19c71666958f45bddf7bdef86	d__Bacteria; p__Bacteroidota; c__Bacteroidia; o__Cytophagales; f__Hymenobacteraceae; g__Hymenobacter	0.9999986768231248
0b6e36375ccf3334618edeff98f81fd5	d__Bacteria; p__Bacteroidota; c__Bacteroidia; o__Bacteroidales; f__Prevotellaceae; g__Prevotella	0.9996743706192516
46b404bbaf762e4e4f5c16071e841ed0	d__Bacteria; p__Proteobacteria; c__Alphaproteobacteria; o__Rhizobiales; f__Rhizobiaceae; g__Allorhizobium-Neorhizobium-Pararhizobium-Rhizobium	0.9979540290462703
a55ebf1bbfcd852a4604f8b9916215a6	d__Bacteria; p__Firmicutes; c__Bacilli; o__Aneurinibacillales; f__Aneurinibacillaceae; g__Aneurinibacillus; s__uncultured_bacterium	0.9999988990725747
17135ac4ef4607a5b7fdaedf0e06c202	d__Bacteria; p__Firmicutes; c__Bacilli; o__Lactobacillales; f__P5D1-392; g__P5D1-392; s__Granulicatella_sp.	0.7119334186539733
70ae372c275e3040d005dc297566ffd1	d__Bacteria; p__Verrucomicrobiota; c__Chlamydiae; o__Chlamydiales; f__Parachlamydiaceae; g__Neochlamydia	0.7290117106819392
7980125e91494c80d723ecd18a72df46	d__Bacteria; p__Gemmatimonadota; c__BD2-11_terrestrial_group; o__BD2-11_terrestrial_group; f__BD2-11_terrestrial_group; g__BD2-11_terrestrial_group; s__uncultured_soil	0.981162761261089
968684734613ea1535871f694b60d57c	d__Eukaryota; p__Protalveolata; c__Colpodellida; o__Colpodellida; f__Colpodellida; g__Colpodella; s__uncultured_eukaryote	0.9850039329330185
ba4d218db08ff29af82706a8673c4a7e	d__Bacteria; p__Actinobacteriota; c__Acidimicrobiia; o__IMCC26256; f__IMCC26256; g__IMCC26256; s__uncultured_bacterium	0.921247658202148
ff924745a7ecdd2ebff9c45e8dd9d674	d__Bacteria; p__Actinobacteriota; c__Coriobacteriia; o__Coriobacteriales; f__Coriobacteriaceae; g__Collinsella	0.9999999338212295
a302c2c4bde8ef3ee784b2f9fe4f4b2b	d__Bacteria; p__Bacteroidota; c__Bacteroidia; o__Bacteroidales; f__Prevotellaceae; g__Prevotella; s__Prevotella_shahii	0.9814729571515328
6e4309fe6fd99fd9011edec867d01e3c	d__Bacteria; p__Actinobacteriota; c__Acidimicrobiia; o__Microtrichales; f__Ilumatobacteraceae; g__uncultured	0.9748684802574805
1952ebc0fc62fa77e50017bc29d4a82a	d__Bacteria; p__Actinobacteriota; c__Actinobacteria; o__Propionibacteriales; f__Nocardioidaceae; g__Nocardioides	0.9801220804934437
1c134d0051be48e3f16f2cb652d6142f	d__Bacteria; p__Firmicutes; c__Clostridia; o__Lachnospirales; f__Defluviitaleaceae; g__Defluviitalea	0.9991682035404879
f28cc19695008939f7b0e74aeccf5821	d__Bacteria; p__Planctomycetota; c__Phycisphaerae; o__Tepidisphaerales; f__WD2101_soil_group; g__WD2101_soil_group; s__uncultured_Planctomycetia	0.7064703786663349
bcd94b211ec0d4a3fde1030fe55e3a2c	d__Bacteria; p__Actinobacteriota; c__Actinobacteria; o__Micrococcales; f__Micrococcaceae; g__Micrococcus	0.8308479948842613
ffda3be7d48261f9cf504581f6ae196d	d__Bacteria; p__Firmicutes; c__Bacilli; o__Lactobacillales; f__Streptococcaceae; g__Lactococcus; s__Enterococcus_sp.	0.9480533655315236
cdb13382ab81c0dec0dfc5febc18e344	d__Bacteria; p__Proteobacteria; c__Gammaproteobacteria; o__Burkholderiales; f__Neisseriaceae; g__Neisseria	0.9844903003203793
0fcfa471337224d7d887db05a07a418f	d__Bacteria	0.7952521834128626
9d69ee2562da080ff0779bcc3a9dc333	d__Bacteria; p__Fusobacteriota; c__Fusobacteriia; o__Fusobacteriales; f__Fusobacteriaceae; g__Fusobacterium	0.9999786001482235
c67d56456331a711bc89fca0fed4097b	d__Bacteria; p__Proteobacteria; c__Gammaproteobacteria; o__Enterobacterales; f__Enterobacteriaceae	0.9088143856204957
a40e00aa3f27397e526a9f7ffebf88fb	d__Bacteria; p__Firmicutes; c__Bacilli; o__Staphylococcales; f__Staphylococcaceae; g__Staphylococcus	0.9843887176166903
49fbfff63f0aa47969ec24ce042c049f	d__Bacteria; p__Actinobacteriota; c__Actinobacteria; o__Propionibacteriales; f__Propionibacteriaceae; g__Cutibacterium	0.9758232201611402
8bf4f6d947885e31aecb7f0e1cb4898e	d__Bacteria; p__Actinobacteriota; c__Actinobacteria; o__Propionibacteriales; f__Propionibacteriaceae; g__Cutibacterium	0.9999738140052462
71d799d8d3af26d777698638f6cb71a2	Unassigned	0.4912499410323887
fe5a515daeaecf5cbc03b60e26fe32bc	d__Bacteria; p__Verrucomicrobiota; c__Chlamydiae; o__Chlamydiales; f__cvE6; g__cvE6; s__metagenome	0.9817425946561823
28185dda724315b94f5deaf35aa1ad51	d__Bacteria; p__Bacteroidota; c__Bacteroidia; o__Bacteroidales; f__Prevotellaceae; g__Prevotella; s__Prevotella_disiens	0.9999985615348778
1b79f7228e74d37864b0fea7f63c3676	d__Bacteria; p__Proteobacteria; c__Alphaproteobacteria; o__Acetobacterales; f__Acetobacteraceae; g__Roseomonas	0.9951025088923816
f8d624240479c6976a1dcb908daefa9a	d__Eukaryota; p__Phragmoplastophyta; c__Embryophyta; o__Pinophyta; f__Pinophyta; g__Pinophyta	0.9999996539731821
f507f3b5c68c895e88ec880f39fae8b3	d__Bacteria; p__Proteobacteria; c__Gammaproteobacteria; o__Pseudomonadales; f__Moraxellaceae; g__Acinetobacter	0.9984230516445871
0c49f52a0e4e265bbb34b110d7cde7c3	d__Bacteria; p__Sumerlaeota; c__Sumerlaeia; o__Sumerlaeales; f__Sumerlaeaceae; g__Sumerlaea; s__metagenome	0.91609871922593
864a5c37bcf1b2717209cf5f1c4503d6	d__Bacteria; p__Actinobacteriota; c__Actinobacteria; o__Propionibacteriales; f__Propionibacteriaceae; g__Cutibacterium	0.9995899756832685
11ec8a84507975d92e17337f8ce60ed4	d__Eukaryota; p__Ciliophora; c__Intramacronucleata; o__Conthreep; f__Colpodea; g__uncultured; s__uncultured_Eimeriidae	0.7970425538345841
06a65480f930176765353f3032d48300	d__Bacteria; p__Firmicutes; c__Bacilli; o__Staphylococcales; f__Staphylococcaceae; g__Staphylococcus	0.9979868301137538
8974913b72ae61e9d7abab882feafc0f	d__Eukaryota; p__Vertebrata; c__Mammalia; o__Mammalia; f__Mammalia; g__Mammalia	0.9999958878078129
4f60ac4b2acc866ddc1d24a12db639fb	d__Bacteria; p__Bacteroidota; c__Bacteroidia; o__Flavobacteriales; f__Flavobacteriaceae; g__Salinimicrobium; s__uncultured_Bacteroidetes	0.8321245107771358
b2adf1961bc6e89456121141f054329e	d__Eukaryota	0.999998762937203
4f1f9ac1c546eb4b76bc47ffdd22cf65	d__Bacteria; p__Firmicutes; c__Bacilli; o__Staphylococcales; f__Staphylococcaceae; g__Staphylococcus	0.946628155307537
e5cb697d020ce11e9d74968db7d93e61	d__Bacteria; p__Proteobacteria; c__Alphaproteobacteria; o__Rhizobiales; f__Devosiaceae; g__Devosia	0.9421081277242261
f379380c4f36a440b72294ab7f63596b	d__Bacteria; p__Bacteroidota; c__Bacteroidia; o__Bacteroidales; f__Tannerellaceae; g__Tannerella; s__uncultured_Bacteroidetes	0.7552030566228406
db0029e83738f35b70a5d7dbf0b34a0c	d__Eukaryota; p__Phragmoplastophyta; c__Embryophyta; o__Magnoliophyta; f__Magnoliophyta; g__Magnoliophyta; s__Solanum_lycopersicum	0.9999998341120029
d64041f8ea192142e3a748fb99814832	d__Bacteria; p__Proteobacteria; c__Gammaproteobacteria; o__Enterobacterales; f__Enterobacteriaceae	0.8051953793953044
aac31ff7d5e9ee6dccbafaad494d0f9b	d__Bacteria; p__Proteobacteria; c__Gammaproteobacteria; o__Pseudomonadales; f__Moraxellaceae; g__Acinetobacter	0.9976022351722386
ebd355e1a7c91ae725dea9d5c1c1dd6a	d__Bacteria; p__Actinobacteriota; c__Actinobacteria; o__Propionibacteriales; f__Propionibacteriaceae; g__Cutibacterium	0.997446838737118
f91977029fb7d34aff6d59b7d6de8f91	d__Bacteria; p__Firmicutes; c__Negativicutes; o__Veillonellales-Selenomonadales; f__Veillonellaceae; g__Veillonella; s__uncultured_Firmicutes	0.7340783234165968
da05527d7c8e4ce38f67abaa83b07f81	d__Bacteria; p__Proteobacteria; c__Gammaproteobacteria; o__Pasteurellales; f__Pasteurellaceae	0.9971747238982084
1fe89bfc6eec4c86592239817a34761c	d__Bacteria; p__Proteobacteria; c__Alphaproteobacteria; o__Rhizobiales; f__Xanthobacteraceae; g__Xanthobacter; s__Xanthobacter_agilis	0.9078598694028553
80f172b64f4c452d08a878da9f3e4da1	d__Bacteria; p__Proteobacteria; c__Gammaproteobacteria; o__Pseudomonadales; f__Pseudomonadaceae; g__Pseudomonas	0.9540508533963086
eb56273d17878714c1e3e2a2be8df71a	d__Bacteria; p__Bacteroidota; c__Bacteroidia; o__Flavobacteriales; f__Weeksellaceae; g__Chryseobacterium	0.9999612315859208
63fc1ebd2811671c19f806d5ec0756f8	d__Bacteria; p__Firmicutes; c__Clostridia; o__Peptostreptococcales-Tissierellales; f__Peptostreptococcales-Tissierellales; g__Finegoldia	0.9999999998029123
81b9c85f8853fca3160b2ada18d7af22	d__Bacteria; p__Cyanobacteria; c__Cyanobacteriia; o__Chloroplast; f__Chloroplast; g__Chloroplast	0.9999999999992463
380afbddf61a69f9d0d32771ab8dd5d0	d__Bacteria; p__Actinobacteriota; c__Actinobacteria	0.8870651894484265
cef7d709d35b531a0abaffe91736a489	d__Bacteria; p__Actinobacteriota; c__Actinobacteria; o__Propionibacteriales; f__Propionibacteriaceae; g__Cutibacterium	0.9994838652077584
1fb551c39171ee819b8804e9439f4109	d__Bacteria; p__Entotheonellaeota; c__Entotheonellia; o__Entotheonellales; f__Entotheonellaceae; g__Candidatus_Entotheonella; s__uncultured_Candidatus	0.9956736778387844
bd1a339acc0601bf7be340d65d078397	d__Eukaryota; p__Basidiomycota; c__Microbotryomycetes; o__Sporidiobolales; f__Sporidiobolaceae; g__Rhodotorula; s__Rhodotorula_glutinis	0.9338868201647708
b290c313916c645d87e844ba003e992a	d__Bacteria; p__Firmicutes; c__Bacilli; o__Lactobacillales; f__Streptococcaceae; g__Streptococcus	0.9999870134921965
2368504dbffc51a4fd1ac96ef8eab629	d__Bacteria; p__Actinobacteriota; c__Acidimicrobiia; o__Microtrichales; f__Ilumatobacteraceae; g__Ilumatobacter	0.9597166406860089
17d096d09cd4e105b409eca41e371083	d__Bacteria; p__Firmicutes	0.9979218835002206
f1f1888c6bf15b52ab31d4841da0b8e6	d__Bacteria; p__Proteobacteria; c__Gammaproteobacteria	0.9995099126054445
fc333f6000eef1916e52474439d8d7cf	d__Bacteria; p__Fusobacteriota; c__Fusobacteriia; o__Fusobacteriales; f__Leptotrichiaceae; g__Leptotrichia; s__Leptotrichia_shahii	0.9790002109435383
51b733981054be97414bea50a3dc83dd	d__Bacteria; p__Actinobacteriota; c__Actinobacteria; o__Micrococcales	0.9906489275052601
122129cb49406e64eca8f77cba164f55	d__Bacteria; p__Cyanobacteria; c__Cyanobacteriia; o__Chloroplast; f__Chloroplast; g__Chloroplast	0.9236153552861839
3df343b2da7223b13df6ece2fe58fb68	d__Bacteria; p__Actinobacteriota; c__Actinobacteria; o__Propionibacteriales; f__Propionibacteriaceae; g__Cutibacterium	0.9957601557470768
15189bf0780c17b9d2d1fce53dd1b9bc	d__Bacteria; p__Actinobacteriota; c__Actinobacteria; o__Propionibacteriales; f__Propionibacteriaceae; g__Cutibacterium	0.999375706604831
225af03c94d90c2308b1c1e815e87707	d__Bacteria; p__Actinobacteriota; c__Actinobacteria; o__Propionibacteriales; f__Propionibacteriaceae; g__Cutibacterium	0.996298882729514
68c4247ec6bd15b08879b8d784babe02	d__Bacteria; p__Bacteroidota; c__Bacteroidia; o__Bacteroidales; f__Prevotellaceae; g__Prevotella; s__Prevotella_nanceiensis	0.9799268035309233
f7b0e710e4c1595959ee4a4b685715e3	d__Bacteria; p__Actinobacteriota; c__Actinobacteria; o__Propionibacteriales; f__Propionibacteriaceae; g__Cutibacterium	0.9995165629708949
553fa7f95e57c46102422c0162209ae8	d__Bacteria; p__Firmicutes; c__Clostridia; o__Clostridia_UCG-014; f__Clostridia_UCG-014; g__Clostridia_UCG-014	0.9999790420864884
1a688337ae4d611e138359140f2a7abc	d__Bacteria; p__Proteobacteria; c__Gammaproteobacteria; o__Pseudomonadales; f__Pseudomonadaceae; g__Pseudomonas	0.978726088292002
b539969d5cb0a9de4a09dde75af9b51d	d__Bacteria; p__Proteobacteria; c__Gammaproteobacteria; o__Pseudomonadales; f__Moraxellaceae; g__Enhydrobacter	0.8473766247702345
166652be92c17b042bd4e3fd7a17d042	d__Bacteria; p__Planctomycetota; c__Planctomycetes; o__Isosphaerales; f__Isosphaeraceae	0.9999999993678147
a317f57e404a2c290da909058ef27881	d__Bacteria; p__Bacteroidota; c__Bacteroidia; o__Cytophagales; f__Hymenobacteraceae; g__Hymenobacter; s__Hymenobacter_gelipurpurascens	0.8649653279503616
6ab24a4a6ee261191767aef902971bfb	d__Bacteria; p__Patescibacteria; c__Gracilibacteria; o__Candidatus_Peribacteria; f__Candidatus_Peribacteria; g__Candidatus_Peribacteria; s__uncultured_bacterium	0.999970752989723
ccf68efd4c633bac31046ec89ae63e4d	d__Bacteria; p__Bacteroidota; c__Rhodothermia; o__Balneolales; f__Balneolaceae; g__uncultured; s__uncultured_bacterium	0.7539218489791105
